city,event_id,native_row_id,event_datetime_local,event_date,report_datetime,native_offense,native_code,native_description,common_category,primary_included,broad_included,attempt_status,latitude,longitude,address_raw,source_file,source_row_index,coordinate_precision_flag,available_before_2025_by_report_date,duplicate_rule,coordinate_conflict
Rochester,rochester:2024-00160586,5867,2024-07-11T12:00:00-04:00,2024-07-11,2024-07-15T14:35:00-04:00,Burglary,140.25,BURGLARY 2ND DEGREE: ILLEGAL ENTRY- DWELLING,burglary,1,1,Completed,43.16711399971803,-77.64118650055865,114 MYRTLE ST,data/raw/rochester/page_0001000.json,819,public_geocode_unverified,True,one_city_case; robbery>burglary>larceny>other,False
Rochester,rochester:2025-00221944,9946,2025-10-01T15:38:00-04:00,2025-10-01,2025-10-01T15:38:00-04:00,Motor Vehicle Theft,165.05,UNAUTH USE VEH W/O OWNR CONST,other,0,0,Completed,43.14684599974931,-77.63304599961167,234 DR SAMUEL MCCREE WAY,data/raw/rochester/page_0002000.json,312,public_geocode_unverified,False,one_city_case; robbery>burglary>larceny>other,False
Rochester,rochester:2024-00293963,26869,2024-12-26T18:55:00-05:00,2024-12-26,2024-12-26T19:02:00-05:00,Burglary,140.25,BURGLARY 2ND DEGREE: ILLEGAL ENTRY- DWELLING,burglary,1,1,Completed,43.13593800042548,-77.63649299973946,8 W HIGH TER,data/raw/rochester/page_0003000.json,939,public_geocode_unverified,True,one_city_case; robbery>burglary>larceny>other,False
Rochester,rochester:2025-00223425,28490,2025-10-03T06:44:00-04:00,2025-10-03,2025-10-03T10:01:00-04:00,Larceny,155.25,PETIT LARCENY,larceny,0,1,Completed,43.185699000015056,-77.62155749956159,91 JEWEL ST,data/raw/rochester/page_0004000.json,77,public_geocode_unverified,False,one_city_case; robbery>burglary>larceny>other,False
Rochester,rochester:2024-00191922,29390,2024-08-21T05:00:00-04:00,2024-08-21,2024-08-21T05:00:00-04:00,Motor Vehicle Theft,155.30,GRAND LARCENY  AUTO OVER $100,other,0,0,Attempted,43.13632499968057,-77.62411350061149,1074 EXCHANGE ST,data/raw/rochester/page_0004000.json,173,public_geocode_unverified,True,one_city_case; robbery>burglary>larceny>other,False
Rochester,rochester:2025-00244020,31647,2025-10-28T08:47:00-04:00,2025-10-28,2025-10-28T10:00:00-04:00,Larceny,155.25,PETIT LARCENY,larceny,0,1,Completed,43.155431999794,-77.60627549945279,75 S CLINTON AVE,data/raw/rochester/page_0004000.json,393,public_geocode_unverified,False,one_city_case; robbery>burglary>larceny>other,False
Rochester,rochester:2024-00214878,35681,2024-09-15T15:34:00-04:00,2024-09-15,2024-09-16T13:10:00-04:00,Larceny,155.25,PETIT LARCENY,larceny,0,1,Completed,43.140212999652,-77.58286650009342,993 MONROE AVE,data/raw/rochester/page_0004000.json,806,public_geocode_unverified,True,one_city_case; robbery>burglary>larceny>other,False
Rochester,rochester:2025-00205623,35960,2025-09-13T19:00:00-04:00,2025-09-13,2025-09-13T19:15:00-04:00,Larceny,155.25,PETIT LARCENY,larceny,0,1,Completed,43.13157299962604,-77.62128750004511,500 JOSEPH C WILSON BLVD,data/raw/rochester/page_0004000.json,860,public_geocode_unverified,False,one_city_case; robbery>burglary>larceny>other,False
Rochester,rochester:2025-00060235,36340,2025-03-27T14:00:00-04:00,2025-03-27,2025-03-27T14:33:00-04:00,Aggravated Assault,120.14,MENACING-2ND - WEAPON,other,0,0,Completed,43.17498899982716,-77.63891399981524,353 RAVINE AVE,data/raw/rochester/page_0004000.json,901,public_geocode_unverified,False,one_city_case; robbery>burglary>larceny>other,False
Rochester,rochester:2024-00249707,37094,2024-10-27T00:00:00-04:00,2024-10-27,2024-10-27T12:09:00-04:00,Aggravated Assault,120.05,ASSAULT 2ND-  WITH INTENT CAUSE SERIOUS PHYSICAL INJURY,other,0,0,Completed,43.1752409997756,-77.59170000060561,515 PORTLAND AVE,data/raw/rochester/page_0004000.json,947,public_geocode_unverified,True,one_city_case; robbery>burglary>larceny>other,False
Rochester,rochester:2024-00272576,44484,2024-11-26T04:09:00-05:00,2024-11-26,2024-11-26T04:09:00-05:00,Larceny,155.25,PETIT LARCENY,larceny,0,1,Attempted,43.1838900003617,-77.59372950006455,63 CHEVALIN ST,data/raw/rochester/page_0005000.json,619,public_geocode_unverified,True,one_city_case; robbery>burglary>larceny>other,False
Rochester,rochester:2024-00092859,47157,2024-05-04T01:33:00-04:00,2024-05-04,2024-05-04T01:35:00-04:00,Murder,125.25,MURDER  INTENTION,other,0,0,Completed,43.164432000021165,-77.64385949966587,525 LYELL AVE,data/raw/rochester/page_0005000.json,902,public_geocode_unverified,True,one_city_case; robbery>burglary>larceny>other,False
Rochester,rochester:2024-00092859,47158,2024-05-04T01:33:00-04:00,2024-05-04,2024-05-04T01:35:00-04:00,Murder,125.25,MURDER  INTENTION,other,0,0,Completed,43.164432000021165,-77.64385949966587,525 LYELL AVE,data/raw/rochester/page_0005000.json,903,public_geocode_unverified,True,one_city_case; robbery>burglary>larceny>other,False
Rochester,rochester:2024-00184734,51311,2024-08-07T01:00:00-04:00,2024-08-07,2024-08-12T15:13:00-04:00,Motor Vehicle Theft,155.30,GRAND LARCENY  AUTO OVER $100,other,0,0,Completed,43.193160000421386,-77.5995075002719,1460 HUDSON AVE,data/raw/rochester/page_0006000.json,343,public_geocode_unverified,True,one_city_case; robbery>burglary>larceny>other,False
Rochester,rochester:2024-00003056,59815,2024-01-05T02:10:00-05:00,2024-01-05,2024-01-05T02:10:00-05:00,Aggravated Assault,120.05,ASLT 2ND DEG: W/INTENT TO CAUSE PHYSICAL INJURY  W/WEAPON,other,0,0,Completed,43.15895999985612,-77.64705449969465,429 HAGUE ST,data/raw/rochester/page_0007000.json,262,public_geocode_unverified,True,one_city_case; robbery>burglary>larceny>other,False
Rochester,rochester:2024-00003056,59816,2024-01-05T02:10:00-05:00,2024-01-05,2024-01-05T02:10:00-05:00,Aggravated Assault,120.05,ASLT 2ND DEG: W/INTENT TO CAUSE PHYSICAL INJURY  W/WEAPON,other,0,0,Completed,43.15895999985612,-77.64705449969465,429 HAGUE ST,data/raw/rochester/page_0007000.json,263,public_geocode_unverified,True,one_city_case; robbery>burglary>larceny>other,False
Rochester,rochester:2024-00094279,62338,2024-05-05T21:34:00-04:00,2024-05-05,2024-05-06T21:34:00-04:00,Aggravated Assault,120.05,ASLT 2ND DEG: W/INTENT TO CAUSE PHYSICAL INJURY  W/WEAPON,other,0,0,Completed,43.129620000027394,-77.63699250054668,1043 GENESEE ST,data/raw/rochester/page_0007000.json,488,public_geocode_unverified,True,one_city_case; robbery>burglary>larceny>other,False
Rochester,rochester:2024-00094279,62339,2024-05-05T21:34:00-04:00,2024-05-05,2024-05-06T21:34:00-04:00,Aggravated Assault,120.05,ASLT 2ND DEG: W/INTENT TO CAUSE PHYSICAL INJURY  W/WEAPON,other,0,0,Completed,43.129620000027394,-77.63699250054668,1043 GENESEE ST,data/raw/rochester/page_0007000.json,489,public_geocode_unverified,True,one_city_case; robbery>burglary>larceny>other,False
Rochester,rochester:2024-00094279,62340,2024-05-05T21:34:00-04:00,2024-05-05,2024-05-06T21:34:00-04:00,Aggravated Assault,120.05,ASLT 2ND DEG: W/INTENT TO CAUSE PHYSICAL INJURY  W/WEAPON,other,0,0,Completed,43.129620000027394,-77.63699250054668,1043 GENESEE ST,data/raw/rochester/page_0007000.json,490,public_geocode_unverified,True,one_city_case; robbery>burglary>larceny>other,False
Rochester,rochester:2024-00046362,72044,2024-03-05T14:01:00-05:00,2024-03-05,2024-03-05T14:01:00-05:00,Aggravated Assault,120.14,MENACING-2ND - WEAPON,other,0,0,Completed,43.17218100002524,-77.58489599974786,13 ENGLERT ST,data/raw/rochester/page_0008000.json,385,public_geocode_unverified,True,one_city_case; robbery>burglary>larceny>other,False
Rochester,rochester:2025-00024602,72304,2025-02-05T20:45:00-05:00,2025-02-05,2025-02-05T20:45:00-05:00,Robbery,160.15,ROB 1ST/DISPLAY FIREARM,robbery,1,1,Completed,43.1315910004413,-77.65059600008719,670 THURSTON ROAD,data/raw/rochester/page_0008000.json,413,public_geocode_unverified,False,one_city_case; robbery>burglary>larceny>other,False
Rochester,rochester:2024-00107360,72400,2024-05-20T02:16:00-04:00,2024-05-20,2024-05-20T06:23:00-04:00,Aggravated Assault,120.05,ASSAULT ON NON-PARTIC DUR FELY,other,0,0,Completed,43.143057000106026,-77.65546499964049,150 DEVONSHIRE CT,data/raw/rochester/page_0008000.json,418,public_geocode_unverified,True,one_city_case; robbery>burglary>larceny>other,False
Rochester,rochester:2024-00079494,80515,2024-04-18T18:30:00-04:00,2024-04-18,2024-04-18T18:30:00-04:00,Aggravated Assault,120.00,ASSAULT 3RD: CRIM NEGLIGENCE CAUSE INJURY W/WEAP,other,0,0,Completed,43.19815500005394,-77.63595750019553,279 W RIDGE ROAD,data/raw/rochester/page_0009000.json,246,public_geocode_unverified,True,one_city_case; robbery>burglary>larceny>other,False
Rochester,rochester:2024-00176671,83386,2024-08-03T15:25:00-04:00,2024-08-03,2024-08-03T15:25:00-04:00,Aggravated Assault,120.14,MENACING-2ND - WEAPON,other,0,0,Completed,43.18422299968824,-77.59314000019086,84 CHEVALIN ST,data/raw/rochester/page_0009000.json,485,public_geocode_unverified,True,one_city_case; robbery>burglary>larceny>other,False
Rochester,rochester:2024-00202732,88763,2024-09-01T12:12:00-04:00,2024-09-01,2024-09-02T08:01:00-04:00,Burglary,140.25,BURGLARY 2ND DEGREE: ILLEGAL ENTRY- DWELLING,burglary,1,1,Attempted,43.18617599976862,-77.63052599999595,1120 LAKE AVE,data/raw/rochester/page_0009000.json,923,public_geocode_unverified,True,one_city_case; robbery>burglary>larceny>other,False
Rochester,rochester:2024-00165737,93196,2024-07-22T11:57:00-04:00,2024-07-22,2024-07-22T11:57:00-04:00,Aggravated Assault,120.14,MENACING-2ND - WEAPON,other,0,0,Completed,43.17410699985355,-77.61626549959931,92 EVERGREEN ST,data/raw/rochester/page_0010000.json,364,public_geocode_unverified,True,one_city_case; robbery>burglary>larceny>other,False
Rochester,rochester:2025-00222516,96257,2025-10-01T21:00:00-04:00,2025-10-01,2025-10-02T08:30:00-04:00,Larceny,155.25,PETIT LARCENY,larceny,0,1,Completed,43.160138999615775,-77.63822999999104,18 KONDOLF ST,data/raw/rochester/page_0010000.json,664,public_geocode_unverified,False,one_city_case; robbery>burglary>larceny>other,False
Rochester,rochester:2025-00224135,96797,2025-10-04T06:59:00-04:00,2025-10-04,2025-10-04T06:59:00-04:00,Burglary,140.25,BURGLARY 2ND DEGREE: ILLEGAL ENTRY- DWELLING,burglary,1,1,Completed,43.169778000364936,-77.58269099952669,157 SIXTH ST,data/raw/rochester/page_0010000.json,715,public_geocode_unverified,False,one_city_case; robbery>burglary>larceny>other,False
Rochester,rochester:2025-00116206,102848,2025-06-04T05:54:00-04:00,2025-06-04,2025-06-04T05:54:00-04:00,Robbery,160.15,ROB  FORCBLE THEFT W/USE-INSTRM,robbery,1,1,Completed,43.131474000115915,-77.60857949978117,171 RESERVOIR AVE,data/raw/rochester/page_0011000.json,390,public_geocode_unverified,False,one_city_case; robbery>burglary>larceny>other,False
Rochester,rochester:2025-00193298,108485,2025-08-30T14:30:00-04:00,2025-08-30,2025-08-30T14:36:00-04:00,Larceny,155.25,PETIT LARCENY,larceny,0,1,Completed,43.14650399958357,-77.5570995001228,1750 EAST AVE,data/raw/rochester/page_0011000.json,917,public_geocode_unverified,False,one_city_case; robbery>burglary>larceny>other,False
Rochester,rochester:2024-00042703,117594,2024-02-29T19:48:00-05:00,2024-02-29,2024-02-29T19:48:00-05:00,Robbery,160.15,ROB  FORCBLE THEFT W/USE-INSTRM,robbery,1,1,Completed,43.1757990004164,-77.57188649941212,1865 CLIFFORD AVE,data/raw/rochester/page_0012000.json,817,public_geocode_unverified,True,one_city_case; robbery>burglary>larceny>other,False
Rochester,rochester:2024-00053307,128577,2024-03-15T01:57:00-04:00,2024-03-15,2024-03-15T01:57:00-04:00,Robbery,160.10,ROBBERY 2ND/AIDED BY ANOTHER,robbery,1,1,Completed,43.19120699996764,-77.6303549996039,1361 LAKE AVE,data/raw/rochester/page_0013000.json,846,public_geocode_unverified,True,one_city_case; robbery>burglary>larceny>other,False
Rochester,rochester:2024-00059820,131578,2024-03-23T22:00:00-04:00,2024-03-23,2024-03-23T22:20:00-04:00,Robbery,160.15,ROB  FORCBLE THEFT W/DEDLY WEAP,robbery,1,1,Completed,43.164512999740374,-77.6302020005081,215 LYELL AVE,data/raw/rochester/page_0014000.json,124,public_geocode_unverified,True,one_city_case; robbery>burglary>larceny>other,False
