file,column,description,example,blank_means
atm_panel_2025_historical.csv / atm_panel_2025_full_year.csv,city,"Spatial municipal assignment, not postal city name.",New York City,"unknown/not observed, never zero"
atm_panel_2025_historical.csv / atm_panel_2025_full_year.csv,site_id,"SHA-256-derived identifier of city, normalized address and exact coordinate; stable only under unchanged address/coordinate.",dfs_09dc1cdf11a17fc2,"unknown/not observed, never zero"
atm_panel_2025_historical.csv / atm_panel_2025_full_year.csv,site_cluster_id,Connected component of sites within 10 metres; distinct addresses need facility adjudication.,cluster_0082b23437e69413,"unknown/not observed, never zero"
atm_panel_2025_historical.csv / atm_panel_2025_full_year.csv,latitude,WGS84 latitude in decimal degrees; never city-centre substituted.,40.58615,"unknown/not observed, never zero"
atm_panel_2025_historical.csv / atm_panel_2025_full_year.csv,longitude,WGS84 longitude in decimal degrees; negative is west.,-73.95206,"unknown/not observed, never zero"
atm_panel_2025_historical.csv / atm_panel_2025_full_year.csv,address_raw,Unmodified source address used to construct the site identity.,1672 Sheepshead Bay Road,"unknown/not observed, never zero"
atm_panel_2025_historical.csv / atm_panel_2025_full_year.csv,institution_raw,Institution string retained from the source snapshot; may change over time.,Astoria Bank,"unknown/not observed, never zero"
atm_panel_2025_historical.csv / atm_panel_2025_full_year.csv,supported_days_2025,"Days bracketed by consecutive snapshots containing this exact site, assuming continuity; not known operating days.",140,"unknown/not observed, never zero"
atm_panel_2025_historical.csv / atm_panel_2025_full_year.csv,cluster_site_count,Number of distinct site IDs in the 10 m cluster; does not establish they are one facility.,1,"unknown/not observed, never zero"
atm_panel_2025_historical.csv / atm_panel_2025_full_year.csv,first_observed_snapshot,"Earliest downloaded snapshot listing this exact identity, not opening date.",2024-12-15,"unknown/not observed, never zero"
atm_panel_2025_historical.csv / atm_panel_2025_full_year.csv,last_observed_snapshot,"Latest downloaded snapshot listing this exact identity, not closing date.",2025-05-21,"unknown/not observed, never zero"
atm_panel_2025_historical.csv / atm_panel_2025_full_year.csv,outcome_year,2025; count only inside the site exposure intervals.,2025,"unknown/not observed, never zero"
atm_panel_2025_historical.csv / atm_panel_2025_full_year.csv,background_year,2024; excludes all 2025 outcome events.,2024,"unknown/not observed, never zero"
atm_panel_2025_historical.csv / atm_panel_2025_full_year.csv,full_year_exposure_supported,True only for 365 supported days during 2025.,False,"unknown/not observed, never zero"
atm_panel_2025_historical.csv / atm_panel_2025_full_year.csv,exposure_fraction,supported_days_2025 / 365.,0.3835616438356164,"unknown/not observed, never zero"
atm_panel_2025_historical.csv / atm_panel_2025_full_year.csv,exposure_assumption,Assumption required to infer interval activity between adjacent snapshots.,continuous_between_adjacent_positive_snapshots,"unknown/not observed, never zero"
atm_panel_2025_historical.csv / atm_panel_2025_full_year.csv,analysis_status,Computationally built; scientific review status remains explicit.,historical_snapshot_supported; independent_QA_pending,"unknown/not observed, never zero"
atm_panel_2025_historical.csv / atm_panel_2025_full_year.csv,confirmatory_eligible,"False until independent codebook, facility and linkage review and precision assessment pass.",False,"unknown/not observed, never zero"
atm_panel_2025_historical.csv / atm_panel_2025_full_year.csv,actual_active_days,Blank: actual machine operating days are not observed.,,"unknown/not observed, never zero"
atm_panel_2025_historical.csv / atm_panel_2025_full_year.csv,actual_opening_date,Blank: first snapshot appearance does not establish opening date.,,"unknown/not observed, never zero"
atm_panel_2025_historical.csv / atm_panel_2025_full_year.csv,actual_closing_date,Blank: last snapshot appearance does not establish closing date.,,"unknown/not observed, never zero"
atm_panel_2025_historical.csv / atm_panel_2025_full_year.csv,primary_count_25m,Distinct city case count within indicated radius and supported 2025 intervals; primary=robbery+burglary; broad adds non-explicitly-financial larceny.,0,"unknown/not observed, never zero"
atm_panel_2025_historical.csv / atm_panel_2025_full_year.csv,broad_count_25m,Distinct city case count within indicated radius and supported 2025 intervals; primary=robbery+burglary; broad adds non-explicitly-financial larceny.,0,"unknown/not observed, never zero"
atm_panel_2025_historical.csv / atm_panel_2025_full_year.csv,robbery_count_25m,Distinct city case count within indicated radius and supported 2025 intervals; primary=robbery+burglary; broad adds non-explicitly-financial larceny.,0,"unknown/not observed, never zero"
atm_panel_2025_historical.csv / atm_panel_2025_full_year.csv,burglary_count_25m,Distinct city case count within indicated radius and supported 2025 intervals; primary=robbery+burglary; broad adds non-explicitly-financial larceny.,0,"unknown/not observed, never zero"
atm_panel_2025_historical.csv / atm_panel_2025_full_year.csv,primary_nearest_count_25m,Count assigning each primary case only to its nearest exposure-eligible site within the indicated radius.,0,"unknown/not observed, never zero"
atm_panel_2025_historical.csv / atm_panel_2025_full_year.csv,primary_any_25m,Binary presence of at least one qualifying robbery/burglary within the indicated radius during supported 2025 intervals.,0,"unknown/not observed, never zero"
atm_panel_2025_historical.csv / atm_panel_2025_full_year.csv,primary_count_50m,Distinct city case count within indicated radius and supported 2025 intervals; primary=robbery+burglary; broad adds non-explicitly-financial larceny.,3,"unknown/not observed, never zero"
atm_panel_2025_historical.csv / atm_panel_2025_full_year.csv,broad_count_50m,Distinct city case count within indicated radius and supported 2025 intervals; primary=robbery+burglary; broad adds non-explicitly-financial larceny.,3,"unknown/not observed, never zero"
atm_panel_2025_historical.csv / atm_panel_2025_full_year.csv,robbery_count_50m,Distinct city case count within indicated radius and supported 2025 intervals; primary=robbery+burglary; broad adds non-explicitly-financial larceny.,0,"unknown/not observed, never zero"
atm_panel_2025_historical.csv / atm_panel_2025_full_year.csv,burglary_count_50m,Distinct city case count within indicated radius and supported 2025 intervals; primary=robbery+burglary; broad adds non-explicitly-financial larceny.,3,"unknown/not observed, never zero"
atm_panel_2025_historical.csv / atm_panel_2025_full_year.csv,primary_nearest_count_50m,Count assigning each primary case only to its nearest exposure-eligible site within the indicated radius.,0,"unknown/not observed, never zero"
atm_panel_2025_historical.csv / atm_panel_2025_full_year.csv,primary_any_50m,Binary presence of at least one qualifying robbery/burglary within the indicated radius during supported 2025 intervals.,1,"unknown/not observed, never zero"
atm_panel_2025_historical.csv / atm_panel_2025_full_year.csv,primary_count_100m,Distinct city case count within indicated radius and supported 2025 intervals; primary=robbery+burglary; broad adds non-explicitly-financial larceny.,3,"unknown/not observed, never zero"
atm_panel_2025_historical.csv / atm_panel_2025_full_year.csv,broad_count_100m,Distinct city case count within indicated radius and supported 2025 intervals; primary=robbery+burglary; broad adds non-explicitly-financial larceny.,6,"unknown/not observed, never zero"
atm_panel_2025_historical.csv / atm_panel_2025_full_year.csv,robbery_count_100m,Distinct city case count within indicated radius and supported 2025 intervals; primary=robbery+burglary; broad adds non-explicitly-financial larceny.,0,"unknown/not observed, never zero"
atm_panel_2025_historical.csv / atm_panel_2025_full_year.csv,burglary_count_100m,Distinct city case count within indicated radius and supported 2025 intervals; primary=robbery+burglary; broad adds non-explicitly-financial larceny.,3,"unknown/not observed, never zero"
atm_panel_2025_historical.csv / atm_panel_2025_full_year.csv,primary_nearest_count_100m,Count assigning each primary case only to its nearest exposure-eligible site within the indicated radius.,0,"unknown/not observed, never zero"
atm_panel_2025_historical.csv / atm_panel_2025_full_year.csv,primary_any_100m,Binary presence of at least one qualifying robbery/burglary within the indicated radius during supported 2025 intervals.,1,"unknown/not observed, never zero"
atm_panel_2025_historical.csv / atm_panel_2025_full_year.csv,background_broad_2024_200_500m,Broad primary+larceny baseline; coarse theft is exploratory.,191,"unknown/not observed, never zero"
atm_panel_2025_historical.csv / atm_panel_2025_full_year.csv,background_primary_2024_200_500m,Distinct 2024 robbery/burglary case IDs at geodesic distance >200 m and <=500 m.,28,"unknown/not observed, never zero"
atm_panel_2025_historical.csv / atm_panel_2025_full_year.csv,background_primary_reported_before_2025,Same baseline restricted by source report timestamp; Buffalo uses created_at proxy. Current revisions still possible.,28,"unknown/not observed, never zero"
atm_panel_2025_historical.csv / atm_panel_2025_full_year.csv,coordinate_precision_flag,Buffalo rounded/block-address coordinates can be too coarse for a 50 m outcome.,public_geocode_unverified,"unknown/not observed, never zero"
atm_panel_2025_historical.csv / atm_panel_2025_full_year.csv,background_vintage_status,Later record revisions cannot be ruled out using a current historical extract.,latest_extract_not_historical_as_of_database,"unknown/not observed, never zero"
