city,previous_snapshot,next_snapshot,old_site_id,new_site_id,old_address,new_address,old_latitude,old_longitude,new_latitude,new_longitude,distance_m,same_normalized_address,same_exact_coordinates,reviewer_decision,auto_merged
New York City,2025-01-15,2025-02-19,dfs_0575cf6c2bf03ae0,dfs_b12bcee59d956caf,882 First Avenue,882 First Avenue,40.75372,-73.96626,40.75371,-73.96627,1.3951,True,False,PENDING,False
New York City,2025-01-15,2025-02-19,dfs_5c0921d8a7f2d6a0,dfs_9578086b8a386644,156-19 Cross Bay Boulevard,156-19 Cross Bay Boulevard,40.66353,-73.84044,40.66353,-73.84086,35.5159,True,False,PENDING,False
New York City,2025-01-15,2025-02-19,dfs_dae7a55bdec87320,dfs_daa2ef403cadbd78,441 East Fordham Road,441 East Fordham Road,40.86019,-73.88965,40.86099,-73.88999,93.3513,True,False,PENDING,False
New York City,2025-01-15,2025-02-19,dfs_e7f984fc35ba740d,dfs_cdb70df74dbf3fe4,309 Canal Street,309 Canal Street,40.71983,-74.00249,40.71982,-74.00249,1.1105,True,False,PENDING,False
New York City,2025-01-15,2025-02-19,dfs_cac13f5ce6d67410,dfs_c586d8cb24f153ad,35-31 Francis Lewis Boulevard,35-31 Francis Lewis Boulevard,40.76283,-73.78572,40.76286,-73.78576,4.744,True,False,PENDING,False
New York City,2025-01-15,2025-02-19,dfs_9cbed4e495654c65,dfs_48374abb9dcd4f9a,35-02 Broadway,35-02 Broadway,40.7604,-73.92203,40.76042,-73.92207,4.0424,True,False,PENDING,False
New York City,2025-01-15,2025-02-19,dfs_32a485301c591bda,dfs_687dc63396c36978,1200 Waters Place,1200 Waters Place,40.84416,-73.8398,40.85196,-73.83711,895.4082,True,False,PENDING,False
New York City,2025-01-15,2025-02-19,dfs_f2ea2f6dd4a874fc,dfs_4b3e56d6ffc68e83,15633 Cross Bay Boulevard,15633 Cross Bay Boulevard,40.66311,-73.84029,40.66299,-73.84072,38.7266,True,False,PENDING,False
New York City,2025-01-15,2025-02-19,dfs_78bd833789d93793,dfs_eec617b030204211,101-25 Queens Boulevard,101-25 Queens Boulevard,40.72655,-73.85215,40.72658,-73.85221,6.0657,True,False,PENDING,False
Buffalo,2025-01-15,2025-02-19,dfs_81686564b0b3532e,dfs_a14abf45b6d87f28,2157 Main Street,2157 Main Street,42.92864,-78.84927,42.92895,-78.84788,118.5836,True,False,PENDING,False
New York City,2025-01-15,2025-02-19,dfs_1c2f8aeb4a343b48,dfs_8eba9ad74c3ad2ef,155 Canal Street,155 Canal Street,40.71634,-73.99638,40.71635,-73.99638,1.1105,True,False,PENDING,False
New York City,2025-01-15,2025-02-19,dfs_ffc7cb9f0b188970,dfs_e0ba8638f39f3277,6266 Fresh Pond Road,6266 Fresh Pond Road,40.71248,-73.90078,40.71235,-73.90043,32.9102,True,False,PENDING,False
New York City,2025-03-15,2025-04-15,dfs_07ab1a453ad10ce0,dfs_da44c16c38071b80,1633 Broadway,1633 Broadway,40.76176,-73.98384,40.76179,-73.98382,3.7351,True,False,PENDING,False
New York City,2025-04-15,2025-05-21,dfs_f16f0372431d6a40,dfs_dbcb4023b53481ce,83-24 Woodhaven Boulevard,83-24 Woodhaven Boulevard,40.70244,-73.85538,40.70241,-73.8556,18.8888,True,False,PENDING,False
Buffalo,2025-04-15,2025-05-21,dfs_73501d2380cdf6cb,dfs_b87720ec49f031d6,257 West Genesee Street,257 West Genesee Street,42.88599,-78.88286,42.88608,-78.88271,15.8151,True,False,PENDING,False
Buffalo,2025-04-15,2025-05-21,dfs_4cdf93f33e060d37,dfs_5d7e29267e1f6a2d,65 Niagara Square,65 Niagara Square,42.88653,-78.87875,42.88653,-78.87878,2.4507,True,False,PENDING,False
New York City,2025-04-15,2025-05-21,dfs_fcd33750fed7aba5,dfs_d08bda31387238f0,Chelsea Pier #59,Chelsea Pier #59,40.7459,-74.00845,40.74593,-74.00845,3.3315,True,False,PENDING,False
New York City,2025-04-15,2025-05-21,dfs_fb3f9d0a43dc021a,dfs_c91928fddf686d04,5 Broadway,5 Broadway,40.70513,-74.01388,40.70513,-74.01386,1.6902,True,False,PENDING,False
New York City,2025-04-15,2025-05-21,dfs_b76f1de721511937,dfs_f8dfbeb8b9f1cf29,19-50 37th Street,19-50 37th Street,40.77855,-73.90176,40.77848,-73.90273,82.2519,True,False,PENDING,False
Buffalo,2025-04-15,2025-05-21,dfs_c035b624edba282d,dfs_1c3fd68bd664cabf,1171 East Delavan Avenue,1171 East Delavan Avenue,42.9224,-78.81342,42.92248,-78.81324,17.1741,True,False,PENDING,False
New York City,2025-04-15,2025-05-21,dfs_d183c092a6c80f0f,dfs_b587daa490159ec6,4 Columbus Circle,4 Columbus Circle,40.76767,-73.98209,40.7677,-73.98204,5.3777,True,False,PENDING,False
New York City,2025-04-15,2025-05-21,dfs_bab5f4ce5d29665d,dfs_0c23c3204f786009,211-47 26th Avenue,211-47 26th Avenue,40.77804,-73.77813,40.77851,-73.7779,55.6877,True,False,PENDING,False
New York City,2025-04-15,2025-05-21,dfs_bdc77b590b58d192,dfs_994e40479d0c4f0f,1 Broadway,1 Broadway,40.70486,-74.01403,40.70485,-74.01401,2.0224,True,False,PENDING,False
New York City,2025-04-15,2025-05-21,dfs_daa2ef403cadbd78,dfs_dae7a55bdec87320,441 East Fordham Road,441 East Fordham Road,40.86099,-73.88999,40.86019,-73.88965,93.3513,True,False,PENDING,False
New York City,2025-04-15,2025-05-21,dfs_4ce2023bc1785519,dfs_b488acc7add61614,51-10 Metropolitan Avenue,51-10 Metropolitan Avenue,40.7129,-73.9063,40.71354,-73.91618,837.8678,True,False,PENDING,False
New York City,2025-04-15,2025-05-21,dfs_78f8992693445a17,dfs_780faa0e900efd0f,1st Avenue & 16th Street,1st Avenue & 16th Street,40.72916,-73.98898,40.73717,-73.99228,932.1587,True,False,PENDING,False
New York City,2025-04-15,2025-05-21,dfs_39d3c654ba52acc5,dfs_54af7258b67763e7,10 Columbus Circle,10 Columbus Circle,40.7681,-73.98242,40.76813,-73.9824,3.735,True,False,PENDING,False
New York City,2025-04-15,2025-05-21,dfs_9d93158b2bc13fa4,dfs_14e1b1eab0384fd5,14417 Union Turnpike,14417 Union Turnpike,40.71788,-73.81658,40.71835,-73.81693,59.9884,True,False,PENDING,False
New York City,2025-04-15,2025-05-21,dfs_b6968c10c0da811e,dfs_f0731c800b664ac6,405 Park Avenue,405 Park Avenue,40.75984,-73.97191,40.76189,-73.97067,250.5751,True,False,PENDING,False
New York City,2025-04-15,2025-05-21,dfs_889a2fd632746897,dfs_5e8d2362bc9d73a5,82 10 153rd Avenue,82 10 153rd Avenue,40.66612,-73.85174,40.66738,-73.84448,629.6312,True,False,PENDING,False
New York City,2025-04-15,2025-05-21,dfs_cb50450f8fe19879,dfs_fc8128e0edf09fc2,247-53 Jamaica Avenue,247-53 Jamaica Avenue,40.72581,-73.71934,40.726,-73.7194,21.6996,True,False,PENDING,False
New York City,2025-04-15,2025-05-21,dfs_92235fdce105a703,dfs_a0bad68ec5cabb7a,280 Marsh Avenue,280 Marsh Avenue,40.57854,-74.16381,40.57759,-74.16368,106.0661,True,False,PENDING,False
New York City,2025-04-15,2025-05-21,dfs_7b9a106ca70eb7bf,dfs_14da58f62be11b8f,51-20 Northern Boulevard,51-20 Northern Boulevard,40.75298,-73.90991,40.75216,-73.90958,95.2293,True,False,PENDING,False
New York City,2025-04-15,2025-05-21,dfs_ec5648cf2ff45577,dfs_744419513c8adee5,250 Park Avenue,250 Park Avenue,40.75469,-73.97591,40.75486,-73.97577,22.2747,True,False,PENDING,False
New York City,2025-04-15,2025-05-21,dfs_35ec71bf9b32ac4c,dfs_6c7d10c66a2e5171,42 Broadway,42 Broadway,40.70619,-74.01303,40.70618,-74.01304,1.3955,True,False,PENDING,False
New York City,2025-04-15,2025-05-21,dfs_7c7793c011724125,dfs_cc4f6b0388548e95,300 West 135th Street,300 West 135th Street,40.81682,-73.94728,40.81687,-73.94741,12.2932,True,False,PENDING,False
New York City,2025-04-15,2025-05-21,dfs_f9fa68cd71058463,dfs_171ee4f7ddf5ff5e,45 East 89th Street,45 East 89th Street,40.78277,-73.95735,40.78267,-73.95713,21.6375,True,False,PENDING,False
Rochester,2025-04-15,2025-05-21,dfs_13b555d9b484aee9,dfs_479d171179ffbb65,255 East Avenue,255 East Avenue,43.15589,-77.59769,43.15597,-77.59801,27.5027,True,False,PENDING,False
Buffalo,2025-04-15,2025-05-21,dfs_4e1d9eeb8835fa95,dfs_ff098f069dce3703,447 William Street,447 William Street,42.88498,-78.85405,42.88462,-78.85574,143.7371,True,False,PENDING,False
New York City,2025-04-15,2025-05-21,dfs_31402e9ad6e7e953,dfs_e23c85436ab99131,204 West 4th Street,204 West 4th Street,40.73284,-74.00212,40.73336,-74.00259,70.0773,True,False,PENDING,False
New York City,2025-04-15,2025-05-21,dfs_3a5d7b787b2f1c86,dfs_1f0adca02c75a757,444 5th Avenue,444 5th Avenue,40.66919,-73.98628,40.66936,-73.98614,22.2825,True,False,PENDING,False
Buffalo,2025-04-15,2025-05-21,dfs_71015e03b5964c9f,dfs_0ba8c2c6fb24577f,130 Grant Street,130 Grant Street,42.91745,-78.89082,42.91745,-78.89096,11.431,True,False,PENDING,False
New York City,2025-04-15,2025-05-21,dfs_711cda7250d6734b,dfs_ef246f8646ab7926,1497 Richmond Avenue,1497 Richmond Avenue,40.61159,-74.15959,40.61137,-74.15915,44.5349,True,False,PENDING,False
New York City,2025-04-15,2025-05-21,dfs_887c56dec10c0106,dfs_496b8e8159ff9b31,1646 First Avenue,1646 First Avenue,40.7766,-73.94958,40.77657,-73.9496,3.7349,True,False,PENDING,False
New York City,2025-04-15,2025-05-21,dfs_edbd7d3697437696,dfs_21bd75fcc5008952,210-212 Prospect Park SW,210-212 Prospect Park SW,40.65164,-73.97246,40.65163,-73.97246,1.1105,True,False,PENDING,False
New York City,2025-04-15,2025-05-21,dfs_1feb0378de0737ce,dfs_60aaf712c80b13d7,252 Atlantic Avenue,252 Atlantic Avenue,40.68909,-73.99056,40.68908,-73.99052,3.5589,True,False,PENDING,False
New York City,2025-04-15,2025-05-21,dfs_4f4f9e65d6533d7c,dfs_c53fe394bc0589ab,79-55 Metropolitan Avenue,79-55 Metropolitan Avenue,40.71329,-73.8719,40.71348,-73.87217,31.0754,True,False,PENDING,False
New York City,2025-04-15,2025-05-21,dfs_496b3e3fc825ec4c,dfs_5013e4789ef30039,1864 Williamsbridge Road,1864 Williamsbridge Road,40.85205,-73.85273,40.85212,-73.85239,29.705,True,False,PENDING,False
New York City,2025-04-15,2025-05-21,dfs_704fcf4f09f87db7,dfs_16d62a025094404c,100 West 125th Street,100 West 125th Street,40.8078,-73.94555,40.80789,-73.94578,21.8295,True,False,PENDING,False
New York City,2025-04-15,2025-05-21,dfs_e0ba8638f39f3277,dfs_35cf6c7b9902360a,6266 Fresh Pond Road,6266 Fresh Pond Road,40.71235,-73.90043,40.7122,-73.90054,19.0751,True,False,PENDING,False
New York City,2025-05-21,2025-06-25,dfs_252be5537019291f,dfs_d9309609d7241ef7,413 86th Street,413 86TH ST,40.62256,-74.02799,40.62256,-74.02799,0.0,False,True,PENDING,False
New York City,2025-05-21,2025-06-25,dfs_c0f872c323e78132,dfs_c5a4e8e0d41bf55e,138-02 NORTHERN BOULEVARD1,138-02 Northern Boulevard,40.76392,-73.82792,40.76392,-73.82792,0.0,False,True,PENDING,False
New York City,2025-05-21,2025-06-25,dfs_0400bd341ac2618e,dfs_7fde2ab3a4512040,46-08 Francis Lewis Boulevard,46-08 Francis Lewis Blvd,40.75423,-73.7816,40.75423,-73.7816,0.0,False,True,PENDING,False
Buffalo,2025-05-21,2025-06-25,dfs_0275d22fbd4de4aa,dfs_c26e789a1b390638,62 South Elmwood Avenue,62 SOUTH ELMWOOD AVE,42.88716,-78.88003,42.88716,-78.88003,0.0,False,True,PENDING,False
New York City,2025-05-21,2025-06-25,dfs_5eb9e44cfdd07f18,dfs_fea9d2a2e7f882bb,29 Broadway,29 Broadway,40.70599,-74.01319,40.706,-74.01318,1.3955,True,False,PENDING,False
New York City,2025-05-21,2025-06-25,dfs_aca5e91cfdc659b8,dfs_6932a48a71b576f7,153-17 Cross Island Parkway,153-17 Cross Island Pkwy,40.78745,-73.80898,40.78745,-73.80898,0.0,False,True,PENDING,False
New York City,2025-05-21,2025-06-25,dfs_6e38689a5e16fcf6,dfs_40d2c1f54bdfc3d1,470 Park Avenue,470 Park Avenue South,40.74561,-73.98247,40.74561,-73.98247,0.0,False,True,PENDING,False
New York City,2025-05-21,2025-06-25,dfs_5aa840524e04b320,dfs_78502a64c5fce5e2,299 Park Avenue,299 PARK AVE,40.75611,-73.97461,40.75611,-73.97461,0.0,False,True,PENDING,False
New York City,2025-05-21,2025-06-25,dfs_a8cc4e591ebb5183,dfs_28c17ad5a76bbdb8,459 Fifth Avenue,459 5th Avenue,40.66868,-73.9867,40.66868,-73.9867,0.0,False,True,PENDING,False
New York City,2025-05-21,2025-06-25,dfs_1c3d8c9281692e56,dfs_bc1c0e9c2a7c6fe5,101 East 170th Street,101 E170TH ST,40.83941,-73.91556,40.83941,-73.91556,0.0,False,True,PENDING,False
New York City,2025-05-21,2025-06-25,dfs_ecd98c13eeba835d,dfs_6afd5dd73800c5b2,60-20 Woodside Avenue,60-20 Woodside Ave,40.74451,-73.90386,40.74451,-73.90386,0.0,False,True,PENDING,False
New York City,2025-05-21,2025-06-25,dfs_db03243aca301d35,dfs_f3be928b635a7243,97-33 Queens Boulevard,97-33 Queens Blvd,40.72941,-73.85979,40.72941,-73.85979,0.0,False,True,PENDING,False
New York City,2025-05-21,2025-06-25,dfs_f15a089aeb5fbe69,dfs_6fcd1efaf4f5be4f,115-20 Jamaica Avenue,115-20 Jamaica Ave,40.69897,-73.83356,40.69897,-73.83356,0.0,False,True,PENDING,False
New York City,2025-05-21,2025-06-25,dfs_874436bde7590c13,dfs_3cde0384790f8ad6,135-34 Roosevelt Avenue,135-34 Roosevelt Blvd,40.75931,-73.83088,40.75931,-73.83088,0.0,False,True,PENDING,False
New York City,2025-05-21,2025-06-25,dfs_afe58524539cacaa,dfs_be61cd582eb81844,214-01 Northern Boulevard,214-01 Northern Blvd.,40.76033,-73.7689,40.76033,-73.7689,0.0,False,True,PENDING,False
New York City,2025-05-21,2025-06-25,dfs_1579f6bbef4e5e7f,dfs_915412a7d40f5df6,150S Greaves Lane,150 Greaves Lane,40.55401,-74.1431,40.55401,-74.1431,0.0,False,True,PENDING,False
New York City,2025-05-21,2025-06-25,dfs_69b072f0de9c48ad,dfs_573eab4f56b6103d,1480 Forest Avenue,1480 FOREST AVE,40.624,-74.13761,40.624,-74.13761,0.0,False,True,PENDING,False
New York City,2025-05-21,2025-06-25,dfs_ce71ae32a9d59390,dfs_05cd3bd5dd8b5e28,171 West 57th Street,171 W 57TH ST,40.76539,-73.97971,40.76539,-73.97971,0.0,False,True,PENDING,False
New York City,2025-05-21,2025-06-25,dfs_aab28f01db29d1fd,dfs_c4e8a290cee30bce,11830 Queens Boulevard,11830 QUEENS BLVD,40.71443,-73.83162,40.71443,-73.83162,0.0,False,True,PENDING,False
New York City,2025-05-21,2025-06-25,dfs_712a89c225ca40f7,dfs_bf0c0c4f9f71de5d,1428 Mermaid Avenue,1428 MERMAID AVE,40.57687,-73.98244,40.57687,-73.98244,0.0,False,True,PENDING,False
New York City,2025-05-21,2025-06-25,dfs_170517f86aef67cc,dfs_6c596ae9cb2869bb,35 East 72nd Street,35 E 72ND ST,40.77163,-73.96507,40.77163,-73.96507,0.0,False,True,PENDING,False
New York City,2025-05-21,2025-06-25,dfs_5630b33408f6d27b,dfs_8f902b557af30dbd,6102 8th Avenue,6102 8th ave,40.63479,-74.01027,40.63479,-74.01027,0.0,False,True,PENDING,False
New York City,2025-05-21,2025-06-25,dfs_e0a2fdfc76492dc4,dfs_b0751ca232003c03,4385 Amboy Road,4385 AMBOY RD,40.54499,-74.16178,40.54499,-74.16178,0.0,False,True,PENDING,False
New York City,2025-05-21,2025-06-25,dfs_faff757f0bf15bc1,dfs_b1cb50bd977290e9,8010 5th Avenue,8010 5th Ave,40.62555,-74.02426,40.62555,-74.02426,0.0,False,True,PENDING,False
New York City,2025-05-21,2025-06-25,dfs_671a327e3d364c78,dfs_74ae4881d598e828,1002 Brighton Beach Avenue,1002 BRIGHTON BEACH AVE,40.5781,-73.95908,40.5781,-73.95908,0.0,False,True,PENDING,False
New York City,2025-05-21,2025-06-25,dfs_36334c63915554f2,dfs_8827269e742acf97,80 35 Jamaica Avenue,80-35 JAMAICA AVENUE,40.69496,-73.84681,40.69228,-73.86114,1247.2496,True,False,PENDING,False
New York City,2025-05-21,2025-06-25,dfs_3e2cca7997d4df19,dfs_ed554d4b20f4316b,570 West 207th Street,570 W 207TH ST,40.86649,-73.92043,40.86649,-73.92043,0.0,False,True,PENDING,False
New York City,2025-05-21,2025-06-25,dfs_a300818b763522e8,dfs_5656f48718313dd6,4419-21 13th Avenue,4419 13TH AVENUE,40.6374,-73.98964,40.6374,-73.98964,0.0,False,True,PENDING,False
New York City,2025-05-21,2025-06-25,dfs_8800c9840e7b7dd0,dfs_567469c502c8eeaf,4028 College Point Boulevard,4028 COLLEGE POINT BLVD,40.75809,-73.83425,40.75809,-73.83425,0.0,False,True,PENDING,False
New York City,2025-05-21,2025-06-25,dfs_5e8d2362bc9d73a5,dfs_8fce031355724715,82 10 153rd Avenue,82 10 153RD AVENUE,40.66738,-73.84448,40.66648,-73.85209,651.1961,True,False,PENDING,False
New York City,2025-05-21,2025-06-25,dfs_64c6aa6127fd324f,dfs_8036de0bfc3bd52e,478 5th Avenue,478 Fifth Avenue,40.66808,-73.98721,40.66808,-73.98721,0.0,False,True,PENDING,False
New York City,2025-05-21,2025-06-25,dfs_4caf430d57f2836a,dfs_a9ea74f9f5c2e61b,257 Beach 116th Street,257 BEACH 116TH ST,40.5808,-73.83786,40.5808,-73.83786,0.0,False,True,PENDING,False
New York City,2025-05-21,2025-06-25,dfs_6f4ccfb3a87cf6e3,dfs_5cc3b4d8e342a485,57-27 Main Street,5727 MAIN ST,40.74574,-73.82604,40.74574,-73.82604,0.0,False,True,PENDING,False
New York City,2025-05-21,2025-06-25,dfs_dec38bafd565ff9f,dfs_2b9f56ec7704246b,1413 Hylan Boulevard,1413 HYLAN BLVD,40.5939,-74.08691,40.5939,-74.08691,0.0,False,True,PENDING,False
New York City,2025-05-21,2025-06-25,dfs_890a43b1171c26cb,dfs_60551ed355060425,490 Fulton Street,490 FULTON ST,40.68951,-73.98335,40.68951,-73.98335,0.0,False,True,PENDING,False
New York City,2025-05-21,2025-06-25,dfs_ffac53ec665fffbf,dfs_35ca359793027fb3,1051 Westchester Avenue,1051 WESTCHESTER AVE,40.82455,-73.8922,40.82455,-73.8922,0.0,False,True,PENDING,False
New York City,2025-05-21,2025-06-25,dfs_caf81dd312b86597,dfs_f1616a4646623e72,210 Wallabout Street,210 WALLABOUT ST,40.7,-73.95466,40.7,-73.95466,0.0,False,True,PENDING,False
New York City,2025-05-21,2025-06-25,dfs_66c05cfe0627d72c,dfs_c0be9e9f85ce6e83,360 Park Avenue,360 PARK AVE,40.75858,-73.97307,40.75858,-73.97307,0.0,False,True,PENDING,False
New York City,2025-05-21,2025-06-25,dfs_67f227c84a2bee16,dfs_385c6903f9b7baff,93 22 Jamaica Avenue,93-22 JAMAICA AVENUE,40.69496,-73.84681,40.69385,-73.85167,428.8751,True,False,PENDING,False
New York City,2025-05-21,2025-06-25,dfs_0a36821423d81c47,dfs_14ceba2e31f737d2,645-100 Rossville Avenue,645 ROSSVILLE AVENUE,40.54258,-74.20826,40.54258,-74.20826,0.0,False,True,PENDING,False
New York City,2025-05-21,2025-06-25,dfs_487271c4efd84e06,dfs_c7dec4f327b134e2,1100 Hylan Boulevard,1100 HYLAN AVE.,40.59851,-74.07898,40.59851,-74.07898,0.0,False,True,PENDING,False
New York City,2025-05-21,2025-06-25,dfs_a8fbf61c807a519d,dfs_251acafbef904e79,6820 Rockaway Beach Boulevard,6820 ROCKAWAY BEACH BLVD,40.59046,-73.79696,40.59046,-73.79696,0.0,False,True,PENDING,False
New York City,2025-05-21,2025-06-25,dfs_12fba9086478946c,dfs_fd67bab855b0b7fa,55 West 125th Street,55 W 125TH ST,40.80726,-73.94424,40.80726,-73.94424,0.0,False,True,PENDING,False
New York City,2025-05-21,2025-06-25,dfs_729022a8811ba8ac,dfs_74ce056717b34f8f,252-34 Northern Boulevard,25234 NORTHERN BLVD,40.77038,-73.73551,40.77038,-73.73551,0.0,False,True,PENDING,False
Buffalo,2025-05-21,2025-06-25,dfs_88a29f36b5fdfea1,dfs_7bd403758af40b76,1 Fountain Plaza,ONE FOUNTAIN PLAZA,42.88865,-78.87346,42.88865,-78.87346,0.0,False,True,PENDING,False
New York City,2025-05-21,2025-06-25,dfs_7d0e34335b5cf4b3,dfs_b1185c32ec1d58c9,55 Water Street,55 WATER ST,40.70352,-74.00983,40.70352,-74.00983,0.0,False,True,PENDING,False
Buffalo,2025-05-21,2025-06-25,dfs_416f4e543f149bd0,dfs_8294514597815711,2141 Elmwood Avenue,2141 Elmwood Ave,42.95589,-78.87695,42.95589,-78.87695,0.0,False,True,PENDING,False
New York City,2025-05-21,2025-06-25,dfs_2ef5ecaa1de0b3d9,dfs_f2682ff0f16ce49c,1663 East 17th,1663 E 17TH ST,40.60923,-73.95643,40.60923,-73.95643,0.0,False,True,PENDING,False
New York City,2025-05-21,2025-06-25,dfs_bd0ea331f63925a6,dfs_62741226c82c6197,305 Seventh Avenue,305 7TH AVE,40.74677,-73.99368,40.74677,-73.99368,0.0,False,True,PENDING,False
Rochester,2025-05-21,2025-06-25,dfs_61f9a4642fb8a7ba,dfs_97799947c5f67e23,3917 Lake Avenue,3917 LAKE AVE,43.24206,-77.62064,43.24206,-77.62064,0.0,False,True,PENDING,False
New York City,2025-05-21,2025-06-25,dfs_8d8c56505b494812,dfs_8a8687ed6942865d,1355 Oak Point,1355 OAK POINT AVENUE,40.81066,-73.8832,40.81066,-73.8832,0.0,False,True,PENDING,False
New York City,2025-05-21,2025-06-25,dfs_c11abb5808c799ee,dfs_c004a5e8eb679313,4901 13th Avenue,4901 13TH AVE,40.63493,-73.99222,40.63493,-73.99222,0.0,False,True,PENDING,False
Buffalo,2025-05-21,2025-06-25,dfs_991c56a32e9cd118,dfs_6507553346504962,999  Broadway,RF - 1 BROADWAY MARKET 999 BROADWAY,42.89244,-78.83812,42.89244,-78.83812,0.0,False,True,PENDING,False
New York City,2025-05-21,2025-06-25,dfs_d29fa9111f314147,dfs_46d8cb0c10061a5c,11 West 42nd Street,11 WEST 42ND STREET BOROUGH OF MANHATTAN,40.75395,-73.982,40.75395,-73.982,0.0,False,True,PENDING,False
New York City,2025-05-21,2025-06-25,dfs_2611ef654155d613,dfs_0c02a95f0ac732ec,2218 Fifth Avenue,2218 5TH AVE,40.8126,-73.93777,40.8126,-73.93777,0.0,False,True,PENDING,False
New York City,2025-05-21,2025-06-25,dfs_69e2179e24c3e832,dfs_36622cabc4db3bef,1034 SECOND AVENUE1,1034 Second Avenue,40.75775,-73.96643,40.75775,-73.96643,0.0,False,True,PENDING,False
New York City,2025-05-21,2025-06-25,dfs_90f041bb624143a2,dfs_76e7a3d69faac1ce,2 Penn Plaza,2 PENN PLZ,40.75111,-73.99296,40.75111,-73.99296,0.0,False,True,PENDING,False
New York City,2025-05-21,2025-06-25,dfs_3ef05f6974c9bde9,dfs_294a6c6400c3ca5d,302 West 12th Street,302 W 12TH ST,40.73755,-74.0046,40.73755,-74.0046,0.0,False,True,PENDING,False
New York City,2025-05-21,2025-06-25,dfs_ae2f91c6f9d5522c,dfs_ed3a725dda89dd1a,850 Third Avenue,850 3RD AVE,40.75662,-73.97016,40.75662,-73.97016,0.0,False,True,PENDING,False
New York City,2025-05-21,2025-06-25,dfs_48f4b40596464b2e,dfs_78e979dbfa2b01b9,748 Allerton,748 ALLERTON AVE,40.86546,-73.86559,40.86546,-73.86559,0.0,False,True,PENDING,False
New York City,2025-05-21,2025-06-25,dfs_0bd602d8157b9c6d,dfs_41de2b40b80487fb,1987 Flatbush Avenue,1987 FLATBUSH AVE,40.62133,-73.93549,40.62133,-73.93549,0.0,False,True,PENDING,False
New York City,2025-05-21,2025-06-25,dfs_b644968ef3d12abd,dfs_18fa9089162932f1,1731 Victory Boulevard,1731 VICTORY BLVD,40.6132,-74.12099,40.6132,-74.12099,0.0,False,True,PENDING,False
New York City,2025-05-21,2025-06-25,dfs_7717865521cf4006,dfs_247d19f19768695c,4142 Hylan Boulevard,4142 HYLAN BLVD,40.53877,-74.14847,40.53877,-74.14847,0.0,False,True,PENDING,False
New York City,2025-05-21,2025-06-25,dfs_da44c16c38071b80,dfs_298cc876d719fd8a,1633 Broadway,1633 Broadway,40.76179,-73.98382,40.76164,-73.98392,18.6753,True,False,PENDING,False
New York City,2025-05-21,2025-06-25,dfs_b7a6d2ded0d4eb37,dfs_cad4c40e18a87a9a,111 FOURTH AVENUE,111 FOURTH AVE,40.73243,-73.9901,40.73243,-73.9901,0.0,False,True,PENDING,False
New York City,2025-05-21,2025-06-25,dfs_c3d84d5820ae8d2a,dfs_0a807ebe0c6d351d,535 Columbus Avenue,535 COLUMBUS AVE,40.78634,-73.97233,40.78634,-73.97233,0.0,False,True,PENDING,False
New York City,2025-05-21,2025-06-25,dfs_28d056883a5906d2,dfs_6c1c38766b791fa4,51 West 52nd Street,51 W 52ND ST,40.76095,-73.97901,40.76095,-73.97901,0.0,False,True,PENDING,False
New York City,2025-05-21,2025-06-25,dfs_a06b649fea2ecc08,dfs_b2fb847f2857b795,215-10 NORTHERN BOULEVARD,215-10 Northern Blvd,40.76059,-73.76704,40.76059,-73.76704,0.0,False,True,PENDING,False
New York City,2025-06-25,2025-07-15,dfs_687dc63396c36978,dfs_49fbf579599ffbfc,1200 Waters Place,1200 Waters Place,40.85196,-73.83711,40.85361,-73.83622,198.0071,True,False,PENDING,False
New York City,2025-06-25,2025-07-15,dfs_01d94561904aea6f,dfs_1f6e4a20e11b7d08,590 East 187th Street,590 East 187th Street,40.85564,-73.88772,40.85564,-73.88773,0.8432,True,False,PENDING,False
New York City,2025-06-25,2025-07-15,dfs_3cde0384790f8ad6,dfs_874436bde7590c13,135-34 Roosevelt Blvd,135-34 ROOSEVELT AVENUE,40.75931,-73.83088,40.75931,-73.83088,0.0,False,True,PENDING,False
New York City,2025-06-25,2025-07-15,dfs_7f9812bcae9091ae,dfs_6840b216ff0fec5a,640 East Fordham Road,640 East Fordham Road,40.85795,-73.88365,40.85796,-73.8837,4.3596,True,False,PENDING,False
New York City,2025-08-18,2025-09-25,dfs_a3e1f5cffe53b1ca,dfs_e5417a55b15c853a,2655 Richmond Avenue,2655 Richmond Avenue,40.58207,-74.16732,40.58075,-74.16708,147.9822,True,False,PENDING,False
New York City,2025-08-18,2025-09-25,dfs_9d917b6a8fe64a17,dfs_464c6355300210e5,193 West 237th Street,193 West 237th Street,40.88432,-73.90036,40.88426,-73.90015,18.9119,True,False,PENDING,False
Buffalo,2025-08-18,2025-09-25,dfs_847e5c34aa34e454,dfs_bdd44f42cb6455c5,1989 South Park Avenue,1989 South Park Avenue,42.84457,-78.82374,42.84471,-78.82374,15.5526,True,False,PENDING,False
New York City,2025-08-18,2025-09-25,dfs_b331e772c50894a1,dfs_1507807b322b23ee,441 Columbus Avenue,441 Columbus Avenue,40.78339,-73.97446,40.78341,-73.97444,2.7898,True,False,PENDING,False
New York City,2025-08-18,2025-09-25,dfs_11a0719a5219c9a0,dfs_089447b5dbec3bcd,90 Park Avenue,90 Park Avenue,40.75053,-73.97895,40.75057,-73.97893,4.7522,True,False,PENDING,False
New York City,2025-08-18,2025-09-25,dfs_01a6eb32998d0464,dfs_3791a2a5f28da0ef,481 First Avenue,481 First Avenue,40.74015,-73.97616,40.7401,-73.9762,6.4996,True,False,PENDING,False
New York City,2025-08-18,2025-09-25,dfs_838f35da12b11f55,dfs_93e794fa4561c151,1748 Broadway,1748 Broadway,40.76511,-73.98207,40.76522,-73.98203,12.6737,True,False,PENDING,False
New York City,2025-08-18,2025-09-25,dfs_926a714b9d46920c,dfs_0e6c8b015faee950,51-31 Northern Boulevard,51-31 Northern Boulevard,40.75309,-73.90876,40.7534,-73.90863,36.1333,True,False,PENDING,False
New York City,2025-08-18,2025-09-25,dfs_949f84b644c076b7,dfs_474d703b446c1f93,830 Fifth Avenue,830 Fifth Avenue,40.76739,-73.97073,40.76459,-73.97365,396.8191,True,False,PENDING,False
New York City,2025-08-18,2025-09-25,dfs_c887941e388385ba,dfs_845ec3ca9f658baf,2825 Richmond Avenue,2825 Richmond Avenue,40.57736,-74.16934,40.57739,-74.16933,3.4373,True,False,PENDING,False
New York City,2025-08-18,2025-09-25,dfs_91b03290a2e7d767,dfs_fff7e04ef6d7ab43,734 Third Avenue,734 Third Avenue,40.7532,-73.97268,40.75306,-73.97278,17.6924,True,False,PENDING,False
New York City,2025-08-18,2025-09-25,dfs_5f7ef22b145cfb2f,dfs_a7eb5e71ae35e4f1,1492 Hylan Boulevard,1492 Hylan Boulevard,40.59194,-74.08749,40.59193,-74.08743,5.1991,True,False,PENDING,False
New York City,2025-08-18,2025-09-25,dfs_c7dec4f327b134e2,dfs_44b9858d3152dc6b,1100 HYLAN AVE.,1100 HYLAN AVE.,40.59851,-74.07898,40.59857,-74.07897,6.7163,True,False,PENDING,False
New York City,2025-08-18,2025-09-25,dfs_0c6dec05d23bd02c,dfs_cfe14f7880c8c11f,4523 AMBOY ROAD,4523 AMBOY ROAD,40.54318,-74.16439,40.5431,-74.16446,10.6809,True,False,PENDING,False
New York City,2025-08-18,2025-09-25,dfs_16bbc6fd8b370a0c,dfs_a32dca8337e1cb3c,27258 GRAND CENTRAL PKWY,27258 GRAND CENTRAL PKWY,40.75721,-73.71457,40.75721,-73.71454,2.5333,True,False,PENDING,False
New York City,2025-08-18,2025-09-25,dfs_aabf99911726a4bf,dfs_3536db91c60f3538,2130 BARTOW AVENUE,2130 BARTOW AVENUE,40.86927,-73.82497,40.8693,-73.8251,11.4544,True,False,PENDING,False
New York City,2025-08-18,2025-09-25,dfs_b1185c32ec1d58c9,dfs_d1ff58db17459aef,55 WATER ST,55 WATER ST,40.70352,-74.00983,40.70373,-74.00951,35.7096,True,False,PENDING,False
New York City,2025-08-18,2025-09-25,dfs_e30e315d271e2dd6,dfs_4e4fe1791544aeb2,11 HUGH J. GRANT CIRCLE,11 HUGH J. GRANT CIRCLE,40.83354,-73.86127,40.8336,-73.8611,15.8114,True,False,PENDING,False
New York City,2025-08-18,2025-09-25,dfs_2b9f56ec7704246b,dfs_fd108459ba408101,1413 HYLAN BLVD,1413 HYLAN BLVD,40.5939,-74.08691,40.59393,-74.08659,27.2919,True,False,PENDING,False
New York City,2025-08-18,2025-09-25,dfs_cc4f6b0388548e95,dfs_0d6ceb5971c67346,300 WEST 135TH STREET,300 WEST 135TH STREET,40.81687,-73.94741,40.81677,-73.94717,23.0936,True,False,PENDING,False
Rochester,2025-08-18,2025-09-25,dfs_a63fd6b45b19514e,dfs_45c9f5d981c0c3dc,1185 UNIVERSITY AVENUE,1185 UNIVERSITY AVENUE,43.15171,-77.57111,43.15164,-77.57086,21.7713,True,False,PENDING,False
New York City,2025-08-18,2025-09-25,dfs_c8c089dd2a103c30,dfs_046c0cbce0fd3fac,1400 Hylan Boulevard,1400 Hylan Boulevard,40.5943,-74.0865,40.59429,-74.08643,6.0286,True,False,PENDING,False
Buffalo,2025-08-18,2025-09-25,dfs_4c33644e807d4e02,dfs_5ccadfa28fcaef0a,1228 JEFFERSON AVE,1228 JEFFERSON AVE,42.9088,-78.85434,42.90881,-78.85424,8.2414,True,False,PENDING,False
New York City,2025-08-18,2025-09-25,dfs_d70621056681d020,dfs_19fc175b005054c1,2754 HYLAN BOULEVARD,2754 HYLAN BOULEVARD,40.56426,-74.11451,40.56414,-74.11462,16.2588,True,False,PENDING,False
New York City,2025-08-18,2025-09-25,dfs_1253fd94da2eeaed,dfs_014d7c6ce8fa05d8,2228 BROADWAY,2228 BROADWAY,40.80671,-73.96472,40.7842,-73.97961,2797.8226,True,False,PENDING,False
New York City,2025-08-18,2025-09-25,dfs_3f57fa40b74b0548,dfs_0c469399fee46017,4211 Broadway,4211 Broadway,40.84864,-73.93743,40.84862,-73.93744,2.3757,True,False,PENDING,False
New York City,2025-08-18,2025-09-25,dfs_578097b8b2b616df,dfs_6c96f4696aba7337,8000 Utopia Parkway,8000 Utopia Parkway,40.72561,-73.79166,40.72249,-73.79491,442.0801,True,False,PENDING,False
New York City,2025-08-18,2025-09-25,dfs_30ae86a41cf2330e,dfs_4b6b1f2e8d6b2656,1158 Hylan Boulevard,1158 Hylan Boulevard,40.59859,-74.0815,40.59855,-74.08148,4.7535,True,False,PENDING,False
New York City,2025-08-18,2025-09-25,dfs_6f1bdb3d3780bb4c,dfs_b5998f5754894bf4,1709 Third Avenue,1709 Third Avenue,40.78501,-73.94947,40.7847,-73.94969,39.1145,True,False,PENDING,False
Rochester,2025-08-18,2025-09-25,dfs_88691d07b3a702ce,dfs_2798d2745c5fd380,One West Main Street,One West Main Street,43.1556,-77.61295,43.15563,-77.61291,4.6575,True,False,PENDING,False
New York City,2025-08-18,2025-09-25,dfs_a50c29ac7fedd5d1,dfs_a9b20b125356a09f,1540 Hylan Boulevard,1540 Hylan Boulevard,40.59118,-74.08798,40.59119,-74.08802,3.5636,True,False,PENDING,False
New York City,2025-08-18,2025-09-25,dfs_7e9d04c946a522fe,dfs_6f584400de01c220,30 Hudson Yards,30 Hudson Yards,40.75373,-73.99979,40.75332,-74.00382,343.3568,True,False,PENDING,False
New York City,2025-09-25,2025-10-16,dfs_e9d99d493df817a9,dfs_616b9bb0ba9a8a25,278 Eighth Ave,278 Eighth Ave,40.74584,-73.99808,40.74581,-73.9981,3.7352,True,False,PENDING,False
New York City,2025-09-25,2025-10-16,dfs_239921bf41560b46,dfs_5d1fad61dc2e4fbb,4106 Hylan Blvd.,4106 HYLAN BOULEVARD,40.53946,-74.14796,40.53946,-74.14796,0.0,False,True,PENDING,False
Buffalo,2025-09-25,2025-10-16,dfs_67eae18f8b520420,dfs_f437682b742ceab2,ONE M&T PLAZA,"ONE M&T PLAZA, 10TH FLOOR",42.88864,-78.87341,42.88864,-78.87341,0.0,False,True,PENDING,False
Buffalo,2025-09-25,2025-10-16,dfs_7bd403758af40b76,dfs_88a29f36b5fdfea1,ONE FOUNTAIN PLAZA,1 FOUNTAIN PLAZA,42.88865,-78.87346,42.88865,-78.87346,0.0,False,True,PENDING,False
Buffalo,2025-09-25,2025-10-16,dfs_6507553346504962,dfs_b435f7c0924b2d9a,RF - 1 BROADWAY MARKET 999 BROADWAY,999 BROADWAY STREET,42.89244,-78.83812,42.89244,-78.83812,0.0,False,True,PENDING,False
New York City,2025-09-25,2025-10-16,dfs_85339d63eb079641,dfs_717ff686d8efc0ff,127 SEVENTH AVENUE,127 7TH AVENUE,40.74088,-73.99799,40.74088,-73.99799,0.0,False,True,PENDING,False
New York City,2025-09-25,2025-10-16,dfs_36622cabc4db3bef,dfs_7f2f582f532fcf04,1034 Second Avenue,1034 2ND AVENUE,40.75775,-73.96643,40.75775,-73.96643,0.0,False,True,PENDING,False
New York City,2025-09-25,2025-10-16,dfs_46d8cb0c10061a5c,dfs_d29fa9111f314147,11 WEST 42ND STREET BOROUGH OF MANHATTAN,11 WEST 42ND STREET,40.75395,-73.982,40.75395,-73.982,0.0,False,True,PENDING,False
New York City,2025-09-25,2025-10-16,dfs_3c851d13288a667f,dfs_9ac54f4c59eaf14b,374 6th Avenue,374 6th Avenue,40.66997,-73.98232,40.73276,-74.00019,7134.3963,True,False,PENDING,False
New York City,2025-10-16,2025-11-19,dfs_d309bf3597fd6b4e,dfs_cda58ec0de78edea,853 BROADWAY,853 BROADWAY,40.73456,-73.99079,40.73473,-73.99074,19.345,True,False,PENDING,False
New York City,2025-10-16,2025-11-19,dfs_e9ecd2cdd56e3fd2,dfs_9bf444993c7d477c,666 Fifth Avenue,666 Fifth Avenue,40.7602,-73.97599,40.75995,-73.97617,31.6506,True,False,PENDING,False
New York City,2025-10-16,2025-11-19,dfs_ed0e69427ef3782a,dfs_473cd444c2114483,919 THIRD AVENUE,919 THIRD AVENUE,40.75939,-73.96816,40.76121,-73.96683,231.2154,True,False,PENDING,False
New York City,2025-11-19,2025-12-15,dfs_6ff557ffe2cd11e4,dfs_1381bb691e5c17fb,866 United Nations Plaza,866 United Nations Plaza,40.7526,-73.96686,40.75221,-73.9661,77.427,True,False,PENDING,False
New York City,2025-11-19,2025-12-15,dfs_8cd548f88bf221e9,dfs_de8a7a6e12a538a1,1933 Turnbull Avenue,1933 Turnbull Avenue,40.82288,-73.85761,40.82289,-73.85755,5.182,True,False,PENDING,False
New York City,2025-11-19,2025-12-15,dfs_49fbf579599ffbfc,dfs_fcbf15f40996e561,1200 Waters Place,1200 Waters Place,40.85361,-73.83622,40.85363,-73.83633,9.5375,True,False,PENDING,False
New York City,2025-11-19,2025-12-15,dfs_f1e8cd33c2b3cac1,dfs_7cecb1230426cf23,97-77 QUEENS BOULEVARD,97-77 QUEENS BOULEVARD,40.729,-73.85868,40.72888,-73.85841,26.4167,True,False,PENDING,False
New York City,2025-11-19,2025-12-15,dfs_f9511afb4e0cccfe,dfs_e2be9eb7d8133dd6,1388 Pennsylvania Avenue,1388 Pennsylvania Avenue,40.64765,-73.88166,40.64709,-73.88408,213.9264,True,False,PENDING,False
Rochester,2025-11-19,2025-12-15,dfs_06d73906417b2be2,dfs_434b01749593b572,1372 East Main Street,1372 East Main Street,43.16123,-77.57496,43.15701,-77.60697,2645.2578,True,False,PENDING,False
New York City,2025-11-19,2025-12-15,dfs_fd6ace9c8dd2ea1b,dfs_2122c0a17f003d8f,23-88A Bell Blvd,23-88A Bell Blvd,40.78023,-73.77667,40.7803,-73.77655,12.7686,True,False,PENDING,False
New York City,2025-11-19,2025-12-15,dfs_44b9858d3152dc6b,dfs_af6726f1a665fecb,1100 HYLAN AVE.,1100 HYLAN AVE.,40.59857,-74.07897,40.59848,-74.07897,9.9942,True,False,PENDING,False
New York City,2025-11-19,2025-12-15,dfs_3536db91c60f3538,dfs_3921e9b09ce540f5,2130 BARTOW AVENUE,2130 BARTOW AVENUE,40.8693,-73.8251,40.86743,-73.82741,284.6897,True,False,PENDING,False
New York City,2025-11-19,2025-12-15,dfs_0c32f6146546d424,dfs_37472a72ec00cdab,45-68 Francis Lewis Blvd.,45-68 Francis Lewis Blvd.,40.75483,-73.78212,40.75481,-73.78214,2.7902,True,False,PENDING,False
New York City,2025-11-19,2025-12-15,dfs_6c96f4696aba7337,dfs_d6f7089b01152cf3,8000 Utopia Parkway,8000 Utopia Parkway,40.72249,-73.79491,40.72246,-73.79487,4.7455,True,False,PENDING,False
New York City,2025-11-19,2025-12-15,dfs_6fe6e6c486e6ab0b,dfs_00b188e5cf09faf0,24-28 34th Street,24-28 34th Street,40.74561,-73.93055,40.75235,-73.92988,750.6065,True,False,PENDING,False
New York City,2025-11-19,2025-12-15,dfs_a9b20b125356a09f,dfs_e229abd8cce09de7,1540 Hylan Boulevard,1540 Hylan Boulevard,40.59119,-74.08802,40.59112,-74.08795,9.7743,True,False,PENDING,False
Rochester,2025-11-19,2025-12-15,dfs_2798d2745c5fd380,dfs_88691d07b3a702ce,One West Main Street,One West Main Street,43.15563,-77.61291,43.1556,-77.61295,4.6575,True,False,PENDING,False
Rochester,2025-11-19,2025-12-15,dfs_497685504704a47a,dfs_7c1e78337a20ec5c,100 Clinton Avenue South,100 Clinton Avenue South,43.15707,-77.60637,43.15489,-77.60546,253.246,True,False,PENDING,False
New York City,2025-11-19,2025-12-15,dfs_7fde2ab3a4512040,dfs_3f7fe22642e4d712,46-08 Francis Lewis Blvd,46-08 Francis Lewis Blvd,40.75423,-73.7816,40.75422,-73.7816,1.1105,True,False,PENDING,False
New York City,2025-11-19,2025-12-15,dfs_b914d960fbe1c23e,dfs_8ff582ed32d681b1,1630 Shore Parwkay,1630 Shore Parwkay,40.59476,-73.99959,40.59474,-73.99957,2.7926,True,False,PENDING,False
