city,site_id,site_cluster_id,event_id,event_date,native_offense,common_category,primary_included,event_latitude,event_longitude,atm_latitude,atm_longitude,distance_m,link_role,within_25m,within_50m,within_100m,matches_25m,matches_50m,matches_100m,nearest_eligible_site,audit_stratum,reviewer_decision,reviewer,notes
New York City,dfs_1a8457296d519980,cluster_8aeaf130503363d3,nyc:295675282,2024-10-14,PETIT LARCENY,larceny,False,40.72032113840748,-73.99404032468442,40.7167,-73.99579,428.4353,background_2024,False,False,False,0,0,0,False,"('200_500', False, False)",PENDING,,
New York City,dfs_84d3e338cf3c93f0,cluster_3a0b3e9c8410ebc3,nyc:296604577,2024-11-16,PETIT LARCENY,larceny,False,40.717588,-73.98535,40.71896,-73.98926,363.8054,background_2024,False,False,False,0,0,1,False,"('200_500', False, False)",PENDING,,
New York City,dfs_7353cfd8ba925806,cluster_a8935e698906c84e,nyc:285836264,2024-03-30,GRAND LARCENY,larceny,False,40.599076,-74.088376,40.59615,-74.08551,405.4929,background_2024,False,False,False,0,0,0,True,"('200_500', False, False)",PENDING,,
New York City,dfs_b2e5e03b5367935a,cluster_b92d3f4e376f9714,nyc:285543414,2024-04-18,PETIT LARCENY,larceny,False,40.749404,-73.991784,40.74616,-73.99467,434.9517,background_2024,False,False,False,0,0,2,False,"('200_500', False, False)",PENDING,,
New York City,dfs_780faa0e900efd0f,cluster_442c74f54c7aa374,nyc:293167245,2024-09-12,PETIT LARCENY,larceny,False,40.734878,-73.989955,40.73717,-73.99228,321.4848,background_2024,False,False,False,0,0,3,False,"('200_500', False, False)",PENDING,,
New York City,dfs_2061dd14dbe9515b,cluster_7977cca234bfe454,nyc:297666930,2024-12-07,BURGLARY,burglary,True,40.708511,-74.008448,40.71019,-74.00966,212.7279,background_2024,False,False,False,0,0,2,False,"('200_500', True, False)",PENDING,,
New York City,dfs_aa6476c805b1d564,cluster_c652bde34767f29d,nyc:294845802,2024-10-12,BURGLARY,burglary,True,40.683369,-73.977713,40.68139,-73.97709,225.9864,background_2024,False,False,False,0,0,2,False,"('200_500', True, False)",PENDING,,
New York City,dfs_ef730c03b9dbcece,cluster_ba245419ba8fd13a,nyc:287162412,2024-05-20,ROBBERY,robbery,True,40.743016,-73.984301,40.73988,-73.98563,365.8935,background_2024,False,False,False,1,1,3,False,"('200_500', True, False)",PENDING,,
New York City,dfs_ac696ec73685deb1,cluster_61be30ec72200921,nyc:284107229,2024-03-16,BURGLARY,burglary,True,40.745746,-73.885952,40.74939,-73.88773,431.6253,background_2024,False,False,False,0,0,0,False,"('200_500', True, False)",PENDING,,
New York City,dfs_6d15d146116cc19c,cluster_53285c4997bea941,nyc:296729401,2024-11-19,ROBBERY,robbery,True,40.743876,-73.992096,40.74817,-73.99266,479.2177,background_2024,False,False,False,0,0,0,False,"('200_500', True, False)",PENDING,,
New York City,dfs_e92b1f2a03290018,cluster_25df80d047ae2566,nyc:281746405,2024-02-06,PETIT LARCENY,larceny,False,40.752001,-73.977392,40.74925,-73.97554,343.2056,background_2024,False,False,False,1,2,4,False,"('200_500', False, True)",PENDING,,
New York City,dfs_6cf6cb26d068a67e,cluster_59d7979f8413d111,nyc:285059320,2024-04-08,PETIT LARCENY,larceny,False,40.757691,-73.834115,40.76028,-73.83267,312.327,background_2024,False,False,False,2,4,4,False,"('200_500', False, True)",PENDING,,
New York City,dfs_17d9a361af12e67f,cluster_bae6ab734aabbcfc,nyc:287577679,2024-05-28,PETIT LARCENY,larceny,False,40.759861,-73.828967,40.75594,-73.82853,436.9849,background_2024,False,False,False,0,2,4,False,"('200_500', False, True)",PENDING,,
New York City,dfs_54b2b4fde7707d8e,cluster_d3d47724c1e0d26d,nyc:298058162,2024-12-14,GRAND LARCENY,larceny,False,40.74851210487989,-73.98871441231117,40.75066,-73.99192,360.808,background_2024,False,False,False,0,3,3,False,"('200_500', False, True)",PENDING,,
New York City,dfs_124185a694d41bc4,cluster_3198ab1e27c68208,nyc:292333921,2024-08-25,PETIT LARCENY,larceny,False,40.760288,-73.921796,40.75909,-73.91891,277.6429,background_2024,False,False,False,1,3,5,False,"('200_500', False, True)",PENDING,,
New York City,dfs_90c72856c81fb865,cluster_fbdb7e988b348e38,nyc:292298353,2024-08-25,BURGLARY,burglary,True,40.751785,-73.977915,40.75372,-73.9772,223.2024,background_2024,False,False,False,1,3,6,False,"('200_500', True, True)",PENDING,,
New York City,dfs_917d09918af07da5,cluster_2ac47a87c8b37aab,nyc:298461783,2024-12-26,ROBBERY,robbery,True,40.75034217566378,-73.98317401491664,40.75371,-73.98492,402.0104,background_2024,False,False,False,2,3,3,False,"('200_500', True, True)",PENDING,,
New York City,dfs_6c3b582e7fcb7613,cluster_d6a0cf99ed6b26c7,nyc:291678388,2024-08-13,ROBBERY,robbery,True,40.74851210487989,-73.98871441231117,40.75242,-73.98588,495.6075,background_2024,False,False,False,0,3,3,False,"('200_500', True, True)",PENDING,,
New York City,dfs_e50a5ef6729769a3,cluster_dab35f9ef23de979,nyc:295057289,2024-10-18,ROBBERY,robbery,True,40.764686,-73.914346,40.76202,-73.91652,348.3465,background_2024,False,False,False,1,2,3,False,"('200_500', True, True)",PENDING,,
New York City,dfs_b82e4f9d551d5f66,cluster_48d196942f5fb42c,nyc:295198939,2024-10-19,BURGLARY,burglary,True,40.750033,-73.983398,40.74622,-73.98618,484.2477,background_2024,False,False,False,1,2,3,False,"('200_500', True, True)",PENDING,,
New York City,dfs_4dce52de842ca531,cluster_4467ce25798a13c1,nyc:307814864,2025-06-09,ROBBERY,robbery,True,40.61740955,-73.95897693,40.61803,-73.95981,98.572,outcome_2025_exposure_supported,False,False,True,0,0,1,True,"('50_100', True, False)",PENDING,,
New York City,dfs_7d27720d0c43ab20,cluster_baef63f3d018ce65,nyc:302882998,2025-03-15,BURGLARY,burglary,True,40.693335,-73.991738,40.69406,-73.99157,81.7525,outcome_2025_exposure_supported,False,False,True,0,0,7,False,"('50_100', True, False)",PENDING,,
New York City,dfs_a93b2f65c5ca581b,cluster_bebfc3507f7554b8,nyc:313043096,2025-09-17,ROBBERY,robbery,True,40.756267,-73.990503,40.75581,-73.99083,57.7755,outcome_2025_exposure_supported,False,False,True,1,1,2,False,"('50_100', True, False)",PENDING,,
New York City,dfs_df1e52d8c480ef13,cluster_344a03d8355f98a8,nyc:311202500,2025-08-14,ROBBERY,robbery,True,40.805206,-73.962243,40.80565,-73.96191,56.751,outcome_2025_exposure_supported,False,False,True,0,0,1,True,"('50_100', True, False)",PENDING,,
New York City,dfs_b86c856e744a460b,cluster_05929f7d2bef98cb,nyc:300762072,2025-02-08,ROBBERY,robbery,True,40.748798,-73.883191,40.74848,-73.88408,82.9699,outcome_2025_exposure_supported,False,False,True,0,0,2,True,"('50_100', True, False)",PENDING,,
New York City,dfs_3707f73509ccdc52,cluster_52fca60055689f54,nyc:306002036,2025-05-07,PETIT LARCENY,larceny,False,40.7160120119955,-73.9973320301008,40.71678,-73.99765,89.4157,outcome_2025_exposure_supported,False,False,True,0,0,5,False,"('50_100', False, False)",PENDING,,
New York City,dfs_e416a5e3017aeff9,cluster_42ef7fcfe049b2c2,nyc:306744503,2025-05-20,PETIT LARCENY,larceny,False,40.567366,-74.112885,40.56792,-74.11222,83.4019,outcome_2025_exposure_supported,False,False,True,0,0,1,True,"('50_100', False, False)",PENDING,,
New York City,dfs_c2a05c4ee2d8c8f3,cluster_532ff1e26a76e056,nyc:305797568,2025-05-02,PETIT LARCENY,larceny,False,40.748696,-73.884125,40.7492,-73.88422,56.5409,outcome_2025_exposure_supported,False,False,True,1,1,4,False,"('50_100', False, False)",PENDING,,
New York City,dfs_f1a65a2ba9fbac8a,cluster_9f8d75636b13b323,nyc:306365329,2025-05-13,PETIT LARCENY,larceny,False,40.730087,-73.986593,40.72968,-73.9869,52.1091,outcome_2025_exposure_supported,False,False,True,0,0,2,True,"('50_100', False, False)",PENDING,,
New York City,dfs_44e1b16479eedf5e,cluster_f9956c49820189a6,nyc:316762544,2025-11-28,PETIT LARCENY,larceny,False,40.835569,-73.920796,40.83595,-73.92186,99.2156,outcome_2025_exposure_supported,False,False,True,0,1,2,False,"('50_100', False, False)",PENDING,,
New York City,dfs_13ba2c1c851ca3a8,cluster_e5ac3c4c06274c20,nyc:300035360,2025-01-25,ROBBERY,robbery,True,40.758098,-73.828809,40.75794,-73.82935,48.9368,outcome_2025_exposure_supported,False,True,True,0,1,2,True,"('25_50', True, False)",PENDING,,
New York City,dfs_567469c502c8eeaf,cluster_b305804a05c0d256,nyc:313381816,2025-09-19,BURGLARY,burglary,True,40.757699,-73.834116,40.75809,-73.83425,44.8704,outcome_2025_exposure_supported,False,True,True,0,1,1,True,"('25_50', True, False)",PENDING,,
New York City,dfs_499c55bc5f2e1ae1,cluster_09839366d33c837f,nyc:315283756,2025-10-30,ROBBERY,robbery,True,40.72825,-74.005372,40.72803,-74.00544,25.097,outcome_2025_exposure_supported,False,True,True,0,1,2,True,"('25_50', True, False)",PENDING,,
New York City,dfs_cc50a847b69bbc2a,cluster_4f37f23cc94e536e,nyc:317957194,2025-12-25,BURGLARY,burglary,True,40.686413,-73.823737,40.68655,-73.82334,36.8468,outcome_2025_exposure_supported,False,True,True,0,1,3,True,"('25_50', True, False)",PENDING,,
New York City,dfs_06f68809d618b392,cluster_0a4dc99085234bd9,nyc:300404380,2025-01-29,BURGLARY,burglary,True,40.589242,-73.952657,40.58959,-73.95296,46.3822,outcome_2025_exposure_supported,False,True,True,0,1,1,True,"('25_50', True, False)",PENDING,,
New York City,dfs_6715ceeab6eabbe0,cluster_a0667e1580981b6b,nyc:313682230,2025-09-29,PETIT LARCENY,larceny,False,40.709488,-74.010266,40.70932,-74.01038,20.9965,outcome_2025_exposure_supported,True,True,True,1,1,3,True,"('0_25', False, False)",PENDING,,
New York City,dfs_7c7793c011724125,cluster_2cf2eb113dec95cb,nyc:303941549,2025-03-31,PETIT LARCENY,larceny,False,40.816801,-73.947242,40.81682,-73.94728,3.838,outcome_2025_exposure_supported,True,True,True,1,1,2,True,"('0_25', False, False)",PENDING,,
New York City,dfs_917d09918af07da5,cluster_2ac47a87c8b37aab,nyc:301879798,2025-02-28,PETIT LARCENY,larceny,False,40.753874,-73.984821,40.75371,-73.98492,20.0393,outcome_2025_exposure_supported,True,True,True,1,1,2,True,"('0_25', False, False)",PENDING,,
New York City,dfs_e5e1aa6b27c942d6,cluster_008c0cb378dbaf67,nyc:307534546,2025-05-18,PETIT LARCENY,larceny,False,40.817404,-73.915761,40.81742,-73.91574,2.5092,outcome_2025_exposure_supported,True,True,True,1,1,1,True,"('0_25', False, False)",PENDING,,
New York City,dfs_09e908c75f978fb1,cluster_2ab737517dd2de9b,nyc:299470011,2025-01-10,PETIT LARCENY,larceny,False,40.750587,-73.870265,40.75067,-73.8703,9.6794,outcome_2025_exposure_supported,True,True,True,1,1,1,True,"('0_25', False, False)",PENDING,,
New York City,dfs_2834d96357790568,cluster_3ea726d50320fb15,nyc:298970654,2025-01-06,PETIT LARCENY,larceny,False,40.757699,-73.834116,40.75768,-73.83412,2.1368,outcome_2025_exposure_supported,True,True,True,2,3,3,True,"('0_25', False, True)",PENDING,,
New York City,dfs_8fd0f1a88100f150,cluster_3ea726d50320fb15,nyc:304236516,2025-04-05,GRAND LARCENY,larceny,False,40.757699,-73.834116,40.75768,-73.83412,2.1368,outcome_2025_exposure_supported,True,True,True,2,3,3,False,"('0_25', False, True)",PENDING,,
New York City,dfs_8f9db524b43d65eb,cluster_9f90a35d1e085b9a,nyc:307297251,2025-05-30,PETIT LARCENY,larceny,False,40.680159,-73.945126,40.68014,-73.9451,3.0468,outcome_2025_exposure_supported,True,True,True,1,2,2,True,"('0_25', False, True)",PENDING,,
New York City,dfs_2834d96357790568,cluster_3ea726d50320fb15,nyc:306305728,2025-04-11,PETIT LARCENY,larceny,False,40.757699,-73.834116,40.75768,-73.83412,2.1368,outcome_2025_exposure_supported,True,True,True,2,3,3,True,"('0_25', False, True)",PENDING,,
New York City,dfs_bcb5d53c6384dd3b,cluster_b1b4f9f94aa3fe54,nyc:315298940,2025-10-29,PETIT LARCENY,larceny,False,40.587542,-73.954721,40.58749,-73.95464,8.9647,outcome_2025_exposure_supported,True,True,True,1,2,2,True,"('0_25', False, True)",PENDING,,
New York City,dfs_b593ef73bf317978,cluster_f0a38a0b7a90fed2,nyc:312086889,2025-08-24,PETIT LARCENY,larceny,False,40.810477,-73.95188,40.81032,-73.95152,35.0233,outcome_2025_exposure_supported,False,True,True,0,2,4,False,"('25_50', False, True)",PENDING,,
New York City,dfs_80bbc96321c99769,cluster_23723396312c3c85,nyc:311913200,2025-08-26,GRAND LARCENY,larceny,False,40.633865,-74.026817,40.63409,-74.02671,26.5748,outcome_2025_exposure_supported,False,True,True,1,2,2,False,"('25_50', False, True)",PENDING,,
New York City,dfs_48822d5acab51bb3,cluster_641505802138eb49,nyc:300233892,2025-01-29,PETIT LARCENY,larceny,False,40.609343,-73.956955,40.60922,-73.95724,27.7185,outcome_2025_exposure_supported,False,True,True,1,4,4,False,"('25_50', False, True)",PENDING,,
New York City,dfs_7a0b3bd2ed88c574,cluster_09739684e96ceb33,nyc:312222369,2025-09-01,PETIT LARCENY,larceny,False,40.740037,-73.786297,40.74034,-73.78651,38.1556,outcome_2025_exposure_supported,False,True,True,1,3,4,False,"('25_50', False, True)",PENDING,,
New York City,dfs_2b8103d04a58419f,cluster_9fd796273deb72ff,nyc:308985876,2025-07-02,PETIT LARCENY,larceny,False,40.849589,-73.934349,40.84973,-73.9347,33.485,outcome_2025_exposure_supported,False,True,True,1,3,3,False,"('25_50', False, True)",PENDING,,
New York City,dfs_5ebc853d52cee0cd,cluster_63da9c16e408cc8b,nyc:310481274,2025-07-24,PETIT LARCENY,larceny,False,40.73714333,-73.98859365,40.7379,-73.9881,93.8045,outcome_2025_exposure_supported,False,False,True,1,2,4,False,"('50_100', False, True)",PENDING,,
New York City,dfs_f4b7a3b826367881,cluster_52a4254c34ed9eca,nyc:311967737,2025-08-26,GRAND LARCENY,larceny,False,40.74883,-73.988477,40.74828,-73.98889,70.3348,outcome_2025_exposure_supported,False,False,True,1,2,4,False,"('50_100', False, True)",PENDING,,
New York City,dfs_53cd4603cbe2de19,cluster_7d3f36d178386ff7,nyc:316231308,2025-11-17,PETIT LARCENY,larceny,False,40.694007,-73.99144,40.69423,-73.99224,72.0103,outcome_2025_exposure_supported,False,False,True,2,5,7,False,"('50_100', False, True)",PENDING,,
New York City,dfs_8df06aa925f43934,cluster_d96555332b9455b0,nyc:314524129,2025-10-11,PETIT LARCENY,larceny,False,40.708674,-73.95858,40.70913,-73.95911,67.6026,outcome_2025_exposure_supported,False,False,True,1,2,5,False,"('50_100', False, True)",PENDING,,
New York City,dfs_b66731cd4f081fb7,cluster_8400821e2bf84abc,nyc:316231308,2025-11-17,PETIT LARCENY,larceny,False,40.694007,-73.99144,40.69419,-73.99207,56.9954,outcome_2025_exposure_supported,False,False,True,2,5,7,False,"('50_100', False, True)",PENDING,,
New York City,dfs_b9fc9186c66130b1,cluster_734494e7ce7ebd9c,nyc:300509678,2025-02-03,PETIT LARCENY,larceny,False,40.718189,-74.000762,40.71856,-74.00072,41.3515,outcome_2025_exposure_supported,False,True,True,0,1,3,True,"('25_50', False, False)",PENDING,,
New York City,dfs_e47bbd146a76d081,cluster_700a2cde04d6df8e,nyc:313168706,2025-09-18,PETIT LARCENY,larceny,False,40.73352,-74.003533,40.73356,-74.00313,34.3312,outcome_2025_exposure_supported,False,True,True,0,1,3,True,"('25_50', False, False)",PENDING,,
New York City,dfs_6055c6ec19230262,cluster_afdf8fefc2716324,nyc:300100805,2025-01-27,PETIT LARCENY,larceny,False,40.75603526927576,-73.98694809910083,40.75639,-73.98664,47.2088,outcome_2025_exposure_supported,False,True,True,0,1,1,True,"('25_50', False, False)",PENDING,,
New York City,dfs_e5e1aa6b27c942d6,cluster_008c0cb378dbaf67,nyc:305690081,2025-05-01,PETIT LARCENY,larceny,False,40.817711,-73.915397,40.81742,-73.91574,43.3785,outcome_2025_exposure_supported,False,True,True,0,1,1,True,"('25_50', False, False)",PENDING,,
New York City,dfs_b83bb7ab69289bb1,cluster_ce13daf69cfd495f,nyc:316020889,2025-11-10,GRAND LARCENY,larceny,False,40.729959,-73.888663,40.73005,-73.88824,37.1354,outcome_2025_exposure_supported,False,True,True,0,1,1,True,"('25_50', False, False)",PENDING,,
New York City,dfs_75b69075a435aaec,cluster_0390f6c38c050654,nyc:317799499,2025-12-21,ROBBERY,robbery,True,40.756464,-73.982941,40.75661,-73.98281,19.6275,outcome_2025_exposure_supported,True,True,True,3,3,4,False,"('0_25', True, True)",PENDING,,
New York City,dfs_622dfa0666e3cdf6,cluster_f8d0c8b4a58fe5a3,nyc:299352226,2025-01-12,ROBBERY,robbery,True,40.862358,-73.898197,40.86234,-73.89819,2.0842,outcome_2025_exposure_supported,True,True,True,3,4,4,True,"('0_25', True, True)",PENDING,,
New York City,dfs_1c1e1ae7dd4b454d,cluster_6bc8d9d6c63f6508,nyc:305058580,2025-04-19,ROBBERY,robbery,True,40.747729,-73.986838,40.7477,-73.98681,3.9954,outcome_2025_exposure_supported,True,True,True,1,2,2,True,"('0_25', True, True)",PENDING,,
New York City,dfs_49e1ec851ff10de9,cluster_2ca9217be704b84a,nyc:315282969,2025-10-29,BURGLARY,burglary,True,40.726778,-73.853195,40.72657,-73.85321,23.1329,outcome_2025_exposure_supported,True,True,True,1,2,3,True,"('0_25', True, True)",PENDING,,
New York City,dfs_84feaf0ed772ff26,cluster_3a9deb073cf35650,nyc:305230799,2025-04-23,BURGLARY,burglary,True,40.849589,-73.934349,40.84967,-73.93458,21.4559,outcome_2025_exposure_supported,True,True,True,1,2,3,True,"('0_25', True, True)",PENDING,,
New York City,dfs_eea547e30be8cef5,cluster_97998f2ae4af664d,nyc:311018075,2025-08-11,ROBBERY,robbery,True,40.855571,-73.86766,40.85525,-73.86767,35.6574,outcome_2025_exposure_supported,False,True,True,0,2,4,True,"('25_50', True, True)",PENDING,,
New York City,dfs_2b8103d04a58419f,cluster_9fd796273deb72ff,nyc:313475812,2025-09-25,BURGLARY,burglary,True,40.849589,-73.934349,40.84973,-73.9347,33.485,outcome_2025_exposure_supported,False,True,True,1,3,3,False,"('25_50', True, True)",PENDING,,
New York City,dfs_fd67bab855b0b7fa,cluster_2e5e1ffaaf1f9f06,nyc:313528844,2025-09-26,BURGLARY,burglary,True,40.807102,-73.943874,40.80726,-73.94424,35.5193,outcome_2025_exposure_supported,False,True,True,1,2,3,False,"('25_50', True, True)",PENDING,,
New York City,dfs_4c1665643ad8e740,cluster_d2260c831717f3bd,nyc:316929428,2025-12-02,ROBBERY,robbery,True,40.75956952,-73.8301393,40.75983,-73.83026,30.6691,outcome_2025_exposure_supported,False,True,True,0,4,8,True,"('25_50', True, True)",PENDING,,
New York City,dfs_215314e0e5f30750,cluster_dcc3f146454183b9,nyc:302284650,2025-03-08,ROBBERY,robbery,True,40.721453463981256,-73.84397787334406,40.72115,-73.84416,37.0461,outcome_2025_exposure_supported,False,True,True,0,3,7,False,"('25_50', True, True)",PENDING,,
New York City,dfs_3b14b11e5e9940d2,cluster_e2daaa163d9940f9,nyc:308122466,2025-06-14,BURGLARY,burglary,True,40.741788,-73.985204,40.74175,-73.98515,6.2137,outcome_2025_exposure_supported,True,True,True,1,1,2,True,"('0_25', True, False)",PENDING,,
New York City,dfs_d779f7c22821dc6c,cluster_703a19ee78d26db2,nyc:305432888,2025-04-27,ROBBERY,robbery,True,40.742287,-73.980636,40.74219,-73.98068,11.3948,outcome_2025_exposure_supported,True,True,True,1,1,1,True,"('0_25', True, False)",PENDING,,
New York City,dfs_749ef28a78fafd86,cluster_80e800051c051f8d,nyc:309136310,2025-07-05,ROBBERY,robbery,True,40.756703,-73.9641,40.75682,-73.96403,14.2742,outcome_2025_exposure_supported,True,True,True,1,1,1,True,"('0_25', True, False)",PENDING,,
New York City,dfs_1bd8799123cd2d45,cluster_2282b7e867541fb3,nyc:301309390,2025-02-19,ROBBERY,robbery,True,40.850316,-73.936209,40.85032,-73.93614,5.8354,outcome_2025_exposure_supported,True,True,True,1,1,3,True,"('0_25', True, False)",PENDING,,
New York City,dfs_1fc41c5ac4edb76a,cluster_c911dadb299c61e6,nyc:306541449,2025-05-16,ROBBERY,robbery,True,40.824827,-73.891621,40.82474,-73.89177,15.8534,outcome_2025_exposure_supported,True,True,True,1,1,3,True,"('0_25', True, False)",PENDING,,
New York City,dfs_6999aa81742b9c63,cluster_875e3957c56cc92e,nyc:302277824,2025-03-07,BURGLARY,burglary,True,40.75604,-73.828537,40.75683,-73.82887,92.1254,outcome_2025_exposure_supported,False,False,True,2,3,6,False,"('50_100', True, True)",PENDING,,
New York City,dfs_996888fe27dbaee2,cluster_f55a2c0525522f4f,nyc:304640140,2025-03-30,BURGLARY,burglary,True,40.759929,-73.830313,40.75918,-73.82994,88.9395,outcome_2025_exposure_supported,False,False,True,4,5,10,False,"('50_100', True, True)",PENDING,,
New York City,dfs_9e637b875ba9c4c8,cluster_11f5702fa7bfa0dd,nyc:310413218,2025-07-30,ROBBERY,robbery,True,40.77949933,-73.98163207,40.78032,-73.98161,91.1542,outcome_2025_exposure_supported,False,False,True,2,2,4,False,"('50_100', True, True)",PENDING,,
New York City,dfs_0a555f7ea62c5ff6,cluster_02fa24443a9e5e3c,nyc:312994573,2025-09-14,BURGLARY,burglary,True,40.862431,-73.897564,40.8623,-73.89838,70.3182,outcome_2025_exposure_supported,False,False,True,2,2,6,False,"('50_100', True, True)",PENDING,,
New York City,dfs_fa9199284337a347,cluster_4530f539bcbdda25,nyc:305258255,2025-04-24,BURGLARY,burglary,True,40.730887,-73.992166,40.73135,-73.99174,62.7584,outcome_2025_exposure_supported,False,False,True,0,2,5,False,"('50_100', True, True)",PENDING,,
Buffalo,dfs_cc01e844ba9f9019,cluster_e34f2ed45a29ea94,buffalo:24-3010337,2024-10-26,BURGLARY,burglary,True,42.884,-78.88,42.88249,-78.87544,408.5555,background_2024,False,False,False,0,0,0,False,"('200_500', True, False)",PENDING,,
Buffalo,dfs_638de1f9a09a9fa5,cluster_8109f9a628a1f6fb,buffalo:24-0550132,2024-02-24,ROBBERY,robbery,True,42.886,-78.873,42.88762,-78.87497,241.4261,background_2024,False,False,False,0,1,1,False,"('200_500', True, False)",PENDING,,
Buffalo,dfs_977fc95895fa07e9,cluster_5dccdb7fd6c4fa30,buffalo:24-0381138,2024-02-07,BURGLARY,burglary,True,42.885,-78.855,42.88516,-78.84929,466.8042,background_2024,False,False,False,0,0,1,False,"('200_500', True, False)",PENDING,,
Buffalo,dfs_3b2d873a91b5f9fb,cluster_cf9b637a0334762b,buffalo:24-2020212,2024-07-20,BURGLARY,burglary,True,42.942,-78.836,42.94493,-78.83285,414.7822,background_2024,False,False,False,0,0,0,True,"('200_500', True, False)",PENDING,,
Buffalo,dfs_5ccadfa28fcaef0a,cluster_71dd44d6483cdf67,buffalo:24-2371313,2024-08-24,BURGLARY,burglary,True,42.912,-78.857,42.90881,-78.85424,419.9779,background_2024,False,False,False,0,0,0,False,"('200_500', True, False)",PENDING,,
Buffalo,dfs_a14abf45b6d87f28,cluster_5c0faeecf23d4d2d,buffalo:24-3240187,2024-11-14,LARCENY/THEFT,larceny,False,42.932,-78.845,42.92895,-78.84788,412.4053,background_2024,False,False,False,0,0,0,False,"('200_500', False, False)",PENDING,,
Buffalo,dfs_8ba2c99a4ba487ec,cluster_01405eeb56069209,buffalo:24-1920518,2024-07-10,LARCENY/THEFT,larceny,False,42.954,-78.879,42.95503,-78.87662,225.4124,background_2024,False,False,False,0,0,0,True,"('200_500', False, False)",PENDING,,
Buffalo,dfs_5d2cfaf19202cf65,cluster_b8a2abbfd27010fc,buffalo:24-2610755,2024-09-17,LARCENY/THEFT,larceny,False,42.889,-78.877,42.88881,-78.8717,433.4591,background_2024,False,False,False,0,0,2,False,"('200_500', False, False)",PENDING,,
Buffalo,dfs_86ad9cc384b94c48,cluster_497eef227862620e,buffalo:24-1171038,2024-04-26,LARCENY/THEFT,larceny,False,42.951,-78.857,42.94772,-78.85425,427.9469,background_2024,False,False,False,0,0,0,True,"('200_500', False, False)",PENDING,,
Buffalo,dfs_991c56a32e9cd118,cluster_9a766c17113b0239,buffalo:24-1230530,2024-05-02,LARCENY/THEFT,larceny,False,42.895,-78.837,42.89244,-78.83812,298.7441,background_2024,False,False,False,0,0,0,False,"('200_500', False, False)",PENDING,,
Buffalo,dfs_2c5c3b2822312a3d,cluster_c36a141c78723cce,buffalo:25-2160485,2025-08-04,LARCENY/THEFT,larceny,False,42.852,-78.805,42.85262,-78.80578,93.8533,outcome_2025_exposure_supported,False,False,True,0,0,1,True,"('50_100', False, False)",PENDING,,
Buffalo,dfs_08c75b62ec116542,cluster_b014733cd55e9bce,buffalo:25-3030589,2025-10-30,LARCENY/THEFT,larceny,False,42.91,-78.877,42.90942,-78.87711,65.0559,outcome_2025_exposure_supported,False,False,True,0,0,2,False,"('50_100', False, False)",PENDING,,
Buffalo,dfs_b0ee454f7dbd1134,cluster_fe2e9ae559ed01f4,buffalo:25-3420807,2025-12-08,LARCENY/THEFT,larceny,False,42.854,-78.808,42.85364,-78.80839,51.1418,outcome_2025_exposure_supported,False,False,True,0,0,1,True,"('50_100', False, False)",PENDING,,
Buffalo,dfs_4e1d9eeb8835fa95,cluster_3dd7eaffffba7058,buffalo:25-0480306,2025-02-17,LARCENY/THEFT,larceny,False,42.885,-78.855,42.88498,-78.85405,77.64,outcome_2025_exposure_supported,False,False,True,0,0,1,True,"('50_100', False, False)",PENDING,,
Buffalo,dfs_7c389cd0d745ca6c,cluster_bc44232aaedf5b44,buffalo:25-1831166,2025-07-02,LARCENY/THEFT,larceny,False,42.891,-78.875,42.8906,-78.8759,85.9028,outcome_2025_exposure_supported,False,False,True,0,0,1,True,"('50_100', False, False)",PENDING,,
Buffalo,dfs_66387fc226948722,cluster_d07a4f0ebe2bd45f,buffalo:25-3360817,2025-12-02,LARCENY/THEFT,larceny,False,42.89,-78.873,42.88982,-78.87306,20.5882,outcome_2025_exposure_supported,True,True,True,1,2,2,True,"('0_25', False, True)",PENDING,,
Buffalo,dfs_66387fc226948722,cluster_d07a4f0ebe2bd45f,buffalo:25-1050403,2025-04-06,LARCENY/THEFT,larceny,False,42.89,-78.873,42.88982,-78.87306,20.5882,outcome_2025_exposure_supported,True,True,True,1,2,2,True,"('0_25', False, True)",PENDING,,
Buffalo,dfs_2bbb1d3e40d88475,cluster_350401fbb613694c,buffalo:25-2400465,2025-08-25,LARCENY/THEFT,larceny,False,42.957,-78.87,42.95703,-78.86975,20.6699,outcome_2025_exposure_supported,True,True,True,2,2,2,True,"('0_25', False, True)",PENDING,,
Buffalo,dfs_66387fc226948722,cluster_d07a4f0ebe2bd45f,buffalo:25-2530622,2025-09-10,LARCENY/THEFT,larceny,False,42.89,-78.873,42.88982,-78.87306,20.5882,outcome_2025_exposure_supported,True,True,True,1,2,2,True,"('0_25', False, True)",PENDING,,
Buffalo,dfs_90911e99223e1f8e,cluster_7ddd3be7697bab98,buffalo:25-1671116,2025-06-11,LARCENY/THEFT,larceny,False,42.947,-78.869,42.94711,-78.8689,14.6947,outcome_2025_exposure_supported,True,True,True,1,2,3,True,"('0_25', False, True)",PENDING,,
Buffalo,dfs_14463fd146ecef79,cluster_778742a15e0f1819,buffalo:25-3360817,2025-12-02,LARCENY/THEFT,larceny,False,42.89,-78.873,42.89029,-78.87296,32.3815,outcome_2025_exposure_supported,False,True,True,1,2,2,False,"('25_50', False, True)",PENDING,,
Buffalo,dfs_0bc7d524efb67136,cluster_b8a2abbfd27010fc,buffalo:25-2930655,2025-08-19,LARCENY/THEFT,larceny,False,42.889,-78.872,42.88881,-78.8717,32.3431,outcome_2025_exposure_supported,False,True,True,0,2,2,True,"('25_50', False, True)",PENDING,,
Buffalo,dfs_765428c440dcf313,cluster_7cfe41c35612755e,buffalo:25-1671116,2025-06-11,LARCENY/THEFT,larceny,False,42.947,-78.869,42.94712,-78.86862,33.756,outcome_2025_exposure_supported,False,True,True,1,2,3,False,"('25_50', False, True)",PENDING,,
Buffalo,dfs_5d2cfaf19202cf65,cluster_b8a2abbfd27010fc,buffalo:25-2930655,2025-08-19,LARCENY/THEFT,larceny,False,42.889,-78.872,42.88881,-78.8717,32.3431,outcome_2025_exposure_supported,False,True,True,0,2,2,False,"('25_50', False, True)",PENDING,,
Buffalo,dfs_14463fd146ecef79,cluster_778742a15e0f1819,buffalo:25-1050403,2025-04-06,LARCENY/THEFT,larceny,False,42.89,-78.873,42.89029,-78.87296,32.3815,outcome_2025_exposure_supported,False,True,True,1,2,2,False,"('25_50', False, True)",PENDING,,
Buffalo,dfs_089842ccfc25c26a,cluster_413ece560976721a,buffalo:25-2350941,2025-08-23,LARCENY/THEFT,larceny,False,42.947,-78.869,42.94634,-78.86887,74.0841,outcome_2025_exposure_supported,False,False,True,1,2,3,False,"('50_100', False, True)",PENDING,,
Buffalo,dfs_089842ccfc25c26a,cluster_413ece560976721a,buffalo:25-1671116,2025-06-11,LARCENY/THEFT,larceny,False,42.947,-78.869,42.94634,-78.86887,74.0841,outcome_2025_exposure_supported,False,False,True,1,2,3,False,"('50_100', False, True)",PENDING,,
Buffalo,dfs_089842ccfc25c26a,cluster_413ece560976721a,buffalo:25-0360464,2025-01-30,LARCENY/THEFT,larceny,False,42.947,-78.869,42.94634,-78.86887,74.0841,outcome_2025_exposure_supported,False,False,True,1,2,3,False,"('50_100', False, True)",PENDING,,
Buffalo,dfs_8340b8d6a14c6220,cluster_3d9f59425fc5271e,buffalo:24-1840802,2024-07-02,ROBBERY,robbery,True,42.89,-78.873,42.88667,-78.87406,379.9305,background_2024,False,False,False,1,2,2,False,"('200_500', True, True)",PENDING,,
Buffalo,dfs_55ea817d8fd62e16,cluster_265d21a3bf0c3103,buffalo:24-1840802,2024-07-02,ROBBERY,robbery,True,42.89,-78.873,42.8859,-78.87354,457.6024,background_2024,False,False,False,1,2,2,False,"('200_500', True, True)",PENDING,,
Buffalo,dfs_638de1f9a09a9fa5,cluster_8109f9a628a1f6fb,buffalo:24-1840802,2024-07-02,ROBBERY,robbery,True,42.89,-78.873,42.88762,-78.87497,309.5188,background_2024,False,False,False,1,2,2,False,"('200_500', True, True)",PENDING,,
Buffalo,dfs_b5043c6b081b819f,cluster_48f4ea93de91bd5a,buffalo:24-1840802,2024-07-02,ROBBERY,robbery,True,42.89,-78.873,42.89124,-78.87659,323.9934,background_2024,False,False,False,1,2,2,False,"('200_500', True, True)",PENDING,,
Buffalo,dfs_7c389cd0d745ca6c,cluster_bc44232aaedf5b44,buffalo:24-1840802,2024-07-02,ROBBERY,robbery,True,42.89,-78.873,42.8906,-78.8759,246.0878,background_2024,False,False,False,1,2,2,False,"('200_500', True, True)",PENDING,,
Buffalo,dfs_b0d8becc50e7051b,cluster_e759da10f931230c,buffalo:25-1941143,2025-07-13,ROBBERY,robbery,True,42.893,-78.838,42.89323,-78.83684,98.1359,outcome_2025_exposure_supported,False,False,True,0,0,2,False,"('50_100', True, False)",PENDING,,
Buffalo,dfs_809986e1cc5faddc,cluster_7996a1daed3b60d8,buffalo:25-0130251,2025-01-13,BURGLARY,burglary,True,42.916,-78.877,42.91663,-78.87705,70.1064,outcome_2025_exposure_supported,False,False,True,0,0,1,True,"('50_100', True, False)",PENDING,,
Buffalo,dfs_120f0391cb881c3d,cluster_6a080e42bbe82288,buffalo:25-0910548,2025-03-28,BURGLARY,burglary,True,42.95,-78.903,42.95024,-78.9041,93.6434,outcome_2025_exposure_supported,False,False,True,0,0,1,True,"('50_100', True, False)",PENDING,,
Buffalo,dfs_e581ff6317a87a50,cluster_f5dcebec6aac5a6e,buffalo:25-0170723,2025-01-16,BURGLARY,burglary,True,42.935,-78.903,42.93469,-78.90232,65.322,outcome_2025_exposure_supported,False,False,True,0,0,1,True,"('50_100', True, False)",PENDING,,
Buffalo,dfs_6fdcdafa4b3fb1a1,cluster_c9df4c8cd1e8d01f,buffalo:25-2690149,2025-09-26,BURGLARY,burglary,True,42.885,-78.874,42.88533,-78.8745,54.885,outcome_2025_exposure_supported,False,False,True,0,0,1,True,"('50_100', True, False)",PENDING,,
Buffalo,dfs_ac9c90beea125df0,cluster_2859e6e5860c8b19,buffalo:25-0310553,2025-01-31,LARCENY/THEFT,larceny,False,42.922,-78.877,42.92233,-78.87702,36.6964,outcome_2025_exposure_supported,False,True,True,0,1,1,True,"('25_50', False, False)",PENDING,,
Buffalo,dfs_3309772265b1f072,cluster_f4658537b1eae621,buffalo:25-0990699,2025-04-07,LARCENY/THEFT,larceny,False,42.911,-78.877,42.91142,-78.8771,47.3674,outcome_2025_exposure_supported,False,True,True,0,1,2,True,"('25_50', False, False)",PENDING,,
Buffalo,dfs_ac9c90beea125df0,cluster_2859e6e5860c8b19,buffalo:25-2080996,2025-07-27,LARCENY/THEFT,larceny,False,42.922,-78.877,42.92233,-78.87702,36.6964,outcome_2025_exposure_supported,False,True,True,0,1,1,True,"('25_50', False, False)",PENDING,,
Buffalo,dfs_b5043c6b081b819f,cluster_48f4ea93de91bd5a,buffalo:25-2980671,2025-10-25,LARCENY/THEFT,larceny,False,42.891,-78.877,42.89124,-78.87659,42.8075,outcome_2025_exposure_supported,False,True,True,0,1,1,True,"('25_50', False, False)",PENDING,,
Buffalo,dfs_809986e1cc5faddc,cluster_7996a1daed3b60d8,buffalo:25-1261187,2025-05-06,LARCENY/THEFT,larceny,False,42.917,-78.877,42.91663,-78.87705,41.306,outcome_2025_exposure_supported,False,True,True,0,1,1,True,"('25_50', False, False)",PENDING,,
Buffalo,dfs_be34331872a1e3c5,cluster_7cb382e1bc34cbaa,buffalo:25-0200594,2025-01-20,LARCENY/THEFT,larceny,False,42.872,-78.864,42.87186,-78.86409,17.2036,outcome_2025_exposure_supported,True,True,True,1,1,1,True,"('0_25', False, False)",PENDING,,
Buffalo,dfs_be34331872a1e3c5,cluster_7cb382e1bc34cbaa,buffalo:25-3500216,2025-12-16,LARCENY/THEFT,larceny,False,42.872,-78.864,42.87186,-78.86409,17.2036,outcome_2025_exposure_supported,True,True,True,1,1,1,True,"('0_25', False, False)",PENDING,,
Buffalo,dfs_be34331872a1e3c5,cluster_7cb382e1bc34cbaa,buffalo:25-3200312,2025-11-16,LARCENY/THEFT,larceny,False,42.872,-78.864,42.87186,-78.86409,17.2036,outcome_2025_exposure_supported,True,True,True,1,1,1,True,"('0_25', False, False)",PENDING,,
Buffalo,dfs_be34331872a1e3c5,cluster_7cb382e1bc34cbaa,buffalo:25-3120294,2025-11-08,LARCENY/THEFT,larceny,False,42.872,-78.864,42.87186,-78.86409,17.2036,outcome_2025_exposure_supported,True,True,True,1,1,1,True,"('0_25', False, False)",PENDING,,
Buffalo,dfs_989ee4cd8a667963,cluster_37406993b25f79cf,buffalo:25-1390453,2025-05-19,LARCENY/THEFT,larceny,False,42.896,-78.886,42.89602,-78.8863,24.604,outcome_2025_exposure_supported,True,True,True,1,1,1,True,"('0_25', False, False)",PENDING,,
Buffalo,dfs_809986e1cc5faddc,cluster_7996a1daed3b60d8,buffalo:25-2500463,2025-09-06,BURGLARY,burglary,True,42.917,-78.877,42.91663,-78.87705,41.306,outcome_2025_exposure_supported,False,True,True,0,1,1,True,"('25_50', True, False)",PENDING,,
Buffalo,dfs_a0b50fb75dbf9e57,cluster_00cb0b8b2d3b5533,buffalo:25-1230730,2025-05-03,ROBBERY,robbery,True,42.915,-78.89,42.91529,-78.89024,37.7085,outcome_2025_exposure_supported,False,True,True,0,1,1,True,"('25_50', True, False)",PENDING,,
Buffalo,dfs_b5043c6b081b819f,cluster_48f4ea93de91bd5a,buffalo:25-2510578,2025-09-08,ROBBERY,robbery,True,42.891,-78.877,42.89124,-78.87659,42.8075,outcome_2025_exposure_supported,False,True,True,0,1,1,True,"('25_50', True, False)",PENDING,,
Buffalo,dfs_8c9f6f2f2d553c21,cluster_21e90fbc9e67c2fb,buffalo:25-3160370,2025-11-12,ROBBERY,robbery,True,42.923,-78.856,42.92279,-78.8562,28.4758,outcome_2025_exposure_supported,False,True,True,0,1,1,True,"('25_50', True, False)",PENDING,,
Buffalo,dfs_55ea817d8fd62e16,cluster_265d21a3bf0c3103,buffalo:25-2560776,2025-09-12,ROBBERY,robbery,True,42.886,-78.873,42.8859,-78.87354,45.4908,outcome_2025_exposure_supported,False,True,True,0,1,1,True,"('25_50', True, False)",PENDING,,
Buffalo,dfs_7c389cd0d745ca6c,cluster_bc44232aaedf5b44,buffalo:24-2660903,2024-09-22,LARCENY/THEFT,larceny,False,42.89,-78.873,42.8906,-78.8759,246.0878,background_2024,False,False,False,1,2,2,False,"('200_500', False, True)",PENDING,,
Buffalo,dfs_638de1f9a09a9fa5,cluster_8109f9a628a1f6fb,buffalo:24-2490850,2024-09-05,LARCENY/THEFT,larceny,False,42.89,-78.873,42.88762,-78.87497,309.5188,background_2024,False,False,False,1,2,2,False,"('200_500', False, True)",PENDING,,
Buffalo,dfs_ee7d9ce3f379f59f,cluster_e85ba47b1f0fc075,buffalo:24-2320869,2024-08-19,LARCENY/THEFT,larceny,False,42.887,-78.88,42.88541,-78.87847,216.3827,background_2024,False,False,False,2,2,2,False,"('200_500', False, True)",PENDING,,
Buffalo,dfs_d3709192987363a3,cluster_2633b39db7f18a87,buffalo:24-2320869,2024-08-19,LARCENY/THEFT,larceny,False,42.887,-78.88,42.88609,-78.87626,321.8143,background_2024,False,False,False,2,2,2,False,"('200_500', False, True)",PENDING,,
Buffalo,dfs_55ea817d8fd62e16,cluster_265d21a3bf0c3103,buffalo:24-2490850,2024-09-05,LARCENY/THEFT,larceny,False,42.89,-78.873,42.8859,-78.87354,457.6024,background_2024,False,False,False,1,2,2,False,"('200_500', False, True)",PENDING,,
Buffalo,dfs_66387fc226948722,cluster_d07a4f0ebe2bd45f,buffalo:25-0160225,2025-01-16,BURGLARY,burglary,True,42.89,-78.873,42.88982,-78.87306,20.5882,outcome_2025_exposure_supported,True,True,True,1,2,2,True,"('0_25', True, True)",PENDING,,
Buffalo,dfs_66387fc226948722,cluster_d07a4f0ebe2bd45f,buffalo:25-1990592,2025-07-18,ROBBERY,robbery,True,42.89,-78.873,42.88982,-78.87306,20.5882,outcome_2025_exposure_supported,True,True,True,1,2,2,True,"('0_25', True, True)",PENDING,,
Buffalo,dfs_0bc7d524efb67136,cluster_b8a2abbfd27010fc,buffalo:25-2350208,2025-08-23,ROBBERY,robbery,True,42.889,-78.872,42.88881,-78.8717,32.3431,outcome_2025_exposure_supported,False,True,True,0,2,2,True,"('25_50', True, True)",PENDING,,
Buffalo,dfs_14463fd146ecef79,cluster_778742a15e0f1819,buffalo:25-1990592,2025-07-18,ROBBERY,robbery,True,42.89,-78.873,42.89029,-78.87296,32.3815,outcome_2025_exposure_supported,False,True,True,1,2,2,False,"('25_50', True, True)",PENDING,,
Buffalo,dfs_5d2cfaf19202cf65,cluster_b8a2abbfd27010fc,buffalo:25-2350208,2025-08-23,ROBBERY,robbery,True,42.889,-78.872,42.88881,-78.8717,32.3431,outcome_2025_exposure_supported,False,True,True,0,2,2,False,"('25_50', True, True)",PENDING,,
Buffalo,dfs_14463fd146ecef79,cluster_778742a15e0f1819,buffalo:25-0160225,2025-01-16,BURGLARY,burglary,True,42.89,-78.873,42.89029,-78.87296,32.3815,outcome_2025_exposure_supported,False,True,True,1,2,2,False,"('25_50', True, True)",PENDING,,
Buffalo,dfs_be34331872a1e3c5,cluster_7cb382e1bc34cbaa,buffalo:25-3190254,2025-11-15,ROBBERY,robbery,True,42.872,-78.864,42.87186,-78.86409,17.2036,outcome_2025_exposure_supported,True,True,True,1,1,1,True,"('0_25', True, False)",PENDING,,
Buffalo,dfs_cfd2433b4f3ab2a9,cluster_5715cb8a7740827d,buffalo:25-1770458,2025-06-26,BURGLARY,burglary,True,42.939,-78.839,42.93891,-78.83925,22.7232,outcome_2025_exposure_supported,True,True,True,1,1,1,True,"('0_25', True, False)",PENDING,,
Buffalo,dfs_989ee4cd8a667963,cluster_37406993b25f79cf,buffalo:25-1680607,2025-06-17,BURGLARY,burglary,True,42.896,-78.886,42.89602,-78.8863,24.604,outcome_2025_exposure_supported,True,True,True,1,1,1,True,"('0_25', True, False)",PENDING,,
Buffalo,dfs_4e1d9eeb8835fa95,cluster_3dd7eaffffba7058,buffalo:25-0430031,2025-02-12,ROBBERY,robbery,True,42.885,-78.854,42.88498,-78.85405,4.6498,outcome_2025_exposure_supported,True,True,True,1,1,1,True,"('0_25', True, False)",PENDING,,
Rochester,dfs_633e1e9f9f65ae97,cluster_eeaa351aa8f0b1dd,rochester:2025-00144782,2025-07-05,Larceny,larceny,False,43.147710000156884,-77.57747100020322,43.1481,-77.57773,48.1781,outcome_2025_exposure_supported,False,True,True,0,1,1,True,"('25_50', False, False)",PENDING,,
Rochester,dfs_a728a336c1f97c39,cluster_f892184ecc83c0e0,rochester:2025-00052510,2025-03-14,Larceny,larceny,False,43.15459500019706,-77.61826349960977,43.15449,-77.61782,37.9118,outcome_2025_exposure_supported,False,True,True,0,1,1,True,"('25_50', False, False)",PENDING,,
Rochester,dfs_a728a336c1f97c39,cluster_f892184ecc83c0e0,rochester:2025-00017478,2025-01-23,Larceny,larceny,False,43.15459500019706,-77.61826349960977,43.15449,-77.61782,37.9118,outcome_2025_exposure_supported,False,True,True,0,1,1,True,"('25_50', False, False)",PENDING,,
Rochester,dfs_4606e978a45cc55a,cluster_6e5176656e369953,rochester:2025-00025633,2025-02-04,Larceny,larceny,False,43.1584109998012,-77.60487600048307,43.15846,-77.60518,25.3168,outcome_2025_exposure_supported,False,True,True,0,1,1,True,"('25_50', False, False)",PENDING,,
Rochester,dfs_4d75618a8115915f,cluster_7b1379a613c3ece7,rochester:2025-00105189,2025-05-16,Larceny,larceny,False,43.13561399985272,-77.60616300027218,43.13569,-77.60657,34.1735,outcome_2025_exposure_supported,False,True,True,0,1,1,True,"('25_50', False, False)",PENDING,,
Rochester,dfs_eaa673ff4c6479ee,cluster_39c07040bb37825c,rochester:2025-00219002,2025-09-28,Larceny,larceny,False,43.145945999820505,-77.59313099981178,43.14579,-77.59236,65.0696,outcome_2025_exposure_supported,False,False,True,0,0,1,True,"('50_100', False, False)",PENDING,,
Rochester,dfs_8114a043f4b23dc0,cluster_02acbdf5784f78c3,rochester:2025-00258087,2025-11-11,Larceny,larceny,False,43.123049999723946,-77.62427549993727,43.1239,-77.62437,94.7435,outcome_2025_exposure_supported,False,False,True,0,0,1,True,"('50_100', False, False)",PENDING,,
Rochester,dfs_8114a043f4b23dc0,cluster_02acbdf5784f78c3,rochester:2025-00109458,2025-05-06,Larceny,larceny,False,43.123049999723946,-77.62427549993727,43.1239,-77.62437,94.7435,outcome_2025_exposure_supported,False,False,True,0,0,1,True,"('50_100', False, False)",PENDING,,
Rochester,dfs_c1b5a9505997c121,cluster_9be37c2f51dc678f,rochester:2025-00033611,2025-02-19,Larceny,larceny,False,43.158005999717744,-77.60355750027563,43.15744,-77.6039,68.7742,outcome_2025_exposure_supported,False,False,True,0,0,1,True,"('50_100', False, False)",PENDING,,
Rochester,dfs_8114a043f4b23dc0,cluster_02acbdf5784f78c3,rochester:2025-00262915,2025-11-20,Larceny,larceny,False,43.123049999723946,-77.62427549993727,43.1239,-77.62437,94.7435,outcome_2025_exposure_supported,False,False,True,0,0,1,True,"('50_100', False, False)",PENDING,,
Rochester,dfs_c95905c085cfa431,cluster_d83891a93655220c,rochester:2024-00169062,2024-07-25,Robbery,robbery,True,43.154046000413366,-77.59450350000746,43.15024,-77.5965,452.943,background_2024,False,False,False,0,0,0,False,"('200_500', True, False)",PENDING,,
Rochester,dfs_f4d84445ec4acc1b,cluster_e6495867a3fc152a,rochester:2024-00235635,2024-10-09,Burglary,burglary,True,43.13157299962604,-77.62128750004511,43.13333,-77.61957,240.0618,background_2024,False,False,False,0,0,0,False,"('200_500', True, False)",PENDING,,
Rochester,dfs_13b555d9b484aee9,cluster_9eb8d277fd079ac7,rochester:2024-00064761,2024-03-30,Robbery,robbery,True,43.15817700027177,-77.59970550005653,43.15589,-77.59769,302.3684,background_2024,False,False,False,0,0,0,True,"('200_500', True, False)",PENDING,,
Rochester,dfs_e99261cdb104b20e,cluster_c0835209bcd0ba85,rochester:2024-00042787,2024-02-29,Burglary,burglary,True,43.15729500006683,-77.60194200032277,43.15621,-77.60601,352.1374,background_2024,False,False,False,0,0,0,False,"('200_500', True, False)",PENDING,,
Rochester,dfs_011e2e213148822f,cluster_9ba16ffd5260a92d,rochester:2024-00255829,2024-11-03,Burglary,burglary,True,43.15551299976864,-77.60663550044754,43.15593,-77.61151,399.1637,background_2024,False,False,False,0,0,1,False,"('200_500', True, False)",PENDING,,
Rochester,dfs_9c80a2c2fcb567f7,cluster_864a016e3bdc4b6f,rochester:2024-00202373,2024-09-01,Larceny,larceny,False,43.15310099981023,-77.60925900029359,43.15255,-77.60357,466.7666,background_2024,False,False,False,0,0,0,False,"('200_500', False, False)",PENDING,,
Rochester,dfs_c95905c085cfa431,cluster_d83891a93655220c,rochester:2024-00099390,2024-05-11,Larceny,larceny,False,43.149177000402744,-77.60107350052343,43.15024,-77.5965,390.3152,background_2024,False,False,False,0,0,0,False,"('200_500', False, False)",PENDING,,
Rochester,dfs_c1b5a9505997c121,cluster_9be37c2f51dc678f,rochester:2024-00019778,2024-01-25,Larceny,larceny,False,43.15435200000601,-77.60060100039794,43.15744,-77.6039,435.5338,background_2024,False,False,False,0,0,0,False,"('200_500', False, False)",PENDING,,
Rochester,dfs_9f198afac612868f,cluster_42401d27ac90792c,rochester:2024-00258241,2024-11-07,Larceny,larceny,False,43.15599900030337,-77.60267550046913,43.15739,-77.60521,257.6322,background_2024,False,False,False,0,0,0,False,"('200_500', False, False)",PENDING,,
Rochester,dfs_cb462e3d552291fb,cluster_ac35652dbf25b988,rochester:2024-00292092,2024-12-23,Larceny,larceny,False,43.14668399970862,-77.5479194997199,43.14522,-77.55359,489.1158,background_2024,False,False,False,0,0,0,True,"('200_500', False, False)",PENDING,,
Rochester,dfs_a0f2abfe63aa90fe,cluster_68180c104cba82fc,rochester:2025-00152494,2025-07-13,Burglary,burglary,True,43.156358999785525,-77.61131549994742,43.1569,-77.61149,61.7558,outcome_2025_exposure_supported,False,False,True,0,0,2,False,"('50_100', True, False)",PENDING,,
Rochester,dfs_8558c24f5babf9d2,cluster_5a442308e4894d0a,rochester:2025-00034689,2025-02-20,Robbery,robbery,True,43.18784099973549,-77.58505800035607,43.18735,-77.58446,73.0666,outcome_2025_exposure_supported,False,False,True,0,0,1,True,"('50_100', True, False)",PENDING,,
Rochester,dfs_65f1246d8c224b05,cluster_e2d9d71da339648e,rochester:2025-00266581,2025-11-25,Robbery,robbery,True,43.1844209997114,-77.56540649998696,43.18452,-77.56628,71.8593,outcome_2025_exposure_supported,False,False,True,0,0,1,True,"('50_100', True, False)",PENDING,,
Rochester,dfs_8114a043f4b23dc0,cluster_02acbdf5784f78c3,rochester:2025-00017495,2025-01-26,Burglary,burglary,True,43.123049999723946,-77.62427549993727,43.1239,-77.62437,94.7435,outcome_2025_exposure_supported,False,False,True,0,0,1,True,"('50_100', True, False)",PENDING,,
Rochester,dfs_1fd0868c718adcf2,cluster_6653ff53a1de9d7b,rochester:2025-00072891,2025-04-13,Robbery,robbery,True,43.164900000269995,-77.62667400024883,43.16503,-77.62595,60.623,outcome_2025_exposure_supported,False,False,True,0,0,1,True,"('50_100', True, False)",PENDING,,
Rochester,dfs_8a609a381506974c,cluster_acaaafe1a57b9bba,rochester:2024-00069045,2024-04-05,Larceny,larceny,False,43.15705199969831,-77.6059604995933,43.15499,-77.60318,321.9026,background_2024,False,False,False,0,2,5,False,"('200_500', False, True)",PENDING,,
Rochester,dfs_8a609a381506974c,cluster_acaaafe1a57b9bba,rochester:2024-00252529,2024-10-30,Larceny,larceny,False,43.15726799959822,-77.60664449939947,43.15499,-77.60318,378.7464,background_2024,False,False,False,1,3,3,False,"('200_500', False, True)",PENDING,,
Rochester,dfs_c1b5a9505997c121,cluster_9be37c2f51dc678f,rochester:2024-00252529,2024-10-30,Larceny,larceny,False,43.15726799959822,-77.60664449939947,43.15744,-77.6039,224.0336,background_2024,False,False,False,1,3,3,False,"('200_500', False, True)",PENDING,,
Rochester,dfs_32bd5fdec29348ec,cluster_fa7dd44545701fa9,rochester:2024-00074049,2024-04-12,Larceny,larceny,False,43.15545900021701,-77.61279599942569,43.15349,-77.61793,471.4069,background_2024,False,False,False,2,2,3,False,"('200_500', False, True)",PENDING,,
Rochester,dfs_7c1e78337a20ec5c,cluster_9058a48406e00009,rochester:2024-00252529,2024-10-30,Larceny,larceny,False,43.15726799959822,-77.60664449939947,43.15489,-77.60546,281.2038,background_2024,False,False,False,1,3,3,False,"('200_500', False, True)",PENDING,,
Rochester,dfs_45c9f5d981c0c3dc,cluster_137c584e11033f57,rochester:2025-00243407,2025-10-27,Robbery,robbery,True,43.151417999898875,-77.57092349948721,43.15164,-77.57086,25.1983,outcome_2025_exposure_supported,False,True,True,0,1,1,True,"('25_50', True, False)",PENDING,,
Rochester,dfs_238502b6353dea7e,cluster_3fb8f79515180e42,rochester:2025-00272501,2025-12-03,Burglary,burglary,True,43.12360799982025,-77.61843900055425,43.12347,-77.61813,29.4508,outcome_2025_exposure_supported,False,True,True,0,1,1,True,"('25_50', True, False)",PENDING,,
Rochester,dfs_505a97e8ac349c24,cluster_a3c0488a63be3013,rochester:2025-00055021,2025-03-20,Robbery,robbery,True,43.15906800031554,-77.54817599957356,43.15936,-77.54808,33.3663,outcome_2025_exposure_supported,False,True,True,0,1,2,True,"('25_50', True, False)",PENDING,,
Rochester,dfs_eaa673ff4c6479ee,cluster_39c07040bb37825c,rochester:2025-00242112,2025-10-25,Robbery,robbery,True,43.14596400019695,-77.59292400039355,43.14579,-77.59236,49.7862,outcome_2025_exposure_supported,False,True,True,0,1,1,True,"('25_50', True, False)",PENDING,,
Rochester,dfs_7fcecada14761565,cluster_8e8aa542a6fde251,rochester:2025-00098374,2025-05-14,Robbery,robbery,True,43.14933899964344,-77.59785599950598,43.14937,-77.5974,37.252,outcome_2025_exposure_supported,False,True,True,0,1,1,True,"('25_50', True, False)",PENDING,,
Rochester,dfs_247c3098348cdf3e,cluster_d83e417a4ed3f965,rochester:2025-00081102,2025-04-23,Robbery,robbery,True,43.16219099970365,-77.58198899944384,43.16198,-77.58204,23.8053,outcome_2025_exposure_supported,True,True,True,1,1,1,True,"('0_25', True, False)",PENDING,,
Rochester,dfs_65f1246d8c224b05,cluster_e2d9d71da339648e,rochester:2025-00027444,2025-02-10,Robbery,robbery,True,43.184582999961286,-77.56618050006796,43.18452,-77.56628,10.6967,outcome_2025_exposure_supported,True,True,True,1,1,1,True,"('0_25', True, False)",PENDING,,
Rochester,dfs_3699c865fdc46142,cluster_7ecf1a8e7c55d685,rochester:2025-00247772,2025-11-01,Robbery,robbery,True,43.11462600012408,-77.61162599946513,43.11455,-77.61148,14.577,outcome_2025_exposure_supported,True,True,True,1,1,1,True,"('0_25', True, False)",PENDING,,
Rochester,dfs_e592d6c9a3870c49,cluster_63047e7ec7149f68,rochester:2025-00156522,2025-07-16,Robbery,robbery,True,43.16846399963987,-77.57971649972217,43.16839,-77.57973,8.294,outcome_2025_exposure_supported,True,True,True,1,1,1,True,"('0_25', True, False)",PENDING,,
Rochester,dfs_eaa673ff4c6479ee,cluster_39c07040bb37825c,rochester:2025-00092428,2025-05-07,Robbery,robbery,True,43.14593700014307,-77.59222199977204,43.14579,-77.59236,19.8173,outcome_2025_exposure_supported,True,True,True,1,1,1,True,"('0_25', True, False)",PENDING,,
Rochester,dfs_9c80a2c2fcb567f7,cluster_864a016e3bdc4b6f,rochester:2025-00140497,2025-06-27,Larceny,larceny,False,43.152587999726215,-77.60329650019854,43.15255,-77.60357,22.6432,outcome_2025_exposure_supported,True,True,True,1,1,1,True,"('0_25', False, False)",PENDING,,
Rochester,dfs_247c3098348cdf3e,cluster_d83e417a4ed3f965,rochester:2026-00027924,2025-12-27,Larceny,larceny,False,43.16219099970365,-77.58198899944384,43.16198,-77.58204,23.8053,outcome_2025_exposure_supported,True,True,True,1,1,1,True,"('0_25', False, False)",PENDING,,
Rochester,dfs_beb9b24ffa1518f7,cluster_be3c43f09a7788fb,rochester:2025-00159796,2025-07-21,Larceny,larceny,False,43.16988599981437,-77.60988900018954,43.17001,-77.61005,19.0045,outcome_2025_exposure_supported,True,True,True,1,1,1,True,"('0_25', False, False)",PENDING,,
Rochester,dfs_247c3098348cdf3e,cluster_d83e417a4ed3f965,rochester:2026-00125258,2025-09-18,Larceny,larceny,False,43.16219099970365,-77.58198899944384,43.16198,-77.58204,23.8053,outcome_2025_exposure_supported,True,True,True,1,1,1,True,"('0_25', False, False)",PENDING,,
Rochester,dfs_497685504704a47a,cluster_9f51152147b02a26,rochester:2025-00156739,2025-07-18,Larceny,larceny,False,43.15688999991707,-77.60648249991502,43.15707,-77.60637,21.9912,outcome_2025_exposure_supported,True,True,True,1,1,2,True,"('0_25', False, False)",PENDING,,
Rochester,dfs_011e2e213148822f,cluster_9ba16ffd5260a92d,rochester:2024-00178736,2024-08-02,Burglary,burglary,True,43.15726799959822,-77.60664449939947,43.15593,-77.61151,422.7254,background_2024,False,False,False,1,3,3,False,"('200_500', True, True)",PENDING,,
Rochester,dfs_7c1e78337a20ec5c,cluster_9058a48406e00009,rochester:2024-00178736,2024-08-02,Burglary,burglary,True,43.15726799959822,-77.60664449939947,43.15489,-77.60546,281.2038,background_2024,False,False,False,1,3,3,False,"('200_500', True, True)",PENDING,,
Rochester,dfs_c1b5a9505997c121,cluster_9be37c2f51dc678f,rochester:2024-00178736,2024-08-02,Burglary,burglary,True,43.15726799959822,-77.60664449939947,43.15744,-77.6039,224.0336,background_2024,False,False,False,1,3,3,False,"('200_500', True, True)",PENDING,,
Rochester,dfs_8a609a381506974c,cluster_acaaafe1a57b9bba,rochester:2024-00178736,2024-08-02,Burglary,burglary,True,43.15726799959822,-77.60664449939947,43.15499,-77.60318,378.7464,background_2024,False,False,False,1,3,3,False,"('200_500', True, True)",PENDING,,
Rochester,dfs_a0f2abfe63aa90fe,cluster_68180c104cba82fc,rochester:2024-00178736,2024-08-02,Burglary,burglary,True,43.15726799959822,-77.60664449939947,43.1569,-77.61149,396.2137,background_2024,False,False,False,1,3,3,False,"('200_500', True, True)",PENDING,,
