city,event_id,site_id,site_cluster_id,event_date,native_offense,common_category,primary_included,broad_included,event_latitude,event_longitude,atm_latitude,atm_longitude,distance_m,link_role,within_25m,within_50m,within_100m,matches_25m,matches_50m,matches_100m,nearest_site,background_reported_before_2025,audit_stratum,reviewer_decision,reviewer,review_notes
New York City,nyc:295675282,dfs_1a8457296d519980,cluster_8aeaf130503363d3,2024-10-14,PETIT LARCENY,larceny,0,1,40.72032113840748,-73.99404032468442,40.7167,-73.99579,428.4353,background_2024,False,False,False,0,0,0,False,True,"('200_500', 0, False)",PENDING,,
New York City,nyc:290739084,dfs_f39c14b514e80e63,cluster_832bba9dded43ff5,2024-07-27,PETIT LARCENY,larceny,0,1,40.758225,-73.977428,40.7603,-73.97591,263.6797,background_2024,False,False,False,0,0,0,False,True,"('200_500', 0, False)",PENDING,,
New York City,nyc:296604577,dfs_84d3e338cf3c93f0,cluster_3a0b3e9c8410ebc3,2024-11-16,PETIT LARCENY,larceny,0,1,40.717588,-73.98535,40.71896,-73.98926,363.8054,background_2024,False,False,False,0,0,1,False,True,"('200_500', 0, False)",PENDING,,
New York City,nyc:285836264,dfs_7353cfd8ba925806,cluster_a8935e698906c84e,2024-03-30,GRAND LARCENY,larceny,0,1,40.599076,-74.088376,40.59615,-74.08551,405.4929,background_2024,False,False,False,0,0,0,True,True,"('200_500', 0, False)",PENDING,,
New York City,nyc:285543414,dfs_b2e5e03b5367935a,cluster_b92d3f4e376f9714,2024-04-18,PETIT LARCENY,larceny,0,1,40.749404,-73.991784,40.74616,-73.99467,434.9517,background_2024,False,False,False,0,0,0,False,True,"('200_500', 0, False)",PENDING,,
New York City,nyc:297666930,dfs_2061dd14dbe9515b,cluster_8ae35a0d3c6cfeff,2024-12-07,BURGLARY,burglary,1,1,40.708511,-74.008448,40.71019,-74.00966,212.7279,background_2024,False,False,False,0,0,2,False,True,"('200_500', 1, False)",PENDING,,
New York City,nyc:294845802,dfs_aa6476c805b1d564,cluster_c652bde34767f29d,2024-10-12,BURGLARY,burglary,1,1,40.683369,-73.977713,40.68139,-73.97709,225.9864,background_2024,False,False,False,0,0,1,False,True,"('200_500', 1, False)",PENDING,,
New York City,nyc:287162412,dfs_ef730c03b9dbcece,cluster_ba245419ba8fd13a,2024-05-20,ROBBERY,robbery,1,1,40.743016,-73.984301,40.73988,-73.98563,365.8935,background_2024,False,False,False,1,1,3,False,True,"('200_500', 1, False)",PENDING,,
New York City,nyc:284107229,dfs_ac696ec73685deb1,cluster_61be30ec72200921,2024-03-16,BURGLARY,burglary,1,1,40.745746,-73.885952,40.74939,-73.88773,431.6253,background_2024,False,False,False,0,0,0,False,True,"('200_500', 1, False)",PENDING,,
New York City,nyc:296729401,dfs_6d15d146116cc19c,cluster_53285c4997bea941,2024-11-19,ROBBERY,robbery,1,1,40.743876,-73.992096,40.74817,-73.99266,479.2177,background_2024,False,False,False,0,0,0,False,True,"('200_500', 1, False)",PENDING,,
New York City,nyc:298058162,dfs_54b2b4fde7707d8e,cluster_1c434b120ca4dc2f,2024-12-14,GRAND LARCENY,larceny,0,1,40.74851210487989,-73.98871441231117,40.75066,-73.99192,360.808,background_2024,False,False,False,0,3,3,False,True,"('200_500', 0, True)",PENDING,,
New York City,nyc:292333921,dfs_124185a694d41bc4,cluster_3198ab1e27c68208,2024-08-25,PETIT LARCENY,larceny,0,1,40.760288,-73.921796,40.75909,-73.91891,277.6429,background_2024,False,False,False,0,2,4,False,True,"('200_500', 0, True)",PENDING,,
New York City,nyc:290034230,dfs_ec04ba2a3b816705,cluster_c0b9cd7e6ed9de0e,2024-07-13,GRAND LARCENY,larceny,0,1,40.749673,-73.987955,40.7511,-73.99087,292.7711,background_2024,False,False,False,2,2,2,False,True,"('200_500', 0, True)",PENDING,,
New York City,nyc:298247610,dfs_a56e2fc18b9bc39e,cluster_f0048c8d4f80fdf7,2024-12-19,GRAND LARCENY,larceny,0,1,40.753063,-73.974877,40.75023,-73.97193,401.1398,background_2024,False,False,False,0,2,3,False,True,"('200_500', 0, True)",PENDING,,
New York City,nyc:283031940,dfs_b22b491b4b142e87,cluster_824de242cf0618fa,2024-02-29,PETIT LARCENY,larceny,0,1,40.760308,-73.827168,40.76034,-73.83051,282.2182,background_2024,False,False,False,1,2,4,False,True,"('200_500', 0, True)",PENDING,,
New York City,nyc:292298353,dfs_90c72856c81fb865,cluster_fbdb7e988b348e38,2024-08-25,BURGLARY,burglary,1,1,40.751785,-73.977915,40.75372,-73.9772,223.2024,background_2024,False,False,False,1,3,5,False,True,"('200_500', 1, True)",PENDING,,
New York City,nyc:298461783,dfs_917d09918af07da5,cluster_2ac47a87c8b37aab,2024-12-26,ROBBERY,robbery,1,1,40.75034217566378,-73.98317401491664,40.75371,-73.98492,402.0104,background_2024,False,False,False,1,2,2,False,True,"('200_500', 1, True)",PENDING,,
New York City,nyc:291678388,dfs_6c3b582e7fcb7613,cluster_d6a0cf99ed6b26c7,2024-08-13,ROBBERY,robbery,1,1,40.74851210487989,-73.98871441231117,40.75242,-73.98588,495.6075,background_2024,False,False,False,0,3,3,False,True,"('200_500', 1, True)",PENDING,,
New York City,nyc:292117993,dfs_c6426ec7019b2399,cluster_4bebfa6ec1f98b5f,2024-08-22,ROBBERY,robbery,1,1,40.713983,-73.998714,40.71822,-74.00023,487.6371,background_2024,False,False,False,1,2,3,False,True,"('200_500', 1, True)",PENDING,,
New York City,nyc:293305623,dfs_92845718720bebdd,cluster_b7c47b923ede3e7c,2024-09-14,ROBBERY,robbery,1,1,40.701477,-73.807904,40.70345,-73.80861,227.077,background_2024,False,False,False,2,2,3,False,True,"('200_500', 1, True)",PENDING,,
New York City,nyc:305157086,dfs_4326367b11b6518e,cluster_3581495a79d7eae6,2025-04-22,ROBBERY,robbery,1,1,40.68039035,-73.94955696,40.68035,-73.94876,67.5241,outcome_2025,False,False,True,0,0,1,True,False,"('50_100', 1, False)",PENDING,,
New York City,nyc:306925277,dfs_cf5767cfbe4d412e,cluster_db2d5ab568592acf,2025-05-20,BURGLARY,burglary,1,1,40.703879,-73.79885,40.70419,-73.79822,63.4618,outcome_2025,False,False,True,0,0,2,True,False,"('50_100', 1, False)",PENDING,,
New York City,nyc:307814864,dfs_4dce52de842ca531,cluster_4467ce25798a13c1,2025-06-09,ROBBERY,robbery,1,1,40.61740955,-73.95897693,40.61803,-73.95981,98.572,outcome_2025,False,False,True,0,0,1,True,False,"('50_100', 1, False)",PENDING,,
New York City,nyc:308255616,dfs_d8f90ab18d9ffa9b,cluster_f1693810bbe18909,2025-06-18,ROBBERY,robbery,1,1,40.723941,-73.99194,40.72374,-73.99273,70.3769,outcome_2025,False,False,True,0,0,2,True,False,"('50_100', 1, False)",PENDING,,
New York City,nyc:302882998,dfs_7d27720d0c43ab20,cluster_baef63f3d018ce65,2025-03-15,BURGLARY,burglary,1,1,40.693335,-73.991738,40.69406,-73.99157,81.7525,outcome_2025,False,False,True,0,0,7,False,False,"('50_100', 1, False)",PENDING,,
New York City,nyc:303561355,dfs_35cf6c7b9902360a,cluster_068672e1285286cf,2025-03-24,PETIT LARCENY,larceny,0,1,40.712737,-73.901421,40.7122,-73.90054,95.3837,outcome_2025,False,False,True,0,0,1,True,False,"('50_100', 0, False)",PENDING,,
New York City,nyc:306002036,dfs_3707f73509ccdc52,cluster_52fca60055689f54,2025-05-07,PETIT LARCENY,larceny,0,1,40.7160120119955,-73.9973320301008,40.71678,-73.99765,89.4157,outcome_2025,False,False,True,0,0,9,False,False,"('50_100', 0, False)",PENDING,,
New York City,nyc:306744503,dfs_e416a5e3017aeff9,cluster_b610391a0636a5db,2025-05-20,PETIT LARCENY,larceny,0,1,40.567366,-74.112885,40.56792,-74.11222,83.4019,outcome_2025,False,False,True,1,1,3,False,False,"('50_100', 0, False)",PENDING,,
New York City,nyc:305797568,dfs_c2a05c4ee2d8c8f3,cluster_532ff1e26a76e056,2025-05-02,PETIT LARCENY,larceny,0,1,40.748696,-73.884125,40.7492,-73.88422,56.5409,outcome_2025,False,False,True,1,1,4,False,False,"('50_100', 0, False)",PENDING,,
New York City,nyc:304687641,dfs_44e1b16479eedf5e,cluster_f9956c49820189a6,2025-04-10,PETIT LARCENY,larceny,0,1,40.83572429,-73.92128399,40.83595,-73.92186,54.6676,outcome_2025,False,False,True,0,0,2,True,False,"('50_100', 0, False)",PENDING,,
New York City,nyc:313381816,dfs_567469c502c8eeaf,cluster_7da78f0195d10890,2025-09-19,BURGLARY,burglary,1,1,40.757699,-73.834116,40.75809,-73.83425,44.8704,outcome_2025,False,True,True,0,1,1,True,False,"('25_50', 1, False)",PENDING,,
New York City,nyc:315283756,dfs_499c55bc5f2e1ae1,cluster_09839366d33c837f,2025-10-30,ROBBERY,robbery,1,1,40.72825,-74.005372,40.72803,-74.00544,25.097,outcome_2025,False,True,True,0,1,2,True,False,"('25_50', 1, False)",PENDING,,
New York City,nyc:317957194,dfs_cc50a847b69bbc2a,cluster_4f37f23cc94e536e,2025-12-25,BURGLARY,burglary,1,1,40.686413,-73.823737,40.68655,-73.82334,36.8468,outcome_2025,False,True,True,0,1,3,True,False,"('25_50', 1, False)",PENDING,,
New York City,nyc:300404380,dfs_06f68809d618b392,cluster_0a4dc99085234bd9,2025-01-29,BURGLARY,burglary,1,1,40.589242,-73.952657,40.58959,-73.95296,46.3822,outcome_2025,False,True,True,0,1,1,True,False,"('25_50', 1, False)",PENDING,,
New York City,nyc:308827277,dfs_6055c6ec19230262,cluster_afdf8fefc2716324,2025-06-29,ROBBERY,robbery,1,1,40.75603526,-73.98694809,40.75639,-73.98664,47.2092,outcome_2025,False,True,True,0,1,1,True,False,"('25_50', 1, False)",PENDING,,
New York City,nyc:313682230,dfs_6715ceeab6eabbe0,cluster_a0667e1580981b6b,2025-09-29,PETIT LARCENY,larceny,0,1,40.709488,-74.010266,40.70932,-74.01038,20.9965,outcome_2025,True,True,True,1,1,3,True,False,"('0_25', 0, False)",PENDING,,
New York City,nyc:301879798,dfs_917d09918af07da5,cluster_2ac47a87c8b37aab,2025-02-28,PETIT LARCENY,larceny,0,1,40.753874,-73.984821,40.75371,-73.98492,20.0393,outcome_2025,True,True,True,1,1,2,True,False,"('0_25', 0, False)",PENDING,,
New York City,nyc:305597092,dfs_54af7258b67763e7,cluster_d819776296b32b21,2025-04-30,GRAND LARCENY,larceny,0,1,40.768089,-73.982391,40.76813,-73.9824,4.616,outcome_2025,True,True,True,1,1,2,True,False,"('0_25', 0, False)",PENDING,,
New York City,nyc:307534546,dfs_e5e1aa6b27c942d6,cluster_008c0cb378dbaf67,2025-05-18,PETIT LARCENY,larceny,0,1,40.817404,-73.915761,40.81742,-73.91574,2.5092,outcome_2025,True,True,True,1,1,1,True,False,"('0_25', 0, False)",PENDING,,
New York City,nyc:299470011,dfs_09e908c75f978fb1,cluster_2ab737517dd2de9b,2025-01-10,PETIT LARCENY,larceny,0,1,40.750587,-73.870265,40.75067,-73.8703,9.6794,outcome_2025,True,True,True,1,1,1,True,False,"('0_25', 0, False)",PENDING,,
New York City,nyc:307297251,dfs_8f9db524b43d65eb,cluster_9f90a35d1e085b9a,2025-05-30,PETIT LARCENY,larceny,0,1,40.680159,-73.945126,40.68014,-73.9451,3.0468,outcome_2025,True,True,True,1,2,2,True,False,"('0_25', 0, True)",PENDING,,
New York City,nyc:315298940,dfs_bcb5d53c6384dd3b,cluster_b1b4f9f94aa3fe54,2025-10-29,PETIT LARCENY,larceny,0,1,40.587542,-73.954721,40.58749,-73.95464,8.9647,outcome_2025,True,True,True,1,2,2,True,False,"('0_25', 0, True)",PENDING,,
New York City,nyc:313356374,dfs_e07024e8f2a96742,cluster_173d67bb7a77d71d,2025-09-23,GRAND LARCENY,larceny,0,1,40.759311,-73.994707,40.75935,-73.99481,9.716,outcome_2025,True,True,True,1,2,2,True,False,"('0_25', 0, True)",PENDING,,
New York City,nyc:305866585,dfs_c4a700d88616e12a,cluster_a90a19aa1a7e1069,2025-05-03,PETIT LARCENY,larceny,0,1,40.798293,-73.940822,40.79835,-73.94098,14.76,outcome_2025,True,True,True,1,2,2,True,False,"('0_25', 0, True)",PENDING,,
New York City,nyc:314702223,dfs_49e1ec851ff10de9,cluster_332efd6885585a50,2025-10-16,PETIT LARCENY,larceny,0,1,40.726778,-73.853195,40.72657,-73.85321,23.1329,outcome_2025,True,True,True,1,2,3,True,False,"('0_25', 0, True)",PENDING,,
New York City,nyc:312086889,dfs_b593ef73bf317978,cluster_f0a38a0b7a90fed2,2025-08-24,PETIT LARCENY,larceny,0,1,40.810477,-73.95188,40.81032,-73.95152,35.0233,outcome_2025,False,True,True,0,2,4,False,False,"('25_50', 0, True)",PENDING,,
New York City,nyc:311913200,dfs_80bbc96321c99769,cluster_23723396312c3c85,2025-08-26,GRAND LARCENY,larceny,0,1,40.633865,-74.026817,40.63409,-74.02671,26.5748,outcome_2025,False,True,True,1,2,2,False,False,"('25_50', 0, True)",PENDING,,
New York City,nyc:312222369,dfs_7a0b3bd2ed88c574,cluster_09739684e96ceb33,2025-09-01,PETIT LARCENY,larceny,0,1,40.740037,-73.786297,40.74034,-73.78651,38.1556,outcome_2025,False,True,True,1,3,4,False,False,"('25_50', 0, True)",PENDING,,
New York City,nyc:308985876,dfs_2b8103d04a58419f,cluster_9fd796273deb72ff,2025-07-02,PETIT LARCENY,larceny,0,1,40.849589,-73.934349,40.84973,-73.9347,33.485,outcome_2025,False,True,True,1,3,3,False,False,"('25_50', 0, True)",PENDING,,
New York City,nyc:317787074,dfs_3068852f31c013b8,cluster_2df8fecf8f5b0401,2025-12-17,PETIT LARCENY,larceny,0,1,40.862358,-73.898197,40.86243,-73.89768,44.3155,outcome_2025,False,True,True,3,5,7,False,False,"('25_50', 0, True)",PENDING,,
New York City,nyc:303670208,dfs_613eb73b663f6327,cluster_84a1ec3a35044f95,2025-03-06,GRAND LARCENY,larceny,0,1,40.867912,-73.920485,40.86718,-73.92089,88.1688,outcome_2025,False,False,True,0,2,3,False,False,"('50_100', 0, True)",PENDING,,
New York City,nyc:310481274,dfs_5ebc853d52cee0cd,cluster_63da9c16e408cc8b,2025-07-24,PETIT LARCENY,larceny,0,1,40.73714333,-73.98859365,40.7379,-73.9881,93.8045,outcome_2025,False,False,True,1,2,3,False,False,"('50_100', 0, True)",PENDING,,
New York City,nyc:305053153,dfs_00794f902290c13b,cluster_e481fa796645871b,2025-04-21,PETIT LARCENY,larceny,0,1,40.753063,-73.974877,40.75244,-73.97532,78.6508,outcome_2025,False,False,True,0,2,3,False,False,"('50_100', 0, True)",PENDING,,
New York City,nyc:311967737,dfs_f4b7a3b826367881,cluster_52a4254c34ed9eca,2025-08-26,GRAND LARCENY,larceny,0,1,40.74883,-73.988477,40.74828,-73.98889,70.3348,outcome_2025,False,False,True,1,2,4,False,False,"('50_100', 0, True)",PENDING,,
New York City,nyc:316231308,dfs_53cd4603cbe2de19,cluster_7d3f36d178386ff7,2025-11-17,PETIT LARCENY,larceny,0,1,40.694007,-73.99144,40.69423,-73.99224,72.0103,outcome_2025,False,False,True,2,5,7,False,False,"('50_100', 0, True)",PENDING,,
New York City,nyc:303515934,dfs_567469c502c8eeaf,cluster_7da78f0195d10890,2025-03-23,PETIT LARCENY,larceny,0,1,40.757699,-73.834116,40.75809,-73.83425,44.8704,outcome_2025,False,True,True,0,1,1,True,False,"('25_50', 0, False)",PENDING,,
New York City,nyc:313168706,dfs_e47bbd146a76d081,cluster_700a2cde04d6df8e,2025-09-18,PETIT LARCENY,larceny,0,1,40.73352,-74.003533,40.73356,-74.00313,34.3312,outcome_2025,False,True,True,0,1,3,True,False,"('25_50', 0, False)",PENDING,,
New York City,nyc:300100805,dfs_6055c6ec19230262,cluster_afdf8fefc2716324,2025-01-27,PETIT LARCENY,larceny,0,1,40.75603526927576,-73.98694809910083,40.75639,-73.98664,47.2088,outcome_2025,False,True,True,0,1,1,True,False,"('25_50', 0, False)",PENDING,,
New York City,nyc:305690081,dfs_e5e1aa6b27c942d6,cluster_008c0cb378dbaf67,2025-05-01,PETIT LARCENY,larceny,0,1,40.817711,-73.915397,40.81742,-73.91574,43.3785,outcome_2025,False,True,True,0,1,1,True,False,"('25_50', 0, False)",PENDING,,
New York City,nyc:316020889,dfs_b83bb7ab69289bb1,cluster_ce13daf69cfd495f,2025-11-10,GRAND LARCENY,larceny,0,1,40.729959,-73.888663,40.73005,-73.88824,37.1354,outcome_2025,False,True,True,0,1,1,True,False,"('25_50', 0, False)",PENDING,,
New York City,nyc:308122466,dfs_3b14b11e5e9940d2,cluster_e2daaa163d9940f9,2025-06-14,BURGLARY,burglary,1,1,40.741788,-73.985204,40.74175,-73.98515,6.2137,outcome_2025,True,True,True,1,1,2,True,False,"('0_25', 1, False)",PENDING,,
New York City,nyc:305432888,dfs_d779f7c22821dc6c,cluster_703a19ee78d26db2,2025-04-27,ROBBERY,robbery,1,1,40.742287,-73.980636,40.74219,-73.98068,11.3948,outcome_2025,True,True,True,1,1,1,True,False,"('0_25', 1, False)",PENDING,,
New York City,nyc:309136310,dfs_749ef28a78fafd86,cluster_80e800051c051f8d,2025-07-05,ROBBERY,robbery,1,1,40.756703,-73.9641,40.75682,-73.96403,14.2742,outcome_2025,True,True,True,1,1,1,True,False,"('0_25', 1, False)",PENDING,,
New York City,nyc:306541449,dfs_1fc41c5ac4edb76a,cluster_c911dadb299c61e6,2025-05-16,ROBBERY,robbery,1,1,40.824827,-73.891621,40.82474,-73.89177,15.8534,outcome_2025,True,True,True,1,1,3,True,False,"('0_25', 1, False)",PENDING,,
New York City,nyc:302812201,dfs_1664661ce7f4ab31,cluster_9b8936d7566bfbea,2025-03-13,ROBBERY,robbery,1,1,40.863363,-73.917311,40.8633,-73.91736,8.1249,outcome_2025,True,True,True,1,1,2,True,False,"('0_25', 1, False)",PENDING,,
New York City,nyc:317799499,dfs_75b69075a435aaec,cluster_0390f6c38c050654,2025-12-21,ROBBERY,robbery,1,1,40.756464,-73.982941,40.75661,-73.98281,19.6275,outcome_2025,True,True,True,3,3,4,False,False,"('0_25', 1, True)",PENDING,,
New York City,nyc:299352226,dfs_622dfa0666e3cdf6,cluster_f8d0c8b4a58fe5a3,2025-01-12,ROBBERY,robbery,1,1,40.862358,-73.898197,40.86234,-73.89819,2.0842,outcome_2025,True,True,True,3,5,7,True,False,"('0_25', 1, True)",PENDING,,
New York City,nyc:305058580,dfs_1c1e1ae7dd4b454d,cluster_6bc8d9d6c63f6508,2025-04-19,ROBBERY,robbery,1,1,40.747729,-73.986838,40.7477,-73.98681,3.9954,outcome_2025,True,True,True,1,2,2,True,False,"('0_25', 1, True)",PENDING,,
New York City,nyc:299445799,dfs_4e42b92b13761711,cluster_b0161652365ab808,2025-01-12,ROBBERY,robbery,1,1,40.79156983326195,-73.94467676956668,40.79171,-73.94457,17.9858,outcome_2025,True,True,True,1,2,2,True,False,"('0_25', 1, True)",PENDING,,
New York City,nyc:306552700,dfs_4326367b11b6518e,cluster_3581495a79d7eae6,2025-05-16,ROBBERY,robbery,1,1,40.680349,-73.948645,40.68035,-73.94876,9.7228,outcome_2025,True,True,True,2,2,2,True,False,"('0_25', 1, True)",PENDING,,
New York City,nyc:311018075,dfs_eea547e30be8cef5,cluster_97998f2ae4af664d,2025-08-11,ROBBERY,robbery,1,1,40.855571,-73.86766,40.85525,-73.86767,35.6574,outcome_2025,False,True,True,0,2,4,True,False,"('25_50', 1, True)",PENDING,,
New York City,nyc:313475812,dfs_2b8103d04a58419f,cluster_9fd796273deb72ff,2025-09-25,BURGLARY,burglary,1,1,40.849589,-73.934349,40.84973,-73.9347,33.485,outcome_2025,False,True,True,1,3,3,False,False,"('25_50', 1, True)",PENDING,,
New York City,nyc:316929428,dfs_4c1665643ad8e740,cluster_d2260c831717f3bd,2025-12-02,ROBBERY,robbery,1,1,40.75956952,-73.8301393,40.75983,-73.83026,30.6691,outcome_2025,False,True,True,0,4,8,False,False,"('25_50', 1, True)",PENDING,,
New York City,nyc:302284650,dfs_215314e0e5f30750,cluster_dcc3f146454183b9,2025-03-08,ROBBERY,robbery,1,1,40.721453463981256,-73.84397787334406,40.72115,-73.84416,37.0461,outcome_2025,False,True,True,0,3,4,False,False,"('25_50', 1, True)",PENDING,,
New York City,nyc:301519150,dfs_4e09a5fd40caacf5,cluster_4bebfa6ec1f98b5f,2025-02-22,ROBBERY,robbery,1,1,40.718018439490294,-73.99995671087598,40.71827,-74.00031,40.8831,outcome_2025,False,True,True,0,3,4,False,False,"('25_50', 1, True)",PENDING,,
New York City,nyc:300057340,dfs_dca6e8f73cc9876e,cluster_4e06d48a720b2121,2025-01-26,BURGLARY,burglary,1,1,40.85662005364863,-73.86761344964741,40.85604,-73.86765,64.4893,outcome_2025,False,False,True,1,2,3,False,False,"('50_100', 1, True)",PENDING,,
New York City,nyc:308233813,dfs_3a0e4c6ff0a9b73b,cluster_2b332396d63741e5,2025-06-15,ROBBERY,robbery,1,1,40.708674,-73.95858,40.70902,-73.95955,90.5276,outcome_2025,False,False,True,1,2,5,False,False,"('50_100', 1, True)",PENDING,,
New York City,nyc:299937345,dfs_fe89e6525897df35,cluster_e3235ab74911698b,2025-01-23,ROBBERY,robbery,1,1,40.862431,-73.897564,40.86192,-73.89761,56.8796,outcome_2025,False,False,True,2,2,6,False,False,"('50_100', 1, True)",PENDING,,
New York City,nyc:307359924,dfs_f0cc71008cc038d4,cluster_d64d3869cf7f496f,2025-06-01,BURGLARY,burglary,1,1,40.708674,-73.95858,40.7094,-73.95895,86.4717,outcome_2025,False,False,True,1,2,5,False,False,"('50_100', 1, True)",PENDING,,
New York City,nyc:304640140,dfs_996888fe27dbaee2,cluster_f55a2c0525522f4f,2025-03-30,BURGLARY,burglary,1,1,40.759929,-73.830313,40.75918,-73.82994,88.9395,outcome_2025,False,False,True,4,5,9,False,False,"('50_100', 1, True)",PENDING,,
Buffalo,buffalo:24-0550132,dfs_638de1f9a09a9fa5,cluster_8109f9a628a1f6fb,2024-02-24,ROBBERY,robbery,1,1,42.886,-78.873,42.88762,-78.87497,241.4261,background_2024,False,False,False,0,1,1,False,True,"('200_500', 1, False)",PENDING,,
Buffalo,buffalo:24-0381138,dfs_977fc95895fa07e9,cluster_5dccdb7fd6c4fa30,2024-02-07,BURGLARY,burglary,1,1,42.885,-78.855,42.88516,-78.84929,466.8042,background_2024,False,False,False,0,0,0,True,True,"('200_500', 1, False)",PENDING,,
Buffalo,buffalo:25-0010546,dfs_566682a175a5192e,cluster_4469da4f35e4978e,2024-12-31,BURGLARY,burglary,1,1,42.908,-78.874,42.91048,-78.8768,358.0285,background_2024,False,False,False,0,0,0,False,False,"('200_500', 1, False)",PENDING,,
Buffalo,buffalo:24-2371313,dfs_5ccadfa28fcaef0a,cluster_69c3511045668d3a,2024-08-24,BURGLARY,burglary,1,1,42.912,-78.857,42.90881,-78.85424,419.9779,background_2024,False,False,False,0,0,0,False,True,"('200_500', 1, False)",PENDING,,
Buffalo,buffalo:24-1520098,dfs_2925389dfa0a33eb,cluster_dc3fff31117a3290,2024-05-31,BURGLARY,burglary,1,1,42.928,-78.877,42.9244,-78.87702,399.932,background_2024,False,False,False,0,0,0,True,True,"('200_500', 1, False)",PENDING,,
Buffalo,buffalo:24-1920518,dfs_8ba2c99a4ba487ec,cluster_01405eeb56069209,2024-07-10,LARCENY/THEFT,larceny,0,1,42.954,-78.879,42.95503,-78.87662,225.4124,background_2024,False,False,False,0,0,0,True,True,"('200_500', 0, False)",PENDING,,
Buffalo,buffalo:24-1171038,dfs_86ad9cc384b94c48,cluster_497eef227862620e,2024-04-26,LARCENY/THEFT,larceny,0,1,42.951,-78.857,42.94772,-78.85425,427.9469,background_2024,False,False,False,0,0,0,True,True,"('200_500', 0, False)",PENDING,,
Buffalo,buffalo:24-1661219,dfs_8ba2c99a4ba487ec,cluster_01405eeb56069209,2024-06-14,LARCENY/THEFT,larceny,0,1,42.952,-78.876,42.95503,-78.87662,340.3892,background_2024,False,False,False,0,0,0,False,True,"('200_500', 0, False)",PENDING,,
Buffalo,buffalo:24-1950497,dfs_85160e3f56539887,cluster_12b635fc27e11cbf,2024-07-13,LARCENY/THEFT,larceny,0,1,42.886,-78.874,42.88878,-78.87165,363.6342,background_2024,False,False,False,0,1,2,False,True,"('200_500', 0, False)",PENDING,,
Buffalo,buffalo:24-0380447,dfs_411f35aaadb4b3d0,cluster_f00da18821d61965,2024-01-28,LARCENY/THEFT,larceny,0,1,42.891,-78.875,42.88946,-78.87805,302.2252,background_2024,False,False,False,0,0,1,False,True,"('200_500', 0, False)",PENDING,,
Buffalo,buffalo:25-3030589,dfs_08c75b62ec116542,cluster_b014733cd55e9bce,2025-10-30,LARCENY/THEFT,larceny,0,1,42.91,-78.877,42.90942,-78.87711,65.0559,outcome_2025,False,False,True,0,0,2,False,False,"('50_100', 0, False)",PENDING,,
Buffalo,buffalo:25-3060148,dfs_85160e3f56539887,cluster_12b635fc27e11cbf,2025-11-02,LARCENY/THEFT,larceny,0,1,42.889,-78.871,42.88878,-78.87165,58.4517,outcome_2025,False,False,True,0,0,2,False,False,"('50_100', 0, False)",PENDING,,
Buffalo,buffalo:25-3420807,dfs_b0ee454f7dbd1134,cluster_fe2e9ae559ed01f4,2025-12-08,LARCENY/THEFT,larceny,0,1,42.854,-78.808,42.85364,-78.80839,51.1418,outcome_2025,False,False,True,0,0,1,True,False,"('50_100', 0, False)",PENDING,,
Buffalo,buffalo:25-1831166,dfs_7c389cd0d745ca6c,cluster_bc44232aaedf5b44,2025-07-02,LARCENY/THEFT,larceny,0,1,42.891,-78.875,42.8906,-78.8759,85.9028,outcome_2025,False,False,True,0,0,1,True,False,"('50_100', 0, False)",PENDING,,
Buffalo,buffalo:25-0360676,dfs_6fdcdafa4b3fb1a1,cluster_c9df4c8cd1e8d01f,2025-02-05,LARCENY/THEFT,larceny,0,1,42.886,-78.874,42.88533,-78.8745,84.9018,outcome_2025,False,False,True,0,1,2,False,False,"('50_100', 0, False)",PENDING,,
Buffalo,buffalo:25-3360817,dfs_66387fc226948722,cluster_d07a4f0ebe2bd45f,2025-12-02,LARCENY/THEFT,larceny,0,1,42.89,-78.873,42.88982,-78.87306,20.5882,outcome_2025,True,True,True,1,2,2,True,False,"('0_25', 0, True)",PENDING,,
Buffalo,buffalo:25-1050403,dfs_66387fc226948722,cluster_d07a4f0ebe2bd45f,2025-04-06,LARCENY/THEFT,larceny,0,1,42.89,-78.873,42.88982,-78.87306,20.5882,outcome_2025,True,True,True,1,2,2,True,False,"('0_25', 0, True)",PENDING,,
Buffalo,buffalo:25-2400465,dfs_2bbb1d3e40d88475,cluster_350401fbb613694c,2025-08-25,LARCENY/THEFT,larceny,0,1,42.957,-78.87,42.95703,-78.86975,20.6699,outcome_2025,True,True,True,2,2,2,True,False,"('0_25', 0, True)",PENDING,,
Buffalo,buffalo:25-2530622,dfs_66387fc226948722,cluster_d07a4f0ebe2bd45f,2025-09-10,LARCENY/THEFT,larceny,0,1,42.89,-78.873,42.88982,-78.87306,20.5882,outcome_2025,True,True,True,1,2,2,True,False,"('0_25', 0, True)",PENDING,,
Buffalo,buffalo:25-1671116,dfs_90911e99223e1f8e,cluster_7ddd3be7697bab98,2025-06-11,LARCENY/THEFT,larceny,0,1,42.947,-78.869,42.94711,-78.8689,14.6947,outcome_2025,True,True,True,1,2,3,True,False,"('0_25', 0, True)",PENDING,,
Buffalo,buffalo:25-3360817,dfs_14463fd146ecef79,cluster_778742a15e0f1819,2025-12-02,LARCENY/THEFT,larceny,0,1,42.89,-78.873,42.89029,-78.87296,32.3815,outcome_2025,False,True,True,1,2,2,False,False,"('25_50', 0, True)",PENDING,,
Buffalo,buffalo:25-1671116,dfs_765428c440dcf313,cluster_7cfe41c35612755e,2025-06-11,LARCENY/THEFT,larceny,0,1,42.947,-78.869,42.94712,-78.86862,33.756,outcome_2025,False,True,True,1,2,3,False,False,"('25_50', 0, True)",PENDING,,
Buffalo,buffalo:25-2930655,dfs_85160e3f56539887,cluster_12b635fc27e11cbf,2025-08-19,LARCENY/THEFT,larceny,0,1,42.889,-78.872,42.88878,-78.87165,37.613,outcome_2025,False,True,True,0,2,2,False,False,"('25_50', 0, True)",PENDING,,
Buffalo,buffalo:25-1050403,dfs_14463fd146ecef79,cluster_778742a15e0f1819,2025-04-06,LARCENY/THEFT,larceny,0,1,42.89,-78.873,42.89029,-78.87296,32.3815,outcome_2025,False,True,True,1,2,2,False,False,"('25_50', 0, True)",PENDING,,
Buffalo,buffalo:25-1630349,dfs_14463fd146ecef79,cluster_778742a15e0f1819,2025-06-11,LARCENY/THEFT,larceny,0,1,42.89,-78.873,42.89029,-78.87296,32.3815,outcome_2025,False,True,True,1,2,2,False,False,"('25_50', 0, True)",PENDING,,
Buffalo,buffalo:25-2350941,dfs_089842ccfc25c26a,cluster_413ece560976721a,2025-08-23,LARCENY/THEFT,larceny,0,1,42.947,-78.869,42.94634,-78.86887,74.0841,outcome_2025,False,False,True,1,2,3,False,False,"('50_100', 0, True)",PENDING,,
Buffalo,buffalo:25-1671116,dfs_089842ccfc25c26a,cluster_413ece560976721a,2025-06-11,LARCENY/THEFT,larceny,0,1,42.947,-78.869,42.94634,-78.86887,74.0841,outcome_2025,False,False,True,1,2,3,False,False,"('50_100', 0, True)",PENDING,,
Buffalo,buffalo:25-0360464,dfs_089842ccfc25c26a,cluster_413ece560976721a,2025-01-30,LARCENY/THEFT,larceny,0,1,42.947,-78.869,42.94634,-78.86887,74.0841,outcome_2025,False,False,True,1,2,3,False,False,"('50_100', 0, True)",PENDING,,
Buffalo,buffalo:25-1941143,dfs_b0d8becc50e7051b,cluster_e759da10f931230c,2025-07-13,ROBBERY,robbery,1,1,42.893,-78.838,42.89323,-78.83684,98.1359,outcome_2025,False,False,True,0,0,2,False,False,"('50_100', 1, False)",PENDING,,
Buffalo,buffalo:25-0910548,dfs_120f0391cb881c3d,cluster_6a080e42bbe82288,2025-03-28,BURGLARY,burglary,1,1,42.95,-78.903,42.95024,-78.9041,93.6434,outcome_2025,False,False,True,0,0,1,True,False,"('50_100', 1, False)",PENDING,,
Buffalo,buffalo:25-0170723,dfs_e581ff6317a87a50,cluster_f5dcebec6aac5a6e,2025-01-16,BURGLARY,burglary,1,1,42.935,-78.903,42.93469,-78.90232,65.322,outcome_2025,False,False,True,0,0,1,True,False,"('50_100', 1, False)",PENDING,,
Buffalo,buffalo:25-2690149,dfs_6fdcdafa4b3fb1a1,cluster_c9df4c8cd1e8d01f,2025-09-26,BURGLARY,burglary,1,1,42.885,-78.874,42.88533,-78.8745,54.885,outcome_2025,False,False,True,0,0,1,True,False,"('50_100', 1, False)",PENDING,,
Buffalo,buffalo:25-0070885,dfs_b5043c6b081b819f,cluster_48f4ea93de91bd5a,2025-01-06,BURGLARY,burglary,1,1,42.892,-78.877,42.89124,-78.87659,90.8287,outcome_2025,False,False,True,0,0,1,True,False,"('50_100', 1, False)",PENDING,,
Buffalo,buffalo:24-1840802,dfs_55ea817d8fd62e16,cluster_265d21a3bf0c3103,2024-07-02,ROBBERY,robbery,1,1,42.89,-78.873,42.8859,-78.87354,457.6024,background_2024,False,False,False,1,2,2,False,True,"('200_500', 1, True)",PENDING,,
Buffalo,buffalo:24-1840802,dfs_638de1f9a09a9fa5,cluster_8109f9a628a1f6fb,2024-07-02,ROBBERY,robbery,1,1,42.89,-78.873,42.88762,-78.87497,309.5188,background_2024,False,False,False,1,2,2,False,True,"('200_500', 1, True)",PENDING,,
Buffalo,buffalo:24-1840802,dfs_b5043c6b081b819f,cluster_48f4ea93de91bd5a,2024-07-02,ROBBERY,robbery,1,1,42.89,-78.873,42.89124,-78.87659,323.9934,background_2024,False,False,False,1,2,2,False,True,"('200_500', 1, True)",PENDING,,
Buffalo,buffalo:24-1840802,dfs_7c389cd0d745ca6c,cluster_bc44232aaedf5b44,2024-07-02,ROBBERY,robbery,1,1,42.89,-78.873,42.8906,-78.8759,246.0878,background_2024,False,False,False,1,2,2,False,True,"('200_500', 1, True)",PENDING,,
Buffalo,buffalo:24-1840802,dfs_9e304fc147b054cb,cluster_91ba719c878525df,2024-07-02,ROBBERY,robbery,1,1,42.89,-78.873,42.88828,-78.8771,385.5908,background_2024,False,False,False,1,2,2,False,True,"('200_500', 1, True)",PENDING,,
Buffalo,buffalo:25-1230730,dfs_a0b50fb75dbf9e57,cluster_00cb0b8b2d3b5533,2025-05-03,ROBBERY,robbery,1,1,42.915,-78.89,42.91529,-78.89024,37.7085,outcome_2025,False,True,True,0,1,1,True,False,"('25_50', 1, False)",PENDING,,
Buffalo,buffalo:25-2510578,dfs_b5043c6b081b819f,cluster_48f4ea93de91bd5a,2025-09-08,ROBBERY,robbery,1,1,42.891,-78.877,42.89124,-78.87659,42.8075,outcome_2025,False,True,True,0,1,1,True,False,"('25_50', 1, False)",PENDING,,
Buffalo,buffalo:25-3160370,dfs_8c9f6f2f2d553c21,cluster_21e90fbc9e67c2fb,2025-11-12,ROBBERY,robbery,1,1,42.923,-78.856,42.92279,-78.8562,28.4758,outcome_2025,False,True,True,0,1,1,True,False,"('25_50', 1, False)",PENDING,,
Buffalo,buffalo:25-2560776,dfs_55ea817d8fd62e16,cluster_265d21a3bf0c3103,2025-09-12,ROBBERY,robbery,1,1,42.886,-78.873,42.8859,-78.87354,45.4908,outcome_2025,False,True,True,0,1,1,True,False,"('25_50', 1, False)",PENDING,,
Buffalo,buffalo:25-0230368,dfs_55ea817d8fd62e16,cluster_265d21a3bf0c3103,2025-01-23,ROBBERY,robbery,1,1,42.886,-78.874,42.8859,-78.87354,39.1858,outcome_2025,False,True,True,0,1,2,True,False,"('25_50', 1, False)",PENDING,,
Buffalo,buffalo:25-0310553,dfs_ac9c90beea125df0,cluster_2859e6e5860c8b19,2025-01-31,LARCENY/THEFT,larceny,0,1,42.922,-78.877,42.92233,-78.87702,36.6964,outcome_2025,False,True,True,0,1,1,True,False,"('25_50', 0, False)",PENDING,,
Buffalo,buffalo:25-2080996,dfs_ac9c90beea125df0,cluster_2859e6e5860c8b19,2025-07-27,LARCENY/THEFT,larceny,0,1,42.922,-78.877,42.92233,-78.87702,36.6964,outcome_2025,False,True,True,0,1,1,True,False,"('25_50', 0, False)",PENDING,,
Buffalo,buffalo:25-2980671,dfs_b5043c6b081b819f,cluster_48f4ea93de91bd5a,2025-10-25,LARCENY/THEFT,larceny,0,1,42.891,-78.877,42.89124,-78.87659,42.8075,outcome_2025,False,True,True,0,1,1,True,False,"('25_50', 0, False)",PENDING,,
Buffalo,buffalo:25-1291191,dfs_b5043c6b081b819f,cluster_48f4ea93de91bd5a,2025-05-09,LARCENY/THEFT,larceny,0,1,42.891,-78.877,42.89124,-78.87659,42.8075,outcome_2025,False,True,True,0,1,1,True,False,"('25_50', 0, False)",PENDING,,
Buffalo,buffalo:25-1830571,dfs_55ea817d8fd62e16,cluster_265d21a3bf0c3103,2025-06-05,LARCENY/THEFT,larceny,0,1,42.886,-78.874,42.8859,-78.87354,39.1858,outcome_2025,False,True,True,0,1,2,True,False,"('25_50', 0, False)",PENDING,,
Buffalo,buffalo:25-0200594,dfs_be34331872a1e3c5,cluster_7cb382e1bc34cbaa,2025-01-20,LARCENY/THEFT,larceny,0,1,42.872,-78.864,42.87186,-78.86409,17.2036,outcome_2025,True,True,True,1,1,1,True,False,"('0_25', 0, False)",PENDING,,
Buffalo,buffalo:25-3500216,dfs_be34331872a1e3c5,cluster_7cb382e1bc34cbaa,2025-12-16,LARCENY/THEFT,larceny,0,1,42.872,-78.864,42.87186,-78.86409,17.2036,outcome_2025,True,True,True,1,1,1,True,False,"('0_25', 0, False)",PENDING,,
Buffalo,buffalo:25-3200312,dfs_be34331872a1e3c5,cluster_7cb382e1bc34cbaa,2025-11-16,LARCENY/THEFT,larceny,0,1,42.872,-78.864,42.87186,-78.86409,17.2036,outcome_2025,True,True,True,1,1,1,True,False,"('0_25', 0, False)",PENDING,,
Buffalo,buffalo:25-3120294,dfs_be34331872a1e3c5,cluster_7cb382e1bc34cbaa,2025-11-08,LARCENY/THEFT,larceny,0,1,42.872,-78.864,42.87186,-78.86409,17.2036,outcome_2025,True,True,True,1,1,1,True,False,"('0_25', 0, False)",PENDING,,
Buffalo,buffalo:25-3650557,dfs_be34331872a1e3c5,cluster_7cb382e1bc34cbaa,2025-12-31,LARCENY/THEFT,larceny,0,1,42.872,-78.864,42.87186,-78.86409,17.2036,outcome_2025,True,True,True,1,1,1,True,False,"('0_25', 0, False)",PENDING,,
Buffalo,buffalo:24-2660903,dfs_7c389cd0d745ca6c,cluster_bc44232aaedf5b44,2024-09-22,LARCENY/THEFT,larceny,0,1,42.89,-78.873,42.8906,-78.8759,246.0878,background_2024,False,False,False,1,2,2,False,True,"('200_500', 0, True)",PENDING,,
Buffalo,buffalo:24-2490850,dfs_638de1f9a09a9fa5,cluster_8109f9a628a1f6fb,2024-09-05,LARCENY/THEFT,larceny,0,1,42.89,-78.873,42.88762,-78.87497,309.5188,background_2024,False,False,False,1,2,2,False,True,"('200_500', 0, True)",PENDING,,
Buffalo,buffalo:24-2490850,dfs_55ea817d8fd62e16,cluster_265d21a3bf0c3103,2024-09-05,LARCENY/THEFT,larceny,0,1,42.89,-78.873,42.8859,-78.87354,457.6024,background_2024,False,False,False,1,2,2,False,True,"('200_500', 0, True)",PENDING,,
Buffalo,buffalo:24-1710042,dfs_638de1f9a09a9fa5,cluster_8109f9a628a1f6fb,2024-06-19,LARCENY/THEFT,larceny,0,1,42.89,-78.873,42.88762,-78.87497,309.5188,background_2024,False,False,False,1,2,2,False,True,"('200_500', 0, True)",PENDING,,
Buffalo,buffalo:24-2490850,dfs_9e304fc147b054cb,cluster_91ba719c878525df,2024-09-05,LARCENY/THEFT,larceny,0,1,42.89,-78.873,42.88828,-78.8771,385.5908,background_2024,False,False,False,1,2,2,False,True,"('200_500', 0, True)",PENDING,,
Buffalo,buffalo:25-0160225,dfs_66387fc226948722,cluster_d07a4f0ebe2bd45f,2025-01-16,BURGLARY,burglary,1,1,42.89,-78.873,42.88982,-78.87306,20.5882,outcome_2025,True,True,True,1,2,2,True,False,"('0_25', 1, True)",PENDING,,
Buffalo,buffalo:25-1990592,dfs_66387fc226948722,cluster_d07a4f0ebe2bd45f,2025-07-18,ROBBERY,robbery,1,1,42.89,-78.873,42.88982,-78.87306,20.5882,outcome_2025,True,True,True,1,2,2,True,False,"('0_25', 1, True)",PENDING,,
Buffalo,buffalo:25-1990592,dfs_14463fd146ecef79,cluster_778742a15e0f1819,2025-07-18,ROBBERY,robbery,1,1,42.89,-78.873,42.89029,-78.87296,32.3815,outcome_2025,False,True,True,1,2,2,False,False,"('25_50', 1, True)",PENDING,,
Buffalo,buffalo:25-2350208,dfs_85160e3f56539887,cluster_12b635fc27e11cbf,2025-08-23,ROBBERY,robbery,1,1,42.889,-78.872,42.88878,-78.87165,37.613,outcome_2025,False,True,True,0,2,2,False,False,"('25_50', 1, True)",PENDING,,
Buffalo,buffalo:25-0160225,dfs_14463fd146ecef79,cluster_778742a15e0f1819,2025-01-16,BURGLARY,burglary,1,1,42.89,-78.873,42.89029,-78.87296,32.3815,outcome_2025,False,True,True,1,2,2,False,False,"('25_50', 1, True)",PENDING,,
Buffalo,buffalo:25-2350208,dfs_44f6dda2f32f305a,cluster_12b635fc27e11cbf,2025-08-23,ROBBERY,robbery,1,1,42.889,-78.872,42.88878,-78.87165,37.613,outcome_2025,False,True,True,0,2,2,True,False,"('25_50', 1, True)",PENDING,,
Buffalo,buffalo:25-3190254,dfs_be34331872a1e3c5,cluster_7cb382e1bc34cbaa,2025-11-15,ROBBERY,robbery,1,1,42.872,-78.864,42.87186,-78.86409,17.2036,outcome_2025,True,True,True,1,1,1,True,False,"('0_25', 1, False)",PENDING,,
Buffalo,buffalo:25-1470602,dfs_ef77d963383254b1,cluster_2f7502d9e1c84fa9,2025-05-25,BURGLARY,burglary,1,1,42.918,-78.835,42.91801,-78.83526,21.2579,outcome_2025,True,True,True,1,1,1,True,False,"('0_25', 1, False)",PENDING,,
Buffalo,buffalo:25-1770458,dfs_cfd2433b4f3ab2a9,cluster_5715cb8a7740827d,2025-06-26,BURGLARY,burglary,1,1,42.939,-78.839,42.93891,-78.83925,22.7232,outcome_2025,True,True,True,1,1,1,True,False,"('0_25', 1, False)",PENDING,,
Rochester,rochester:2025-00176427,dfs_9ca35067e7fd964a,cluster_db9309df3020974a,2025-08-10,Larceny,larceny,0,1,43.147710000156884,-77.57747100020322,43.1481,-77.57772,47.828,outcome_2025,False,True,True,0,1,1,True,False,"('25_50', 0, False)",PENDING,,
Rochester,rochester:2025-00052510,dfs_a728a336c1f97c39,cluster_f892184ecc83c0e0,2025-03-14,Larceny,larceny,0,1,43.15459500019706,-77.61826349960977,43.15449,-77.61782,37.9118,outcome_2025,False,True,True,0,1,1,True,False,"('25_50', 0, False)",PENDING,,
Rochester,rochester:2025-00017478,dfs_a728a336c1f97c39,cluster_f892184ecc83c0e0,2025-01-23,Larceny,larceny,0,1,43.15459500019706,-77.61826349960977,43.15449,-77.61782,37.9118,outcome_2025,False,True,True,0,1,1,True,False,"('25_50', 0, False)",PENDING,,
Rochester,rochester:2025-00167894,dfs_238502b6353dea7e,cluster_3fb8f79515180e42,2025-07-30,Larceny,larceny,0,1,43.12359000010579,-77.61847500045559,43.12347,-77.61813,31.0797,outcome_2025,False,True,True,0,1,1,True,False,"('25_50', 0, False)",PENDING,,
Rochester,rochester:2025-00011944,dfs_a728a336c1f97c39,cluster_f892184ecc83c0e0,2025-01-18,Larceny,larceny,0,1,43.15459500019706,-77.61826349960977,43.15449,-77.61782,37.9118,outcome_2025,False,True,True,0,1,1,True,False,"('25_50', 0, False)",PENDING,,
Rochester,rochester:2025-00012213,dfs_5a074c4f178f80b2,cluster_c598f261c5e4f121,2025-01-18,Robbery,robbery,1,1,43.16924699999808,-77.57954100025322,43.16872,-77.57899,73.725,outcome_2025,False,False,True,0,0,2,True,False,"('50_100', 1, False)",PENDING,,
Rochester,rochester:2025-00152494,dfs_a0f2abfe63aa90fe,cluster_68180c104cba82fc,2025-07-13,Burglary,burglary,1,1,43.156358999785525,-77.61131549994742,43.1569,-77.61149,61.7558,outcome_2025,False,False,True,0,0,2,False,False,"('50_100', 1, False)",PENDING,,
Rochester,rochester:2025-00034689,dfs_8558c24f5babf9d2,cluster_5a442308e4894d0a,2025-02-20,Robbery,robbery,1,1,43.18784099973549,-77.58505800035607,43.18735,-77.58446,73.0666,outcome_2025,False,False,True,0,0,1,True,False,"('50_100', 1, False)",PENDING,,
Rochester,rochester:2025-00125471,dfs_e592d6c9a3870c49,cluster_63047e7ec7149f68,2025-06-14,Burglary,burglary,1,1,43.16924699999808,-77.57954100025322,43.16839,-77.57973,96.4418,outcome_2025,False,False,True,0,0,2,False,False,"('50_100', 1, False)",PENDING,,
Rochester,rochester:2025-00266581,dfs_65f1246d8c224b05,cluster_e2d9d71da339648e,2025-11-25,Robbery,robbery,1,1,43.1844209997114,-77.56540649998696,43.18452,-77.56628,71.8593,outcome_2025,False,False,True,0,0,1,True,False,"('50_100', 1, False)",PENDING,,
Rochester,rochester:2025-00219002,dfs_eaa673ff4c6479ee,cluster_39c07040bb37825c,2025-09-28,Larceny,larceny,0,1,43.145945999820505,-77.59313099981178,43.14579,-77.59236,65.0696,outcome_2025,False,False,True,0,0,1,True,False,"('50_100', 0, False)",PENDING,,
Rochester,rochester:2025-00033611,dfs_c1b5a9505997c121,cluster_9be37c2f51dc678f,2025-02-19,Larceny,larceny,0,1,43.158005999717744,-77.60355750027563,43.15744,-77.6039,68.7742,outcome_2025,False,False,True,0,0,1,True,False,"('50_100', 0, False)",PENDING,,
Rochester,rochester:2025-00148903,dfs_e592d6c9a3870c49,cluster_63047e7ec7149f68,2025-07-09,Larceny,larceny,0,1,43.16924699999808,-77.57954100025322,43.16839,-77.57973,96.4418,outcome_2025,False,False,True,0,0,2,False,False,"('50_100', 0, False)",PENDING,,
Rochester,rochester:2025-00109650,dfs_505a97e8ac349c24,cluster_a3c0488a63be3013,2025-05-27,Larceny,larceny,0,1,43.15981500037982,-77.54879249984482,43.15936,-77.54808,76.8964,outcome_2025,False,False,True,0,0,2,True,False,"('50_100', 0, False)",PENDING,,
Rochester,rochester:2025-00013358,dfs_cb462e3d552291fb,cluster_ac35652dbf25b988,2025-01-19,Larceny,larceny,0,1,43.14501900015085,-77.55430499949905,43.14522,-77.55359,62.3035,outcome_2025,False,False,True,0,0,1,True,False,"('50_100', 0, False)",PENDING,,
Rochester,rochester:2024-00069992,dfs_9ca35067e7fd964a,cluster_db9309df3020974a,2024-04-06,Robbery,robbery,1,1,43.14701699981553,-77.58263700011386,43.1481,-77.57772,417.6805,background_2024,False,False,False,0,0,0,True,True,"('200_500', 1, False)",PENDING,,
Rochester,rochester:2024-00042787,dfs_e99261cdb104b20e,cluster_c0835209bcd0ba85,2024-02-29,Burglary,burglary,1,1,43.15729500006683,-77.60194200032277,43.15621,-77.60601,352.1374,background_2024,False,False,False,0,0,0,False,True,"('200_500', 1, False)",PENDING,,
Rochester,rochester:2024-00255829,dfs_011e2e213148822f,cluster_9ba16ffd5260a92d,2024-11-03,Burglary,burglary,1,1,43.15551299976864,-77.60663550044754,43.15593,-77.61151,399.1637,background_2024,False,False,False,0,0,1,False,True,"('200_500', 1, False)",PENDING,,
Rochester,rochester:2025-00060921,dfs_1fd0868c718adcf2,cluster_6653ff53a1de9d7b,2024-09-01,Robbery,robbery,1,1,43.16822099999135,-77.62627349939991,43.16503,-77.62595,355.482,background_2024,False,False,False,0,0,0,False,False,"('200_500', 1, False)",PENDING,,
Rochester,rochester:2024-00046070,dfs_23e3941803569a84,cluster_2c726797b6e82828,2024-03-05,Burglary,burglary,1,1,43.16741099978689,-77.62488749983135,43.16923,-77.6259,218.2127,background_2024,False,False,False,0,0,0,True,True,"('200_500', 1, False)",PENDING,,
Rochester,rochester:2024-00202373,dfs_9c80a2c2fcb567f7,cluster_864a016e3bdc4b6f,2024-09-01,Larceny,larceny,0,1,43.15310099981023,-77.60925900029359,43.15255,-77.60357,466.7666,background_2024,False,False,False,0,0,0,False,True,"('200_500', 0, False)",PENDING,,
Rochester,rochester:2024-00019778,dfs_c1b5a9505997c121,cluster_9be37c2f51dc678f,2024-01-25,Larceny,larceny,0,1,43.15435200000601,-77.60060100039794,43.15744,-77.6039,435.5338,background_2024,False,False,False,0,0,0,False,True,"('200_500', 0, False)",PENDING,,
Rochester,rochester:2024-00258241,dfs_9f198afac612868f,cluster_42401d27ac90792c,2024-11-07,Larceny,larceny,0,1,43.15599900030337,-77.60267550046913,43.15739,-77.60521,257.6322,background_2024,False,False,False,0,0,0,False,True,"('200_500', 0, False)",PENDING,,
Rochester,rochester:2024-00292092,dfs_cb462e3d552291fb,cluster_ac35652dbf25b988,2024-12-23,Larceny,larceny,0,1,43.14668399970862,-77.5479194997199,43.14522,-77.55359,489.1158,background_2024,False,False,False,0,0,0,True,True,"('200_500', 0, False)",PENDING,,
Rochester,rochester:2024-00191355,dfs_434b01749593b572,cluster_099b751a0da4fb7e,2024-08-20,Larceny,larceny,0,1,43.15911299961927,-77.6104875004118,43.15701,-77.60697,369.3632,background_2024,False,False,False,0,0,0,False,True,"('200_500', 0, False)",PENDING,,
Rochester,rochester:2025-00074037,dfs_7c1e78337a20ec5c,cluster_9058a48406e00009,2025-04-14,Robbery,robbery,1,1,43.15476600019397,-77.60577599967289,43.15489,-77.60546,29.1612,outcome_2025,False,True,True,0,1,1,True,False,"('25_50', 1, False)",PENDING,,
Rochester,rochester:2025-00065290,dfs_434b01749593b572,cluster_099b751a0da4fb7e,2025-04-03,Burglary,burglary,1,1,43.157124000119225,-77.60726999962073,43.15701,-77.60697,27.491,outcome_2025,False,True,True,0,1,1,True,False,"('25_50', 1, False)",PENDING,,
Rochester,rochester:2025-00243407,dfs_45c9f5d981c0c3dc,cluster_137c584e11033f57,2025-10-27,Robbery,robbery,1,1,43.151417999898875,-77.57092349948721,43.15164,-77.57086,25.1983,outcome_2025,False,True,True,0,1,1,True,False,"('25_50', 1, False)",PENDING,,
Rochester,rochester:2025-00272501,dfs_238502b6353dea7e,cluster_3fb8f79515180e42,2025-12-03,Burglary,burglary,1,1,43.12360799982025,-77.61843900055425,43.12347,-77.61813,29.4508,outcome_2025,False,True,True,0,1,1,True,False,"('25_50', 1, False)",PENDING,,
Rochester,rochester:2025-00055021,dfs_505a97e8ac349c24,cluster_a3c0488a63be3013,2025-03-20,Robbery,robbery,1,1,43.15906800031554,-77.54817599957356,43.15936,-77.54808,33.3663,outcome_2025,False,True,True,0,1,2,True,False,"('25_50', 1, False)",PENDING,,
Rochester,rochester:2025-00081102,dfs_247c3098348cdf3e,cluster_d83e417a4ed3f965,2025-04-23,Robbery,robbery,1,1,43.16219099970365,-77.58198899944384,43.16198,-77.58204,23.8053,outcome_2025,True,True,True,1,1,1,True,False,"('0_25', 1, False)",PENDING,,
Rochester,rochester:2025-00027444,dfs_65f1246d8c224b05,cluster_e2d9d71da339648e,2025-02-10,Robbery,robbery,1,1,43.184582999961286,-77.56618050006796,43.18452,-77.56628,10.6967,outcome_2025,True,True,True,1,1,1,True,False,"('0_25', 1, False)",PENDING,,
Rochester,rochester:2025-00247772,dfs_3699c865fdc46142,cluster_7ecf1a8e7c55d685,2025-11-01,Robbery,robbery,1,1,43.11462600012408,-77.61162599946513,43.11455,-77.61148,14.577,outcome_2025,True,True,True,1,1,1,True,False,"('0_25', 1, False)",PENDING,,
Rochester,rochester:2025-00156522,dfs_e592d6c9a3870c49,cluster_63047e7ec7149f68,2025-07-16,Robbery,robbery,1,1,43.16846399963987,-77.57971649972217,43.16839,-77.57973,8.294,outcome_2025,True,True,True,1,1,2,True,False,"('0_25', 1, False)",PENDING,,
Rochester,rochester:2025-00092428,dfs_eaa673ff4c6479ee,cluster_39c07040bb37825c,2025-05-07,Robbery,robbery,1,1,43.14593700014307,-77.59222199977204,43.14579,-77.59236,19.8173,outcome_2025,True,True,True,1,1,1,True,False,"('0_25', 1, False)",PENDING,,
Rochester,rochester:2025-00140497,dfs_9c80a2c2fcb567f7,cluster_864a016e3bdc4b6f,2025-06-27,Larceny,larceny,0,1,43.152587999726215,-77.60329650019854,43.15255,-77.60357,22.6432,outcome_2025,True,True,True,1,1,1,True,False,"('0_25', 0, False)",PENDING,,
Rochester,rochester:2026-00027924,dfs_247c3098348cdf3e,cluster_d83e417a4ed3f965,2025-12-27,Larceny,larceny,0,1,43.16219099970365,-77.58198899944384,43.16198,-77.58204,23.8053,outcome_2025,True,True,True,1,1,1,True,False,"('0_25', 0, False)",PENDING,,
Rochester,rochester:2026-00125258,dfs_247c3098348cdf3e,cluster_d83e417a4ed3f965,2025-09-18,Larceny,larceny,0,1,43.16219099970365,-77.58198899944384,43.16198,-77.58204,23.8053,outcome_2025,True,True,True,1,1,1,True,False,"('0_25', 0, False)",PENDING,,
Rochester,rochester:2025-00161854,dfs_9c80a2c2fcb567f7,cluster_864a016e3bdc4b6f,2025-07-03,Larceny,larceny,0,1,43.152587999726215,-77.60329650019854,43.15255,-77.60357,22.6432,outcome_2025,True,True,True,1,1,1,True,False,"('0_25', 0, False)",PENDING,,
Rochester,rochester:2025-00251156,dfs_0a417253652e5916,cluster_40b7d68a7de44cff,2025-11-05,Larceny,larceny,0,1,43.11896399993273,-77.62075199961333,43.11911,-77.62056,22.5221,outcome_2025,True,True,True,1,1,2,True,False,"('0_25', 0, False)",PENDING,,
