variant,scheme,fold,model,candidate_index,selected_params,mean_inner_ap,valid_inner_folds,train_n,train_positive,test_n,train_id_hash,test_id_hash,calibration,model_artifact,model_sha256
primary_50m,spatial,fold_0,M0,0,{},0.7091477134107093,4,1100,636,87,9bfb63a9b4e11d73994a2a418af4f3916a2b9145d3378cf0dc797c31216db51b,1b007a7cb3fa76db95ea07a6344fb8360ed65faa97dee961fd8b766403cefe5b,"{""applied"": true, ""intercept"": -0.05139732387981493, ""n_oof"": 1100, ""reason"": ""training-only sigmoid"", ""slope"": 0.7916111475453751}",models/primary_50m/spatial_fold_0_M0.joblib,964dbe85acae3a318b9dd4d8f567fc3a809b6fae03d0decc6b711d39132f0425
primary_50m,spatial,fold_0,M1,0,"{""C"": 0.1}",0.729413446682832,4,1100,636,87,9bfb63a9b4e11d73994a2a418af4f3916a2b9145d3378cf0dc797c31216db51b,1b007a7cb3fa76db95ea07a6344fb8360ed65faa97dee961fd8b766403cefe5b,"{""applied"": true, ""intercept"": -0.05799073581852392, ""n_oof"": 1100, ""reason"": ""training-only sigmoid"", ""slope"": 0.8452764727912765}",models/primary_50m/spatial_fold_0_M1.joblib,b802960637247d2624a82cddf3605b2099bfef7c7a383187fd6702506e6a743b
primary_50m,spatial,fold_0,M2,1,"{""max_depth"": 2, ""reg_lambda"": 1}",0.7358069763360563,4,1100,636,87,9bfb63a9b4e11d73994a2a418af4f3916a2b9145d3378cf0dc797c31216db51b,1b007a7cb3fa76db95ea07a6344fb8360ed65faa97dee961fd8b766403cefe5b,"{""applied"": true, ""intercept"": 0.015146356321954846, ""n_oof"": 1100, ""reason"": ""training-only sigmoid"", ""slope"": 0.8987472737520464}",models/primary_50m/spatial_fold_0_M2.joblib,2b270023ad05e708f2dc7296e920d26b0cf7a29bdfafb361cf2d05df5fd80980
primary_50m,spatial,fold_1,M0,0,{},0.5827385430787986,4,654,305,481,5cc671ec6dd57e54e630fbf5cc24746673f6addddd356e41a63cfb30655c1d6a,4970113d8f08c26aa047f51f4aca1f31f7765daa3976f6f92927f4054ec5ad39,"{""applied"": true, ""intercept"": 0.014973652884202078, ""n_oof"": 654, ""reason"": ""training-only sigmoid"", ""slope"": 1.0000148675251397}",models/primary_50m/spatial_fold_1_M0.joblib,f4c0da9cfcb44b436b23f57313d6a9383bfad185f88b0824e6a6bcdc362b61fc
primary_50m,spatial,fold_1,M1,0,"{""C"": 0.1}",0.6102372530915179,4,654,305,481,5cc671ec6dd57e54e630fbf5cc24746673f6addddd356e41a63cfb30655c1d6a,4970113d8f08c26aa047f51f4aca1f31f7765daa3976f6f92927f4054ec5ad39,"{""applied"": true, ""intercept"": -0.010935710303870664, ""n_oof"": 654, ""reason"": ""training-only sigmoid"", ""slope"": 0.8602466297194001}",models/primary_50m/spatial_fold_1_M1.joblib,aa230d4cd0788363a13c7fbc432dbe6637239bfd36e641a7bbaa99bedf4d0b94
primary_50m,spatial,fold_1,M2,1,"{""max_depth"": 2, ""reg_lambda"": 1}",0.6085428016649101,4,654,305,481,5cc671ec6dd57e54e630fbf5cc24746673f6addddd356e41a63cfb30655c1d6a,4970113d8f08c26aa047f51f4aca1f31f7765daa3976f6f92927f4054ec5ad39,"{""applied"": true, ""intercept"": -0.002540338344724621, ""n_oof"": 654, ""reason"": ""training-only sigmoid"", ""slope"": 0.7327192200262285}",models/primary_50m/spatial_fold_1_M2.joblib,aae598884bef0fec159079f826487be11b1e04146268a1c6d31978d9c78f4623
primary_50m,spatial,fold_2,M0,0,{},0.6086734746132703,4,923,518,237,e33186184b30c3d883ed761e9c113a7ba846b6bd68f60db2c70b60b7f0857ad9,efe591227166b872ea94a8c660e07c097d02b84086b60bc72a4108c9816dc163,"{""applied"": true, ""intercept"": -0.08546946976555955, ""n_oof"": 923, ""reason"": ""training-only sigmoid"", ""slope"": 0.8035875689672145}",models/primary_50m/spatial_fold_2_M0.joblib,0ca26ef7ace3ee8a19c019863f5edb258d4878c4f37e6dd88baf58e6816eab1f
primary_50m,spatial,fold_2,M1,0,"{""C"": 0.1}",0.6396096923669946,4,923,518,237,e33186184b30c3d883ed761e9c113a7ba846b6bd68f60db2c70b60b7f0857ad9,efe591227166b872ea94a8c660e07c097d02b84086b60bc72a4108c9816dc163,"{""applied"": true, ""intercept"": -0.14764097281924785, ""n_oof"": 923, ""reason"": ""training-only sigmoid"", ""slope"": 0.8964348036001308}",models/primary_50m/spatial_fold_2_M1.joblib,b3b4a363d9b0ba87d1705351da0cef71eabbf01fcedc05dbaa4614c5f3dd0f7d
primary_50m,spatial,fold_2,M2,1,"{""max_depth"": 2, ""reg_lambda"": 1}",0.630663906161105,4,923,518,237,e33186184b30c3d883ed761e9c113a7ba846b6bd68f60db2c70b60b7f0857ad9,efe591227166b872ea94a8c660e07c097d02b84086b60bc72a4108c9816dc163,"{""applied"": true, ""intercept"": -0.06467453116743936, ""n_oof"": 923, ""reason"": ""training-only sigmoid"", ""slope"": 0.7983771161960591}",models/primary_50m/spatial_fold_2_M2.joblib,a648b12c59fe347169d8a5c7a2238eca2300c8b817b9e259ed716d0dff657e52
primary_50m,spatial,fold_3,M0,0,{},0.5595376942699694,4,1009,533,145,b5365b5532658f670134c2f57305964647d13c1445cf1e30aed7fa3d3bdcc2e0,2633b81347d801bceea5e86855860f8b6cf60edced61f327f877562e56330259,"{""applied"": true, ""intercept"": -0.10364554057681799, ""n_oof"": 1009, ""reason"": ""training-only sigmoid"", ""slope"": 0.7700404895662635}",models/primary_50m/spatial_fold_3_M0.joblib,ca356996958af61761f07fe12269d566471ccd22b9e6fa6a98b3f5f71caaf0c4
primary_50m,spatial,fold_3,M1,0,"{""C"": 0.1}",0.6016869645262742,4,1009,533,145,b5365b5532658f670134c2f57305964647d13c1445cf1e30aed7fa3d3bdcc2e0,2633b81347d801bceea5e86855860f8b6cf60edced61f327f877562e56330259,"{""applied"": true, ""intercept"": -0.08459833900826787, ""n_oof"": 1009, ""reason"": ""training-only sigmoid"", ""slope"": 0.760984175993285}",models/primary_50m/spatial_fold_3_M1.joblib,5995d82c0d699dd94c9527d11671a007fb40cf2c39ac2361e58219787fc05a84
primary_50m,spatial,fold_3,M2,0,"{""max_depth"": 2, ""reg_lambda"": 10}",0.5771788738637472,4,1009,533,145,b5365b5532658f670134c2f57305964647d13c1445cf1e30aed7fa3d3bdcc2e0,2633b81347d801bceea5e86855860f8b6cf60edced61f327f877562e56330259,"{""applied"": true, ""intercept"": -0.06460778326389754, ""n_oof"": 1009, ""reason"": ""training-only sigmoid"", ""slope"": 0.8342580140650192}",models/primary_50m/spatial_fold_3_M2.joblib,7504fe3a75538cd5f91cd67085215214b198c9ec1d53141a3dd60c6be0b2ce0b
primary_50m,spatial,fold_4,M0,0,{},0.5761845379814765,4,938,525,242,964fe2083835ff6c342d839dc6251c2d9d402c88c3092d6275df131538f4c0bb,4df90deeb1a597a40e203989aae9cc0bf6fb7a993b92957260993e8d2f86756d,"{""applied"": true, ""intercept"": -0.07575367829734936, ""n_oof"": 938, ""reason"": ""training-only sigmoid"", ""slope"": 0.778401102974362}",models/primary_50m/spatial_fold_4_M0.joblib,4a7f59422065877bd32a98f22fccf4d1404f8faccea1192ed803a223fcda4712
primary_50m,spatial,fold_4,M1,0,"{""C"": 0.1}",0.6031953731230577,4,938,525,242,964fe2083835ff6c342d839dc6251c2d9d402c88c3092d6275df131538f4c0bb,4df90deeb1a597a40e203989aae9cc0bf6fb7a993b92957260993e8d2f86756d,"{""applied"": true, ""intercept"": 0.03262539928873898, ""n_oof"": 938, ""reason"": ""training-only sigmoid"", ""slope"": 0.8027987950386299}",models/primary_50m/spatial_fold_4_M1.joblib,42b82e0dc405da9588a3c0ef4fbc853c98a64cc9987063281eb4257f9dd6dc1c
primary_50m,spatial,fold_4,M2,2,"{""max_depth"": 3, ""reg_lambda"": 10}",0.5984954408149376,4,938,525,242,964fe2083835ff6c342d839dc6251c2d9d402c88c3092d6275df131538f4c0bb,4df90deeb1a597a40e203989aae9cc0bf6fb7a993b92957260993e8d2f86756d,"{""applied"": true, ""intercept"": 0.1968644669907437, ""n_oof"": 938, ""reason"": ""training-only sigmoid"", ""slope"": 0.7161329886402185}",models/primary_50m/spatial_fold_4_M2.joblib,c35ad444fd8dec1fa9ce72b0be7b9ad2d520a6c39a7d448fa6ef4af1242ca5b3
primary_50m,leave_city_out,new_york_city,M0,0,{},0.29493276894555664,5,75,21,1117,4b07e38aa178d473616746c7fd9e2998b23db8ef8a244d2033c883d56f4e78af,3d382046445cc12882471f30f8c3a876f3c07de969054a7d1322150522e4f525,"{""applied"": true, ""intercept"": -0.9444465330827008, ""n_oof"": 75, ""reason"": ""training-only sigmoid"", ""slope"": 0.0}",models/primary_50m/leave_city_out_new_york_city_M0.joblib,532605d010f6eb1445fbbbe1194a7785c985fff9a09076588c3408117e61bb8f
primary_50m,leave_city_out,new_york_city,M1,2,"{""C"": 10.0}",0.5970581052933993,5,75,21,1117,4b07e38aa178d473616746c7fd9e2998b23db8ef8a244d2033c883d56f4e78af,3d382046445cc12882471f30f8c3a876f3c07de969054a7d1322150522e4f525,"{""applied"": true, ""intercept"": -0.8548322528414508, ""n_oof"": 75, ""reason"": ""training-only sigmoid"", ""slope"": 0.04716707478712144}",models/primary_50m/leave_city_out_new_york_city_M1.joblib,b04397fba69c45b92503e62da6e9cd6b4803107f01518b3974476e5d90aa315a
primary_50m,leave_city_out,new_york_city,M2,1,"{""max_depth"": 2, ""reg_lambda"": 1}",0.4466137566137566,5,75,21,1117,4b07e38aa178d473616746c7fd9e2998b23db8ef8a244d2033c883d56f4e78af,3d382046445cc12882471f30f8c3a876f3c07de969054a7d1322150522e4f525,"{""applied"": true, ""intercept"": -0.46481434390137155, ""n_oof"": 75, ""reason"": ""training-only sigmoid"", ""slope"": 0.4884208533919387}",models/primary_50m/leave_city_out_new_york_city_M2.joblib,61d7cd52479db72729f528b68ca9e540ec4b97aa42e36ab1393ecc5b1cd5a65f
primary_50m,leave_city_out,buffalo,M0,0,{},0.6121462787009918,5,1146,636,46,9dd1d722e953dca421a30bafacd210c5427ef16a1028f11b2a6137b168f0af9b,0c9f4f681eb47ffab6cdfc7cfdb133dfb148f593a4e7e9816887b012e5d85abe,"{""applied"": true, ""intercept"": -0.06641133987888846, ""n_oof"": 1146, ""reason"": ""training-only sigmoid"", ""slope"": 0.8134326486462048}",models/primary_50m/leave_city_out_buffalo_M0.joblib,4822b55ad1b802b06963183ceaddb90982a27aa8106e20a2da97ac0e8f513461
primary_50m,leave_city_out,buffalo,M1,0,"{""C"": 0.1}",0.6513490193571376,5,1146,636,46,9dd1d722e953dca421a30bafacd210c5427ef16a1028f11b2a6137b168f0af9b,0c9f4f681eb47ffab6cdfc7cfdb133dfb148f593a4e7e9816887b012e5d85abe,"{""applied"": true, ""intercept"": -0.09868756473533288, ""n_oof"": 1146, ""reason"": ""training-only sigmoid"", ""slope"": 0.8517602167042214}",models/primary_50m/leave_city_out_buffalo_M1.joblib,000fb25ff40fca8d5b4e74ea95747ca492628ee06698cc24a234f468629fe8f6
primary_50m,leave_city_out,buffalo,M2,1,"{""max_depth"": 2, ""reg_lambda"": 1}",0.64987821944042,5,1146,636,46,9dd1d722e953dca421a30bafacd210c5427ef16a1028f11b2a6137b168f0af9b,0c9f4f681eb47ffab6cdfc7cfdb133dfb148f593a4e7e9816887b012e5d85abe,"{""applied"": true, ""intercept"": 0.009227339216972295, ""n_oof"": 1146, ""reason"": ""training-only sigmoid"", ""slope"": 0.8413542124665706}",models/primary_50m/leave_city_out_buffalo_M2.joblib,3e832d0af1ab57cc8f8c9a9c36e774a45525f495ffd05b464aa900152d642cf5
primary_50m,leave_city_out,rochester,M0,0,{},0.6101725301759229,5,1163,643,29,566b48ff0ff88800a77fd1aa0670f084181be443c320f83f3a0189e2aa67d26d,3cc642977ef384ce664f6eab0c0310481ce32a10a5d0fd33d291f13b1b504b0a,"{""applied"": true, ""intercept"": -0.0686043422042753, ""n_oof"": 1163, ""reason"": ""training-only sigmoid"", ""slope"": 0.7946576288717573}",models/primary_50m/leave_city_out_rochester_M0.joblib,8d4fcc19b398adb0663e3d2e2811ad61e0ba1e4a47b253ebcae564c7d8ec0b43
primary_50m,leave_city_out,rochester,M1,0,"{""C"": 0.1}",0.6354224595657871,5,1163,643,29,566b48ff0ff88800a77fd1aa0670f084181be443c320f83f3a0189e2aa67d26d,3cc642977ef384ce664f6eab0c0310481ce32a10a5d0fd33d291f13b1b504b0a,"{""applied"": true, ""intercept"": -0.09855014007598199, ""n_oof"": 1163, ""reason"": ""training-only sigmoid"", ""slope"": 0.7568011690905353}",models/primary_50m/leave_city_out_rochester_M1.joblib,df98b48f8ed96f7c6601e91cd203c1bceb50b26c55492c3f5aeb05eff9d5f997
primary_50m,leave_city_out,rochester,M2,3,"{""max_depth"": 3, ""reg_lambda"": 1}",0.6416962534645002,5,1163,643,29,566b48ff0ff88800a77fd1aa0670f084181be443c320f83f3a0189e2aa67d26d,3cc642977ef384ce664f6eab0c0310481ce32a10a5d0fd33d291f13b1b504b0a,"{""applied"": true, ""intercept"": 0.03502244410010942, ""n_oof"": 1163, ""reason"": ""training-only sigmoid"", ""slope"": 0.7707885554840819}",models/primary_50m/leave_city_out_rochester_M2.joblib,e7d863f65841f80b4026f74cfa9871906441b3079dad23efbbbf00047c7cf605
radius_25m,spatial,fold_0,M0,0,{},0.4975753420746769,4,1100,407,87,9bfb63a9b4e11d73994a2a418af4f3916a2b9145d3378cf0dc797c31216db51b,1b007a7cb3fa76db95ea07a6344fb8360ed65faa97dee961fd8b766403cefe5b,"{""applied"": true, ""intercept"": -0.1109411083875166, ""n_oof"": 1100, ""reason"": ""training-only sigmoid"", ""slope"": 0.9202234017489322}",models/radius_25m/spatial_fold_0_M0.joblib,1b4cf44a555a00b37dc05d62b4e4c2c26b1b9028d712cf744201aa723f613e4f
radius_25m,spatial,fold_0,M1,1,"{""C"": 1.0}",0.5016721693983659,4,1100,407,87,9bfb63a9b4e11d73994a2a418af4f3916a2b9145d3378cf0dc797c31216db51b,1b007a7cb3fa76db95ea07a6344fb8360ed65faa97dee961fd8b766403cefe5b,"{""applied"": true, ""intercept"": -0.16738138342347686, ""n_oof"": 1100, ""reason"": ""training-only sigmoid"", ""slope"": 0.7583196218165666}",models/radius_25m/spatial_fold_0_M1.joblib,5f0b0a39f024eb232fcb56f0cc93815f604a9676b09284c4b4b1e93a37cdbc3d
radius_25m,spatial,fold_0,M2,2,"{""max_depth"": 3, ""reg_lambda"": 10}",0.4688824563127286,4,1100,407,87,9bfb63a9b4e11d73994a2a418af4f3916a2b9145d3378cf0dc797c31216db51b,1b007a7cb3fa76db95ea07a6344fb8360ed65faa97dee961fd8b766403cefe5b,"{""applied"": true, ""intercept"": -0.03036271816122556, ""n_oof"": 1100, ""reason"": ""training-only sigmoid"", ""slope"": 0.6798304475197713}",models/radius_25m/spatial_fold_0_M2.joblib,4b17c147448bdf6d277ee08f62850800ad03288ba6c3c48c6187255e87a3e8df
radius_25m,spatial,fold_1,M0,0,{},0.39940100541580675,4,654,177,481,5cc671ec6dd57e54e630fbf5cc24746673f6addddd356e41a63cfb30655c1d6a,4970113d8f08c26aa047f51f4aca1f31f7765daa3976f6f92927f4054ec5ad39,"{""applied"": true, ""intercept"": -0.08781647204762309, ""n_oof"": 654, ""reason"": ""training-only sigmoid"", ""slope"": 0.9240658242444326}",models/radius_25m/spatial_fold_1_M0.joblib,8b593b2661aff361da0e13c01a91ffc7922c1c5cd5e1dc00d38c0240bbbb56ca
radius_25m,spatial,fold_1,M1,0,"{""C"": 0.1}",0.41521033270066776,4,654,177,481,5cc671ec6dd57e54e630fbf5cc24746673f6addddd356e41a63cfb30655c1d6a,4970113d8f08c26aa047f51f4aca1f31f7765daa3976f6f92927f4054ec5ad39,"{""applied"": true, ""intercept"": -0.2325568055941445, ""n_oof"": 654, ""reason"": ""training-only sigmoid"", ""slope"": 0.7595716168915752}",models/radius_25m/spatial_fold_1_M1.joblib,56bc119e4ec0c257b7a9795a680e4fb6eb4d101ca38051150a1d8d76bec1e3fb
radius_25m,spatial,fold_1,M2,0,"{""max_depth"": 2, ""reg_lambda"": 10}",0.4297795201353165,4,654,177,481,5cc671ec6dd57e54e630fbf5cc24746673f6addddd356e41a63cfb30655c1d6a,4970113d8f08c26aa047f51f4aca1f31f7765daa3976f6f92927f4054ec5ad39,"{""applied"": true, ""intercept"": -0.2361955663573193, ""n_oof"": 654, ""reason"": ""training-only sigmoid"", ""slope"": 0.7135648595186557}",models/radius_25m/spatial_fold_1_M2.joblib,b472eed3ce0dfdb84f69f9d0ebeff88ffb82a87a2a029b7c300cf56ef7e6919c
radius_25m,spatial,fold_2,M0,0,{},0.42796317177865717,4,923,341,237,e33186184b30c3d883ed761e9c113a7ba846b6bd68f60db2c70b60b7f0857ad9,efe591227166b872ea94a8c660e07c097d02b84086b60bc72a4108c9816dc163,"{""applied"": true, ""intercept"": -0.11840161955787668, ""n_oof"": 923, ""reason"": ""training-only sigmoid"", ""slope"": 0.9214038094238292}",models/radius_25m/spatial_fold_2_M0.joblib,c6340a4ed4b17a569adfdf1b7f22f4c8f9b4422061045bfb9cccadbad5f904b4
radius_25m,spatial,fold_2,M1,0,"{""C"": 0.1}",0.44670548049121,4,923,341,237,e33186184b30c3d883ed761e9c113a7ba846b6bd68f60db2c70b60b7f0857ad9,efe591227166b872ea94a8c660e07c097d02b84086b60bc72a4108c9816dc163,"{""applied"": true, ""intercept"": -0.1399230618410274, ""n_oof"": 923, ""reason"": ""training-only sigmoid"", ""slope"": 0.8956278573174177}",models/radius_25m/spatial_fold_2_M1.joblib,0cd1cf4bd6560de621cbf7f6bbd5859087da0056d5ad29de7eb86863d93476d0
radius_25m,spatial,fold_2,M2,0,"{""max_depth"": 2, ""reg_lambda"": 10}",0.5158083985176514,4,923,341,237,e33186184b30c3d883ed761e9c113a7ba846b6bd68f60db2c70b60b7f0857ad9,efe591227166b872ea94a8c660e07c097d02b84086b60bc72a4108c9816dc163,"{""applied"": true, ""intercept"": -0.020327921971670944, ""n_oof"": 923, ""reason"": ""training-only sigmoid"", ""slope"": 0.8465646772887502}",models/radius_25m/spatial_fold_2_M2.joblib,730735fd7b06ae28563c8118bdc2887ff484eeafced03a1de082f7839be8538a
radius_25m,spatial,fold_3,M0,0,{},0.3827513651261255,4,1009,335,145,b5365b5532658f670134c2f57305964647d13c1445cf1e30aed7fa3d3bdcc2e0,2633b81347d801bceea5e86855860f8b6cf60edced61f327f877562e56330259,"{""applied"": true, ""intercept"": -0.27538360819447055, ""n_oof"": 1009, ""reason"": ""training-only sigmoid"", ""slope"": 0.788448078487626}",models/radius_25m/spatial_fold_3_M0.joblib,a9241580af7ea7385dde36f051a9f3db986bd701a28265ac1c43b38ae954c983
radius_25m,spatial,fold_3,M1,0,"{""C"": 0.1}",0.448920192925473,4,1009,335,145,b5365b5532658f670134c2f57305964647d13c1445cf1e30aed7fa3d3bdcc2e0,2633b81347d801bceea5e86855860f8b6cf60edced61f327f877562e56330259,"{""applied"": true, ""intercept"": -0.26969556350479584, ""n_oof"": 1009, ""reason"": ""training-only sigmoid"", ""slope"": 0.776281252705254}",models/radius_25m/spatial_fold_3_M1.joblib,3fbc4ae5803e9caa3ef2cd9f6c40bde4e03d608fb140d3fe744ff1770a801b57
radius_25m,spatial,fold_3,M2,3,"{""max_depth"": 3, ""reg_lambda"": 1}",0.39808382093066225,4,1009,335,145,b5365b5532658f670134c2f57305964647d13c1445cf1e30aed7fa3d3bdcc2e0,2633b81347d801bceea5e86855860f8b6cf60edced61f327f877562e56330259,"{""applied"": true, ""intercept"": -0.17495836632717826, ""n_oof"": 1009, ""reason"": ""training-only sigmoid"", ""slope"": 0.6314591701460363}",models/radius_25m/spatial_fold_3_M2.joblib,46602ac3ceb11b6c33674376c0278c2f18a72ce1aeb39242c440df1f9b7e3568
radius_25m,spatial,fold_4,M0,0,{},0.3887556153055507,4,938,338,242,964fe2083835ff6c342d839dc6251c2d9d402c88c3092d6275df131538f4c0bb,4df90deeb1a597a40e203989aae9cc0bf6fb7a993b92957260993e8d2f86756d,"{""applied"": true, ""intercept"": -0.07925885322314465, ""n_oof"": 938, ""reason"": ""training-only sigmoid"", ""slope"": 0.9356866155415662}",models/radius_25m/spatial_fold_4_M0.joblib,6ba4a65ad7d69a3e4492aeb26ded7cd81f480e3b442a95983246274375b211ad
radius_25m,spatial,fold_4,M1,0,"{""C"": 0.1}",0.3986439510875035,4,938,338,242,964fe2083835ff6c342d839dc6251c2d9d402c88c3092d6275df131538f4c0bb,4df90deeb1a597a40e203989aae9cc0bf6fb7a993b92957260993e8d2f86756d,"{""applied"": true, ""intercept"": -0.029117032986928238, ""n_oof"": 938, ""reason"": ""training-only sigmoid"", ""slope"": 0.7576060022577213}",models/radius_25m/spatial_fold_4_M1.joblib,e43985e373804b95cc475a86f87542765e7b5b1c3b4d8b7cd100fe1f3dd5e581
radius_25m,spatial,fold_4,M2,1,"{""max_depth"": 2, ""reg_lambda"": 1}",0.3776805444854727,4,938,338,242,964fe2083835ff6c342d839dc6251c2d9d402c88c3092d6275df131538f4c0bb,4df90deeb1a597a40e203989aae9cc0bf6fb7a993b92957260993e8d2f86756d,"{""applied"": true, ""intercept"": -0.06908878897129327, ""n_oof"": 938, ""reason"": ""training-only sigmoid"", ""slope"": 0.5881412480004607}",models/radius_25m/spatial_fold_4_M2.joblib,604de6672a5edd06cdf5b55a2fd4d3dc06e6d5d076b87a46a1c6d03bf26472bf
radius_25m,leave_city_out,new_york_city,M0,0,{},0.412111801242236,3,75,7,1117,4b07e38aa178d473616746c7fd9e2998b23db8ef8a244d2033c883d56f4e78af,3d382046445cc12882471f30f8c3a876f3c07de969054a7d1322150522e4f525,"{""applied"": true, ""intercept"": -0.9098082303651109, ""n_oof"": 49, ""reason"": ""training-only sigmoid"", ""slope"": 0.36117602630844553}",models/radius_25m/leave_city_out_new_york_city_M0.joblib,89077be2be16ddba0c547e2119dd1d77c1d1e2797ad8088d9b273940154a03d7
radius_25m,leave_city_out,new_york_city,M1,1,"{""C"": 1.0}",0.7929292929292929,3,75,7,1117,4b07e38aa178d473616746c7fd9e2998b23db8ef8a244d2033c883d56f4e78af,3d382046445cc12882471f30f8c3a876f3c07de969054a7d1322150522e4f525,"{""applied"": true, ""intercept"": -0.7320847828938047, ""n_oof"": 49, ""reason"": ""training-only sigmoid"", ""slope"": 0.4085336855593413}",models/radius_25m/leave_city_out_new_york_city_M1.joblib,e31bf9d7d70b094d807453084fc0bba55a692f595e983fe78fb84102940bc0a3
radius_25m,leave_city_out,new_york_city,M2,0,"{""max_depth"": 2, ""reg_lambda"": 10}",0.197310405643739,3,75,7,1117,4b07e38aa178d473616746c7fd9e2998b23db8ef8a244d2033c883d56f4e78af,3d382046445cc12882471f30f8c3a876f3c07de969054a7d1322150522e4f525,"{""applied"": true, ""intercept"": -1.7917996408494394, ""n_oof"": 49, ""reason"": ""training-only sigmoid"", ""slope"": 0.0}",models/radius_25m/leave_city_out_new_york_city_M2.joblib,8b8b5f220dc9c1bd10399b158755919d0e3f73a71695d0b0ae5908f4cc8700b8
radius_25m,leave_city_out,buffalo,M0,0,{},0.4266330850784339,5,1146,409,46,9dd1d722e953dca421a30bafacd210c5427ef16a1028f11b2a6137b168f0af9b,0c9f4f681eb47ffab6cdfc7cfdb133dfb148f593a4e7e9816887b012e5d85abe,"{""applied"": true, ""intercept"": -0.12465086550764114, ""n_oof"": 1146, ""reason"": ""training-only sigmoid"", ""slope"": 0.9080355398651258}",models/radius_25m/leave_city_out_buffalo_M0.joblib,40f3ad2a4a1b4021c0bd9de88e23bcd066ed13fa9ff5a55aad81a7c47920feda
radius_25m,leave_city_out,buffalo,M1,2,"{""C"": 10.0}",0.4580500572468316,5,1146,409,46,9dd1d722e953dca421a30bafacd210c5427ef16a1028f11b2a6137b168f0af9b,0c9f4f681eb47ffab6cdfc7cfdb133dfb148f593a4e7e9816887b012e5d85abe,"{""applied"": true, ""intercept"": -0.20540872090099754, ""n_oof"": 1146, ""reason"": ""training-only sigmoid"", ""slope"": 0.7556178822273054}",models/radius_25m/leave_city_out_buffalo_M1.joblib,2e475f9ba0429feccc14e3322bba279d131509979a8a98bc7b918636b40f6984
radius_25m,leave_city_out,buffalo,M2,0,"{""max_depth"": 2, ""reg_lambda"": 10}",0.41604536752638854,5,1146,409,46,9dd1d722e953dca421a30bafacd210c5427ef16a1028f11b2a6137b168f0af9b,0c9f4f681eb47ffab6cdfc7cfdb133dfb148f593a4e7e9816887b012e5d85abe,"{""applied"": true, ""intercept"": 0.07051245302406495, ""n_oof"": 1146, ""reason"": ""training-only sigmoid"", ""slope"": 0.8735944774252608}",models/radius_25m/leave_city_out_buffalo_M2.joblib,f05c99b8ebcfabaebaa1ec451a0b0e39202ae9bcac33036c72dd94fdba98c096
radius_25m,leave_city_out,rochester,M0,0,{},0.41721516910528733,5,1163,408,29,566b48ff0ff88800a77fd1aa0670f084181be443c320f83f3a0189e2aa67d26d,3cc642977ef384ce664f6eab0c0310481ce32a10a5d0fd33d291f13b1b504b0a,"{""applied"": true, ""intercept"": -0.1370107946847331, ""n_oof"": 1163, ""reason"": ""training-only sigmoid"", ""slope"": 0.8909956469242986}",models/radius_25m/leave_city_out_rochester_M0.joblib,541b564ea8d2dee855e0b002a9fbc27e9fa0f34bf9416648ae2f2547f9a678cc
radius_25m,leave_city_out,rochester,M1,0,"{""C"": 0.1}",0.4449515552478839,5,1163,408,29,566b48ff0ff88800a77fd1aa0670f084181be443c320f83f3a0189e2aa67d26d,3cc642977ef384ce664f6eab0c0310481ce32a10a5d0fd33d291f13b1b504b0a,"{""applied"": true, ""intercept"": -0.23384993125732706, ""n_oof"": 1163, ""reason"": ""training-only sigmoid"", ""slope"": 0.7793079948344502}",models/radius_25m/leave_city_out_rochester_M1.joblib,b1352e910a1283a3fc34424e03f5c4e976e7b062f43195775c0c8d27b37d8718
radius_25m,leave_city_out,rochester,M2,3,"{""max_depth"": 3, ""reg_lambda"": 1}",0.47211769156071937,5,1163,408,29,566b48ff0ff88800a77fd1aa0670f084181be443c320f83f3a0189e2aa67d26d,3cc642977ef384ce664f6eab0c0310481ce32a10a5d0fd33d291f13b1b504b0a,"{""applied"": true, ""intercept"": -0.04150804015012869, ""n_oof"": 1163, ""reason"": ""training-only sigmoid"", ""slope"": 0.664201551034292}",models/radius_25m/leave_city_out_rochester_M2.joblib,6f27a816cdb52e35ff27cfb8d6fccc3812421c04a26c730a60b785cab7354a22
radius_100m,spatial,fold_0,M0,0,{},0.9273716757236745,4,1100,935,87,9bfb63a9b4e11d73994a2a418af4f3916a2b9145d3378cf0dc797c31216db51b,1b007a7cb3fa76db95ea07a6344fb8360ed65faa97dee961fd8b766403cefe5b,"{""applied"": true, ""intercept"": 0.04951811194680332, ""n_oof"": 1100, ""reason"": ""training-only sigmoid"", ""slope"": 0.9395501967200544}",models/radius_100m/spatial_fold_0_M0.joblib,8f0d654e5e89fb7efc072c366dd8f09d69c492abbaf683a5f0e355ec94f869bb
radius_100m,spatial,fold_0,M1,0,"{""C"": 0.1}",0.9306664972114403,4,1100,935,87,9bfb63a9b4e11d73994a2a418af4f3916a2b9145d3378cf0dc797c31216db51b,1b007a7cb3fa76db95ea07a6344fb8360ed65faa97dee961fd8b766403cefe5b,"{""applied"": true, ""intercept"": 0.09776635719393349, ""n_oof"": 1100, ""reason"": ""training-only sigmoid"", ""slope"": 0.9537458852144673}",models/radius_100m/spatial_fold_0_M1.joblib,553e414f6b97b42ad386bb6dc17b803f16d2d42f904ff6a870948ad554baf6d5
radius_100m,spatial,fold_0,M2,0,"{""max_depth"": 2, ""reg_lambda"": 10}",0.9099676978401539,4,1100,935,87,9bfb63a9b4e11d73994a2a418af4f3916a2b9145d3378cf0dc797c31216db51b,1b007a7cb3fa76db95ea07a6344fb8360ed65faa97dee961fd8b766403cefe5b,"{""applied"": true, ""intercept"": 0.144108235484922, ""n_oof"": 1100, ""reason"": ""training-only sigmoid"", ""slope"": 0.7625884825451301}",models/radius_100m/spatial_fold_0_M2.joblib,d4086cd10ddecd459465d298ce4ff6968257bf7aef768a6e0c89ca3b54c7563e
radius_100m,spatial,fold_1,M0,0,{},0.8392876010356294,4,654,481,481,5cc671ec6dd57e54e630fbf5cc24746673f6addddd356e41a63cfb30655c1d6a,4970113d8f08c26aa047f51f4aca1f31f7765daa3976f6f92927f4054ec5ad39,"{""applied"": true, ""intercept"": 0.08596609877576555, ""n_oof"": 654, ""reason"": ""training-only sigmoid"", ""slope"": 0.8853495850267609}",models/radius_100m/spatial_fold_1_M0.joblib,4c095140b09c0a725c37c5de1f4486d8fbad3abd94d32fd438c8a1c4f5bedebc
radius_100m,spatial,fold_1,M1,0,"{""C"": 0.1}",0.8537879061580863,4,654,481,481,5cc671ec6dd57e54e630fbf5cc24746673f6addddd356e41a63cfb30655c1d6a,4970113d8f08c26aa047f51f4aca1f31f7765daa3976f6f92927f4054ec5ad39,"{""applied"": true, ""intercept"": 0.17245550182880504, ""n_oof"": 654, ""reason"": ""training-only sigmoid"", ""slope"": 0.6984907133271583}",models/radius_100m/spatial_fold_1_M1.joblib,4fab0e3a159863b56ece60a38731d3e3c079061305952848c649defba0db3699
radius_100m,spatial,fold_1,M2,3,"{""max_depth"": 3, ""reg_lambda"": 1}",0.8401526442222526,4,654,481,481,5cc671ec6dd57e54e630fbf5cc24746673f6addddd356e41a63cfb30655c1d6a,4970113d8f08c26aa047f51f4aca1f31f7765daa3976f6f92927f4054ec5ad39,"{""applied"": true, ""intercept"": -0.022406610156375576, ""n_oof"": 654, ""reason"": ""training-only sigmoid"", ""slope"": 0.6131739416242089}",models/radius_100m/spatial_fold_1_M2.joblib,c84adcfe5354bfe9d2b17b9af35a8903e543216b92da6f994396e594eb1c274f
radius_100m,spatial,fold_2,M0,0,{},0.8880139556684757,4,923,784,237,e33186184b30c3d883ed761e9c113a7ba846b6bd68f60db2c70b60b7f0857ad9,efe591227166b872ea94a8c660e07c097d02b84086b60bc72a4108c9816dc163,"{""applied"": true, ""intercept"": 0.00445570158837419, ""n_oof"": 923, ""reason"": ""training-only sigmoid"", ""slope"": 0.9819212651845087}",models/radius_100m/spatial_fold_2_M0.joblib,39418fc636c45cc148fb7220318d7dfe249d31c1273ea33a0f79e159a2aab7fe
radius_100m,spatial,fold_2,M1,0,"{""C"": 0.1}",0.9032763227119521,4,923,784,237,e33186184b30c3d883ed761e9c113a7ba846b6bd68f60db2c70b60b7f0857ad9,efe591227166b872ea94a8c660e07c097d02b84086b60bc72a4108c9816dc163,"{""applied"": true, ""intercept"": -0.056143266798139684, ""n_oof"": 923, ""reason"": ""training-only sigmoid"", ""slope"": 0.9428503991748994}",models/radius_100m/spatial_fold_2_M1.joblib,a56c852e8b9276aaae0633bb543c34d94579c5ad0b9086f2b885f81092f5ecf6
radius_100m,spatial,fold_2,M2,2,"{""max_depth"": 3, ""reg_lambda"": 10}",0.90052780289956,4,923,784,237,e33186184b30c3d883ed761e9c113a7ba846b6bd68f60db2c70b60b7f0857ad9,efe591227166b872ea94a8c660e07c097d02b84086b60bc72a4108c9816dc163,"{""applied"": true, ""intercept"": 0.10466779467553455, ""n_oof"": 923, ""reason"": ""training-only sigmoid"", ""slope"": 0.7562328804281844}",models/radius_100m/spatial_fold_2_M2.joblib,958b19cf1ba47f6bf5da3282243fbfa9f71392de40f94c1909ffee213fb01381
radius_100m,spatial,fold_3,M0,0,{},0.8553181974538804,4,1009,811,145,b5365b5532658f670134c2f57305964647d13c1445cf1e30aed7fa3d3bdcc2e0,2633b81347d801bceea5e86855860f8b6cf60edced61f327f877562e56330259,"{""applied"": true, ""intercept"": 0.051992123459385683, ""n_oof"": 1009, ""reason"": ""training-only sigmoid"", ""slope"": 0.9779593667378675}",models/radius_100m/spatial_fold_3_M0.joblib,e1e69c986b39836f23245553e036b622ae3b875ec7209e05bbbeef2b3a5fefce
radius_100m,spatial,fold_3,M1,0,"{""C"": 0.1}",0.8624591153463003,4,1009,811,145,b5365b5532658f670134c2f57305964647d13c1445cf1e30aed7fa3d3bdcc2e0,2633b81347d801bceea5e86855860f8b6cf60edced61f327f877562e56330259,"{""applied"": true, ""intercept"": 0.23799253015391014, ""n_oof"": 1009, ""reason"": ""training-only sigmoid"", ""slope"": 0.9023023133305542}",models/radius_100m/spatial_fold_3_M1.joblib,a482321f0048ba645b90333473d4dbd8e4bb55cd2bfe5326213ad3e0f10779ac
radius_100m,spatial,fold_3,M2,0,"{""max_depth"": 2, ""reg_lambda"": 10}",0.8288730649392668,4,1009,811,145,b5365b5532658f670134c2f57305964647d13c1445cf1e30aed7fa3d3bdcc2e0,2633b81347d801bceea5e86855860f8b6cf60edced61f327f877562e56330259,"{""applied"": true, ""intercept"": 0.20879239780321493, ""n_oof"": 1009, ""reason"": ""training-only sigmoid"", ""slope"": 0.7935887119484486}",models/radius_100m/spatial_fold_3_M2.joblib,97ac9a505347dc4dea372d53aeb20bc7aefb3fdd81d7f5d612ef5ad25880c810
radius_100m,spatial,fold_4,M0,0,{},0.8648160595141907,4,938,781,242,964fe2083835ff6c342d839dc6251c2d9d402c88c3092d6275df131538f4c0bb,4df90deeb1a597a40e203989aae9cc0bf6fb7a993b92957260993e8d2f86756d,"{""applied"": true, ""intercept"": 0.09196643662890569, ""n_oof"": 938, ""reason"": ""training-only sigmoid"", ""slope"": 0.9331608565880979}",models/radius_100m/spatial_fold_4_M0.joblib,dcf347391a29588824c35b106adf22ed87694b651fc6e9f03a109afc43285079
radius_100m,spatial,fold_4,M1,0,"{""C"": 0.1}",0.8700481825355779,4,938,781,242,964fe2083835ff6c342d839dc6251c2d9d402c88c3092d6275df131538f4c0bb,4df90deeb1a597a40e203989aae9cc0bf6fb7a993b92957260993e8d2f86756d,"{""applied"": true, ""intercept"": 0.8070512903404905, ""n_oof"": 938, ""reason"": ""training-only sigmoid"", ""slope"": 0.6127696815563457}",models/radius_100m/spatial_fold_4_M1.joblib,880f15d85d637cd53b60e6f79bfe0c1de2d54cc1d5e45c7a9446c056e15ee199
radius_100m,spatial,fold_4,M2,3,"{""max_depth"": 3, ""reg_lambda"": 1}",0.8715964680817305,4,938,781,242,964fe2083835ff6c342d839dc6251c2d9d402c88c3092d6275df131538f4c0bb,4df90deeb1a597a40e203989aae9cc0bf6fb7a993b92957260993e8d2f86756d,"{""applied"": true, ""intercept"": 0.17332613612413378, ""n_oof"": 938, ""reason"": ""training-only sigmoid"", ""slope"": 0.586524087212638}",models/radius_100m/spatial_fold_4_M2.joblib,c14a92b3072761b65b7e1484baf8e95d23980a83941383b57236a3e8d6615369
radius_100m,leave_city_out,new_york_city,M0,0,{},0.7852191723061177,5,75,46,1117,4b07e38aa178d473616746c7fd9e2998b23db8ef8a244d2033c883d56f4e78af,3d382046445cc12882471f30f8c3a876f3c07de969054a7d1322150522e4f525,"{""applied"": true, ""intercept"": 0.19285742428373912, ""n_oof"": 75, ""reason"": ""training-only sigmoid"", ""slope"": 0.6436445069002203}",models/radius_100m/leave_city_out_new_york_city_M0.joblib,b241c5c24ae02c663e4b52238258f6372be2f7874fbbf4d652789b3538b6f49c
radius_100m,leave_city_out,new_york_city,M1,1,"{""C"": 1.0}",0.9142377828528868,5,75,46,1117,4b07e38aa178d473616746c7fd9e2998b23db8ef8a244d2033c883d56f4e78af,3d382046445cc12882471f30f8c3a876f3c07de969054a7d1322150522e4f525,"{""applied"": true, ""intercept"": 0.18433815793665503, ""n_oof"": 75, ""reason"": ""training-only sigmoid"", ""slope"": 0.43539252746421625}",models/radius_100m/leave_city_out_new_york_city_M1.joblib,8dd5c5d11fe692add615efa7177cdf0c7696fcbdb891299422e4f1e2d442a792
radius_100m,leave_city_out,new_york_city,M2,1,"{""max_depth"": 2, ""reg_lambda"": 1}",0.8534529963500551,5,75,46,1117,4b07e38aa178d473616746c7fd9e2998b23db8ef8a244d2033c883d56f4e78af,3d382046445cc12882471f30f8c3a876f3c07de969054a7d1322150522e4f525,"{""applied"": true, ""intercept"": 0.22115820603463415, ""n_oof"": 75, ""reason"": ""training-only sigmoid"", ""slope"": 0.6684025917012854}",models/radius_100m/leave_city_out_new_york_city_M2.joblib,c5db45b7defb31cfb0f6714080374e9d18289856f4380263aaf0110ba53af8e6
radius_100m,leave_city_out,buffalo,M0,0,{},0.8676411520280276,5,1146,948,46,9dd1d722e953dca421a30bafacd210c5427ef16a1028f11b2a6137b168f0af9b,0c9f4f681eb47ffab6cdfc7cfdb133dfb148f593a4e7e9816887b012e5d85abe,"{""applied"": true, ""intercept"": 0.0364529031583783, ""n_oof"": 1146, ""reason"": ""training-only sigmoid"", ""slope"": 0.9669871190144171}",models/radius_100m/leave_city_out_buffalo_M0.joblib,069ddfcac650fa08394de4938cc3f9e11bbdba0c7bf4c3fbe78d0352c54d761a
radius_100m,leave_city_out,buffalo,M1,0,"{""C"": 0.1}",0.8745703811730294,5,1146,948,46,9dd1d722e953dca421a30bafacd210c5427ef16a1028f11b2a6137b168f0af9b,0c9f4f681eb47ffab6cdfc7cfdb133dfb148f593a4e7e9816887b012e5d85abe,"{""applied"": true, ""intercept"": 0.0710442239758604, ""n_oof"": 1146, ""reason"": ""training-only sigmoid"", ""slope"": 0.9325011417225259}",models/radius_100m/leave_city_out_buffalo_M1.joblib,5c78fcd3d9d1698c7140654197e88f88323b3cee732cc900d86e74f193c95a95
radius_100m,leave_city_out,buffalo,M2,1,"{""max_depth"": 2, ""reg_lambda"": 1}",0.8428309833899823,5,1146,948,46,9dd1d722e953dca421a30bafacd210c5427ef16a1028f11b2a6137b168f0af9b,0c9f4f681eb47ffab6cdfc7cfdb133dfb148f593a4e7e9816887b012e5d85abe,"{""applied"": true, ""intercept"": 0.09056906366092014, ""n_oof"": 1146, ""reason"": ""training-only sigmoid"", ""slope"": 0.6981689634162586}",models/radius_100m/leave_city_out_buffalo_M2.joblib,b9def9cc4871c84842bc71dbb9092db0940acb3feee470f1f69c78f5f5d60dd8
radius_100m,leave_city_out,rochester,M0,0,{},0.8813681872351719,5,1163,966,29,566b48ff0ff88800a77fd1aa0670f084181be443c320f83f3a0189e2aa67d26d,3cc642977ef384ce664f6eab0c0310481ce32a10a5d0fd33d291f13b1b504b0a,"{""applied"": true, ""intercept"": 0.05879582751336654, ""n_oof"": 1163, ""reason"": ""training-only sigmoid"", ""slope"": 0.9544818338173331}",models/radius_100m/leave_city_out_rochester_M0.joblib,d8f29ba5b62ffbc3c9780c933a89392c3667158b06197221725831a9aa019233
radius_100m,leave_city_out,rochester,M1,0,"{""C"": 0.1}",0.8924098566608911,5,1163,966,29,566b48ff0ff88800a77fd1aa0670f084181be443c320f83f3a0189e2aa67d26d,3cc642977ef384ce664f6eab0c0310481ce32a10a5d0fd33d291f13b1b504b0a,"{""applied"": true, ""intercept"": 0.11489873053869502, ""n_oof"": 1163, ""reason"": ""training-only sigmoid"", ""slope"": 0.925988774538755}",models/radius_100m/leave_city_out_rochester_M1.joblib,a3d8e86782bdfca8f0e8081d783edf122507ac0479da65fe8f94134b465d8f3c
radius_100m,leave_city_out,rochester,M2,1,"{""max_depth"": 2, ""reg_lambda"": 1}",0.8624733722602429,5,1163,966,29,566b48ff0ff88800a77fd1aa0670f084181be443c320f83f3a0189e2aa67d26d,3cc642977ef384ce664f6eab0c0310481ce32a10a5d0fd33d291f13b1b504b0a,"{""applied"": true, ""intercept"": 0.15486682209167937, ""n_oof"": 1163, ""reason"": ""training-only sigmoid"", ""slope"": 0.6945370536645644}",models/radius_100m/leave_city_out_rochester_M2.joblib,7040533eb03341a3f760c90fe8c4b0be0c97d1aafc614ba5c375183a91aebce7
nearest_only_50m,spatial,fold_0,M0,0,{},0.6048883228740155,4,1100,556,87,9bfb63a9b4e11d73994a2a418af4f3916a2b9145d3378cf0dc797c31216db51b,1b007a7cb3fa76db95ea07a6344fb8360ed65faa97dee961fd8b766403cefe5b,"{""applied"": true, ""intercept"": -0.07341026634425081, ""n_oof"": 1100, ""reason"": ""training-only sigmoid"", ""slope"": 0.8876579704626041}",models/nearest_only_50m/spatial_fold_0_M0.joblib,5e569d84d25ebd3bdb08262e1a0a796812fefc293288116279ab1d141cb4d612
nearest_only_50m,spatial,fold_0,M1,0,"{""C"": 0.1}",0.6498586235559514,4,1100,556,87,9bfb63a9b4e11d73994a2a418af4f3916a2b9145d3378cf0dc797c31216db51b,1b007a7cb3fa76db95ea07a6344fb8360ed65faa97dee961fd8b766403cefe5b,"{""applied"": true, ""intercept"": 0.017931129026164616, ""n_oof"": 1100, ""reason"": ""training-only sigmoid"", ""slope"": 0.9388525191297528}",models/nearest_only_50m/spatial_fold_0_M1.joblib,aa818bcb94758148cc809b5e4d8b335d0f58adeca2d25eae325b39cbb8931f75
nearest_only_50m,spatial,fold_0,M2,0,"{""max_depth"": 2, ""reg_lambda"": 10}",0.6305737846451185,4,1100,556,87,9bfb63a9b4e11d73994a2a418af4f3916a2b9145d3378cf0dc797c31216db51b,1b007a7cb3fa76db95ea07a6344fb8360ed65faa97dee961fd8b766403cefe5b,"{""applied"": true, ""intercept"": 0.03645907285233754, ""n_oof"": 1100, ""reason"": ""training-only sigmoid"", ""slope"": 0.903454638503043}",models/nearest_only_50m/spatial_fold_0_M2.joblib,8e4f8e69a1229d8cb43da5383a336606d28e841c1b9b4d1634b5633434d74aff
nearest_only_50m,spatial,fold_1,M0,0,{},0.49237847864184403,4,654,266,481,5cc671ec6dd57e54e630fbf5cc24746673f6addddd356e41a63cfb30655c1d6a,4970113d8f08c26aa047f51f4aca1f31f7765daa3976f6f92927f4054ec5ad39,"{""applied"": true, ""intercept"": -0.004342281005478791, ""n_oof"": 654, ""reason"": ""training-only sigmoid"", ""slope"": 0.9820943007414081}",models/nearest_only_50m/spatial_fold_1_M0.joblib,730f7c40c150bc166fe083f0b5c33bad35129d665e6917e73fca42ed049c3f1e
nearest_only_50m,spatial,fold_1,M1,0,"{""C"": 0.1}",0.5608327789823302,4,654,266,481,5cc671ec6dd57e54e630fbf5cc24746673f6addddd356e41a63cfb30655c1d6a,4970113d8f08c26aa047f51f4aca1f31f7765daa3976f6f92927f4054ec5ad39,"{""applied"": true, ""intercept"": -0.03606515733857245, ""n_oof"": 654, ""reason"": ""training-only sigmoid"", ""slope"": 0.8647609177441673}",models/nearest_only_50m/spatial_fold_1_M1.joblib,b5fc495af1700f2f34f8d00f1c1d5aaa467202c5a1d5b380dc8df18f29c0690e
nearest_only_50m,spatial,fold_1,M2,1,"{""max_depth"": 2, ""reg_lambda"": 1}",0.49464300622600493,4,654,266,481,5cc671ec6dd57e54e630fbf5cc24746673f6addddd356e41a63cfb30655c1d6a,4970113d8f08c26aa047f51f4aca1f31f7765daa3976f6f92927f4054ec5ad39,"{""applied"": true, ""intercept"": -0.13973801069424355, ""n_oof"": 654, ""reason"": ""training-only sigmoid"", ""slope"": 0.6459804113712238}",models/nearest_only_50m/spatial_fold_1_M2.joblib,8862bafa9c3367c523ff5cd753aad101e2ff81ad927f07c1a4a8ef291015cb04
nearest_only_50m,spatial,fold_2,M0,0,{},0.52740122639369,4,923,460,237,e33186184b30c3d883ed761e9c113a7ba846b6bd68f60db2c70b60b7f0857ad9,efe591227166b872ea94a8c660e07c097d02b84086b60bc72a4108c9816dc163,"{""applied"": true, ""intercept"": -0.06998210709233903, ""n_oof"": 923, ""reason"": ""training-only sigmoid"", ""slope"": 0.9122527285751144}",models/nearest_only_50m/spatial_fold_2_M0.joblib,e9185c3f82d21f488ebcfdfb9d5c8bc0771b659c225a21b966b12d9dc0013862
nearest_only_50m,spatial,fold_2,M1,0,"{""C"": 0.1}",0.5911309745354179,4,923,460,237,e33186184b30c3d883ed761e9c113a7ba846b6bd68f60db2c70b60b7f0857ad9,efe591227166b872ea94a8c660e07c097d02b84086b60bc72a4108c9816dc163,"{""applied"": true, ""intercept"": 0.034071820494218925, ""n_oof"": 923, ""reason"": ""training-only sigmoid"", ""slope"": 1.044993169232078}",models/nearest_only_50m/spatial_fold_2_M1.joblib,12aa4bae634438813e61a00c61b561bf11506ce5d5e931e01d65c37d9d7c4964
nearest_only_50m,spatial,fold_2,M2,3,"{""max_depth"": 3, ""reg_lambda"": 1}",0.5535176563435737,4,923,460,237,e33186184b30c3d883ed761e9c113a7ba846b6bd68f60db2c70b60b7f0857ad9,efe591227166b872ea94a8c660e07c097d02b84086b60bc72a4108c9816dc163,"{""applied"": true, ""intercept"": -0.004306806463036078, ""n_oof"": 923, ""reason"": ""training-only sigmoid"", ""slope"": 0.7384198090485599}",models/nearest_only_50m/spatial_fold_2_M2.joblib,3b8d01a8e8f2847842b9874e8e28858ffb3d1170b3c20b0c7a51c8e5def8758d
nearest_only_50m,spatial,fold_3,M0,0,{},0.4934318387039465,4,1009,470,145,b5365b5532658f670134c2f57305964647d13c1445cf1e30aed7fa3d3bdcc2e0,2633b81347d801bceea5e86855860f8b6cf60edced61f327f877562e56330259,"{""applied"": true, ""intercept"": -0.11066479580223018, ""n_oof"": 1009, ""reason"": ""training-only sigmoid"", ""slope"": 0.8443288481383249}",models/nearest_only_50m/spatial_fold_3_M0.joblib,de53d6ac93f93f0f42cd050d12cf1124d9ff415096abe00e85b7f0130acb9744
nearest_only_50m,spatial,fold_3,M1,0,"{""C"": 0.1}",0.5483277433362843,4,1009,470,145,b5365b5532658f670134c2f57305964647d13c1445cf1e30aed7fa3d3bdcc2e0,2633b81347d801bceea5e86855860f8b6cf60edced61f327f877562e56330259,"{""applied"": true, ""intercept"": -0.05422063605285708, ""n_oof"": 1009, ""reason"": ""training-only sigmoid"", ""slope"": 0.8406102915490332}",models/nearest_only_50m/spatial_fold_3_M1.joblib,eef1391104cc8e25e7d4d7e02dad6ccfced4555927fb77d514d6aeb3ca07395b
nearest_only_50m,spatial,fold_3,M2,1,"{""max_depth"": 2, ""reg_lambda"": 1}",0.5146316894523024,4,1009,470,145,b5365b5532658f670134c2f57305964647d13c1445cf1e30aed7fa3d3bdcc2e0,2633b81347d801bceea5e86855860f8b6cf60edced61f327f877562e56330259,"{""applied"": true, ""intercept"": -0.04145072657902922, ""n_oof"": 1009, ""reason"": ""training-only sigmoid"", ""slope"": 0.8277598791924297}",models/nearest_only_50m/spatial_fold_3_M2.joblib,207eefcdd5ef482c357174552fb60927e0cfdec884ae37204830695a5652f194
nearest_only_50m,spatial,fold_4,M0,0,{},0.49928523930674973,4,938,461,242,964fe2083835ff6c342d839dc6251c2d9d402c88c3092d6275df131538f4c0bb,4df90deeb1a597a40e203989aae9cc0bf6fb7a993b92957260993e8d2f86756d,"{""applied"": true, ""intercept"": -0.10951702424815088, ""n_oof"": 938, ""reason"": ""training-only sigmoid"", ""slope"": 0.8354377268125169}",models/nearest_only_50m/spatial_fold_4_M0.joblib,8100d8ce676ab8a8a6d59342dbdd8c92383f13b97b3ef6acc62dbdcd7609b718
nearest_only_50m,spatial,fold_4,M1,0,"{""C"": 0.1}",0.5635251928198242,4,938,461,242,964fe2083835ff6c342d839dc6251c2d9d402c88c3092d6275df131538f4c0bb,4df90deeb1a597a40e203989aae9cc0bf6fb7a993b92957260993e8d2f86756d,"{""applied"": true, ""intercept"": 0.0609275456638999, ""n_oof"": 938, ""reason"": ""training-only sigmoid"", ""slope"": 0.8252553027305286}",models/nearest_only_50m/spatial_fold_4_M1.joblib,ca8086f356e9cae9e0163f174e390675b6fda3e5c887f4799fe7cc9bd1c49758
nearest_only_50m,spatial,fold_4,M2,3,"{""max_depth"": 3, ""reg_lambda"": 1}",0.5222384912211147,4,938,461,242,964fe2083835ff6c342d839dc6251c2d9d402c88c3092d6275df131538f4c0bb,4df90deeb1a597a40e203989aae9cc0bf6fb7a993b92957260993e8d2f86756d,"{""applied"": true, ""intercept"": 0.06619612206547074, ""n_oof"": 938, ""reason"": ""training-only sigmoid"", ""slope"": 0.6713892486775381}",models/nearest_only_50m/spatial_fold_4_M2.joblib,24f6b68b2b79f3e142b8d1a4615c62a2e2deca81b5518e517e5c21c42581dcfd
nearest_only_50m,leave_city_out,new_york_city,M0,0,{},0.3139059391872691,5,75,20,1117,4b07e38aa178d473616746c7fd9e2998b23db8ef8a244d2033c883d56f4e78af,3d382046445cc12882471f30f8c3a876f3c07de969054a7d1322150522e4f525,"{""applied"": true, ""intercept"": -1.0116268550248697, ""n_oof"": 75, ""reason"": ""training-only sigmoid"", ""slope"": 0.0}",models/nearest_only_50m/leave_city_out_new_york_city_M0.joblib,79822db474cf73139d75a02f2d0b97b6d640fcc76443412441796566147d46b4
nearest_only_50m,leave_city_out,new_york_city,M1,2,"{""C"": 10.0}",0.5894797577150518,5,75,20,1117,4b07e38aa178d473616746c7fd9e2998b23db8ef8a244d2033c883d56f4e78af,3d382046445cc12882471f30f8c3a876f3c07de969054a7d1322150522e4f525,"{""applied"": true, ""intercept"": -0.8912712528225273, ""n_oof"": 75, ""reason"": ""training-only sigmoid"", ""slope"": 0.060853657824070435}",models/nearest_only_50m/leave_city_out_new_york_city_M1.joblib,3a553b18615d8dbfdc8b281e2df5a0ed3fa74c51561e1cb4cb6bc289e70b1d23
nearest_only_50m,leave_city_out,new_york_city,M2,1,"{""max_depth"": 2, ""reg_lambda"": 1}",0.44347041847041846,5,75,20,1117,4b07e38aa178d473616746c7fd9e2998b23db8ef8a244d2033c883d56f4e78af,3d382046445cc12882471f30f8c3a876f3c07de969054a7d1322150522e4f525,"{""applied"": true, ""intercept"": -0.43622300014719495, ""n_oof"": 75, ""reason"": ""training-only sigmoid"", ""slope"": 0.5651186371385648}",models/nearest_only_50m/leave_city_out_new_york_city_M2.joblib,c71cb0eee9eb017634242cb10ac10a736b4f8341c905b823235573287c75d758
nearest_only_50m,leave_city_out,buffalo,M0,0,{},0.5285769928372138,5,1146,557,46,9dd1d722e953dca421a30bafacd210c5427ef16a1028f11b2a6137b168f0af9b,0c9f4f681eb47ffab6cdfc7cfdb133dfb148f593a4e7e9816887b012e5d85abe,"{""applied"": true, ""intercept"": -0.07956219666446228, ""n_oof"": 1146, ""reason"": ""training-only sigmoid"", ""slope"": 0.883437013269181}",models/nearest_only_50m/leave_city_out_buffalo_M0.joblib,f3d45d95783370b4eef339e518f789ac8f35155f7c050f1cb9fc110398be9a9c
nearest_only_50m,leave_city_out,buffalo,M1,0,"{""C"": 0.1}",0.5802457221714526,5,1146,557,46,9dd1d722e953dca421a30bafacd210c5427ef16a1028f11b2a6137b168f0af9b,0c9f4f681eb47ffab6cdfc7cfdb133dfb148f593a4e7e9816887b012e5d85abe,"{""applied"": true, ""intercept"": -0.027361430852580783, ""n_oof"": 1146, ""reason"": ""training-only sigmoid"", ""slope"": 0.9467026999610644}",models/nearest_only_50m/leave_city_out_buffalo_M1.joblib,0d7f20538af3d45675be66c3259ccce3fa1258de80953f04ec7715057459dc3f
nearest_only_50m,leave_city_out,buffalo,M2,0,"{""max_depth"": 2, ""reg_lambda"": 10}",0.5527267990781135,5,1146,557,46,9dd1d722e953dca421a30bafacd210c5427ef16a1028f11b2a6137b168f0af9b,0c9f4f681eb47ffab6cdfc7cfdb133dfb148f593a4e7e9816887b012e5d85abe,"{""applied"": true, ""intercept"": 0.019202937011901754, ""n_oof"": 1146, ""reason"": ""training-only sigmoid"", ""slope"": 0.875645325630206}",models/nearest_only_50m/leave_city_out_buffalo_M2.joblib,54da2abfa1b556bd3ee05cd3b17240a1d0cb870b7e51be3d0301f6fbe4071881
nearest_only_50m,leave_city_out,rochester,M0,0,{},0.526009424325802,5,1163,563,29,566b48ff0ff88800a77fd1aa0670f084181be443c320f83f3a0189e2aa67d26d,3cc642977ef384ce664f6eab0c0310481ce32a10a5d0fd33d291f13b1b504b0a,"{""applied"": true, ""intercept"": -0.08467096874069706, ""n_oof"": 1163, ""reason"": ""training-only sigmoid"", ""slope"": 0.8655585318078979}",models/nearest_only_50m/leave_city_out_rochester_M0.joblib,b4fb5671d57e40b19aa3445b0399eb5ebbc3813a5834ee571f8c182a9f0049de
nearest_only_50m,leave_city_out,rochester,M1,0,"{""C"": 0.1}",0.588892483113642,5,1163,563,29,566b48ff0ff88800a77fd1aa0670f084181be443c320f83f3a0189e2aa67d26d,3cc642977ef384ce664f6eab0c0310481ce32a10a5d0fd33d291f13b1b504b0a,"{""applied"": true, ""intercept"": -0.07960868011026441, ""n_oof"": 1163, ""reason"": ""training-only sigmoid"", ""slope"": 0.8712580424860523}",models/nearest_only_50m/leave_city_out_rochester_M1.joblib,103619fc3e3a2a3f73030bfdbe005ccab2de5dcee48c8af33569523a5fff4d9d
nearest_only_50m,leave_city_out,rochester,M2,0,"{""max_depth"": 2, ""reg_lambda"": 10}",0.5432071296936201,5,1163,563,29,566b48ff0ff88800a77fd1aa0670f084181be443c320f83f3a0189e2aa67d26d,3cc642977ef384ce664f6eab0c0310481ce32a10a5d0fd33d291f13b1b504b0a,"{""applied"": true, ""intercept"": -0.0007644711609724968, ""n_oof"": 1163, ""reason"": ""training-only sigmoid"", ""slope"": 0.9547102754808259}",models/nearest_only_50m/leave_city_out_rochester_M2.joblib,602501f95ef58ca0c4168c4ea94fe6b9525d997611eb8d2f8a1e7ef020358679
report_cutoff_background,spatial,fold_0,M0,0,{},0.7086974397892729,4,1100,636,87,9bfb63a9b4e11d73994a2a418af4f3916a2b9145d3378cf0dc797c31216db51b,1b007a7cb3fa76db95ea07a6344fb8360ed65faa97dee961fd8b766403cefe5b,"{""applied"": true, ""intercept"": -0.05132332147613606, ""n_oof"": 1100, ""reason"": ""training-only sigmoid"", ""slope"": 0.7934654551309974}",models/report_cutoff_background/spatial_fold_0_M0.joblib,0a819af841b8ef33582ccf3fb615b289512842967731e6f7e543a7d577dab5a7
report_cutoff_background,spatial,fold_0,M1,0,"{""C"": 0.1}",0.7294292406375141,4,1100,636,87,9bfb63a9b4e11d73994a2a418af4f3916a2b9145d3378cf0dc797c31216db51b,1b007a7cb3fa76db95ea07a6344fb8360ed65faa97dee961fd8b766403cefe5b,"{""applied"": true, ""intercept"": -0.057001548311887563, ""n_oof"": 1100, ""reason"": ""training-only sigmoid"", ""slope"": 0.8470871346982097}",models/report_cutoff_background/spatial_fold_0_M1.joblib,0d73d4c38958b11fe41da7442ac9a0c3e633a20e8b6381dad9c184eb6b360e4f
report_cutoff_background,spatial,fold_0,M2,1,"{""max_depth"": 2, ""reg_lambda"": 1}",0.736942685404375,4,1100,636,87,9bfb63a9b4e11d73994a2a418af4f3916a2b9145d3378cf0dc797c31216db51b,1b007a7cb3fa76db95ea07a6344fb8360ed65faa97dee961fd8b766403cefe5b,"{""applied"": true, ""intercept"": 0.06944786286685162, ""n_oof"": 1100, ""reason"": ""training-only sigmoid"", ""slope"": 0.9006634630427052}",models/report_cutoff_background/spatial_fold_0_M2.joblib,1a63d5593a6ccb479354a6d3e5c323a881f6e40c087aa35e5414a4519c924d5c
report_cutoff_background,spatial,fold_1,M0,0,{},0.5839230925235251,4,654,305,481,5cc671ec6dd57e54e630fbf5cc24746673f6addddd356e41a63cfb30655c1d6a,4970113d8f08c26aa047f51f4aca1f31f7765daa3976f6f92927f4054ec5ad39,"{""applied"": true, ""intercept"": 0.015281681694046548, ""n_oof"": 654, ""reason"": ""training-only sigmoid"", ""slope"": 1.0009278728244209}",models/report_cutoff_background/spatial_fold_1_M0.joblib,e778c00555a1f6bb158a5038d3898655251ae9a6b028ddf9a773212467764590
report_cutoff_background,spatial,fold_1,M1,0,"{""C"": 0.1}",0.6055665543409423,4,654,305,481,5cc671ec6dd57e54e630fbf5cc24746673f6addddd356e41a63cfb30655c1d6a,4970113d8f08c26aa047f51f4aca1f31f7765daa3976f6f92927f4054ec5ad39,"{""applied"": true, ""intercept"": -0.011348423594200007, ""n_oof"": 654, ""reason"": ""training-only sigmoid"", ""slope"": 0.8597019612350977}",models/report_cutoff_background/spatial_fold_1_M1.joblib,024b22793e23dc3dcf88e4a797943eebb33852d4674b37f08f159b11d0a415ab
report_cutoff_background,spatial,fold_1,M2,0,"{""max_depth"": 2, ""reg_lambda"": 10}",0.615172584643989,4,654,305,481,5cc671ec6dd57e54e630fbf5cc24746673f6addddd356e41a63cfb30655c1d6a,4970113d8f08c26aa047f51f4aca1f31f7765daa3976f6f92927f4054ec5ad39,"{""applied"": true, ""intercept"": -0.01642608779150656, ""n_oof"": 654, ""reason"": ""training-only sigmoid"", ""slope"": 0.8393254323677}",models/report_cutoff_background/spatial_fold_1_M2.joblib,e916573a6fda2f4782f31b6698bf8a955bb2c9ad532e2cc70cf70fab26ad118c
report_cutoff_background,spatial,fold_2,M0,0,{},0.6098025532099316,4,923,518,237,e33186184b30c3d883ed761e9c113a7ba846b6bd68f60db2c70b60b7f0857ad9,efe591227166b872ea94a8c660e07c097d02b84086b60bc72a4108c9816dc163,"{""applied"": true, ""intercept"": -0.08445566807214767, ""n_oof"": 923, ""reason"": ""training-only sigmoid"", ""slope"": 0.8070910018565076}",models/report_cutoff_background/spatial_fold_2_M0.joblib,2203ec3a3d3300cab7f774a7ad1178b5869a9d0a3091ab2469ceac7ab37e3b8c
report_cutoff_background,spatial,fold_2,M1,0,"{""C"": 0.1}",0.6393025691100244,4,923,518,237,e33186184b30c3d883ed761e9c113a7ba846b6bd68f60db2c70b60b7f0857ad9,efe591227166b872ea94a8c660e07c097d02b84086b60bc72a4108c9816dc163,"{""applied"": true, ""intercept"": -0.14546471943075512, ""n_oof"": 923, ""reason"": ""training-only sigmoid"", ""slope"": 0.89709039926111}",models/report_cutoff_background/spatial_fold_2_M1.joblib,cde92b66e6b0f3264b83b67abaef9eab98a1936ea162a464384ba3d2e077dfda
report_cutoff_background,spatial,fold_2,M2,1,"{""max_depth"": 2, ""reg_lambda"": 1}",0.6402238100382682,4,923,518,237,e33186184b30c3d883ed761e9c113a7ba846b6bd68f60db2c70b60b7f0857ad9,efe591227166b872ea94a8c660e07c097d02b84086b60bc72a4108c9816dc163,"{""applied"": true, ""intercept"": -0.060975519727042744, ""n_oof"": 923, ""reason"": ""training-only sigmoid"", ""slope"": 0.7727510097924957}",models/report_cutoff_background/spatial_fold_2_M2.joblib,628965cabda21e1ffe63584e57129abe1a7f9b6daecb7b60ffc6c78f853a708c
report_cutoff_background,spatial,fold_3,M0,0,{},0.5606189607833637,4,1009,533,145,b5365b5532658f670134c2f57305964647d13c1445cf1e30aed7fa3d3bdcc2e0,2633b81347d801bceea5e86855860f8b6cf60edced61f327f877562e56330259,"{""applied"": true, ""intercept"": -0.1022150161111962, ""n_oof"": 1009, ""reason"": ""training-only sigmoid"", ""slope"": 0.7745068265607195}",models/report_cutoff_background/spatial_fold_3_M0.joblib,a636e1907b81b713850fa93a35cbc086149e3ae1f5175984a8365f57cf1b1c7c
report_cutoff_background,spatial,fold_3,M1,0,"{""C"": 0.1}",0.5936923767787685,4,1009,533,145,b5365b5532658f670134c2f57305964647d13c1445cf1e30aed7fa3d3bdcc2e0,2633b81347d801bceea5e86855860f8b6cf60edced61f327f877562e56330259,"{""applied"": true, ""intercept"": -0.08213261417506475, ""n_oof"": 1009, ""reason"": ""training-only sigmoid"", ""slope"": 0.7633480634089053}",models/report_cutoff_background/spatial_fold_3_M1.joblib,dd947d258c84bef4f0714b8e40c3b5c2cdfdf9e30d99273658427bca7aae3484
report_cutoff_background,spatial,fold_3,M2,0,"{""max_depth"": 2, ""reg_lambda"": 10}",0.5794651732570255,4,1009,533,145,b5365b5532658f670134c2f57305964647d13c1445cf1e30aed7fa3d3bdcc2e0,2633b81347d801bceea5e86855860f8b6cf60edced61f327f877562e56330259,"{""applied"": true, ""intercept"": -0.07215036937813683, ""n_oof"": 1009, ""reason"": ""training-only sigmoid"", ""slope"": 0.849882409187395}",models/report_cutoff_background/spatial_fold_3_M2.joblib,b02e235aa68bdad8071cfa6eea4d3c49a966fb1cf4889138ba71ba8a2c13ee3b
report_cutoff_background,spatial,fold_4,M0,0,{},0.5775019461410852,4,938,525,242,964fe2083835ff6c342d839dc6251c2d9d402c88c3092d6275df131538f4c0bb,4df90deeb1a597a40e203989aae9cc0bf6fb7a993b92957260993e8d2f86756d,"{""applied"": true, ""intercept"": -0.07526852945090211, ""n_oof"": 938, ""reason"": ""training-only sigmoid"", ""slope"": 0.7827943470347023}",models/report_cutoff_background/spatial_fold_4_M0.joblib,3385f8fa9a7c0abcdc8a4edd5a08e172fa7e24693ead64ee9569670350310f9a
report_cutoff_background,spatial,fold_4,M1,0,"{""C"": 0.1}",0.6011771442891716,4,938,525,242,964fe2083835ff6c342d839dc6251c2d9d402c88c3092d6275df131538f4c0bb,4df90deeb1a597a40e203989aae9cc0bf6fb7a993b92957260993e8d2f86756d,"{""applied"": true, ""intercept"": 0.03495789641853274, ""n_oof"": 938, ""reason"": ""training-only sigmoid"", ""slope"": 0.8036427739549115}",models/report_cutoff_background/spatial_fold_4_M1.joblib,5293126a78af3c32b35360135a0875b4a3f51ed59585fd049bbc2e94b78c4b94
report_cutoff_background,spatial,fold_4,M2,2,"{""max_depth"": 3, ""reg_lambda"": 10}",0.6018106468096137,4,938,525,242,964fe2083835ff6c342d839dc6251c2d9d402c88c3092d6275df131538f4c0bb,4df90deeb1a597a40e203989aae9cc0bf6fb7a993b92957260993e8d2f86756d,"{""applied"": true, ""intercept"": 0.20863613934357056, ""n_oof"": 938, ""reason"": ""training-only sigmoid"", ""slope"": 0.71915307121633}",models/report_cutoff_background/spatial_fold_4_M2.joblib,7cc4045aa2c99fe556fb832972bd5e295e6fc6a48b9def040c0a54eea47dd009
report_cutoff_background,leave_city_out,new_york_city,M0,0,{},0.29493276894555664,5,75,21,1117,4b07e38aa178d473616746c7fd9e2998b23db8ef8a244d2033c883d56f4e78af,3d382046445cc12882471f30f8c3a876f3c07de969054a7d1322150522e4f525,"{""applied"": true, ""intercept"": -0.9444446905106312, ""n_oof"": 75, ""reason"": ""training-only sigmoid"", ""slope"": 0.0}",models/report_cutoff_background/leave_city_out_new_york_city_M0.joblib,4e6396bd6ec6c4380478cf96cf9279d1f8f483ebfbec925c6cff5145f2a8e2e7
report_cutoff_background,leave_city_out,new_york_city,M1,2,"{""C"": 10.0}",0.5982702265055205,5,75,21,1117,4b07e38aa178d473616746c7fd9e2998b23db8ef8a244d2033c883d56f4e78af,3d382046445cc12882471f30f8c3a876f3c07de969054a7d1322150522e4f525,"{""applied"": true, ""intercept"": -0.8519575155426905, ""n_oof"": 75, ""reason"": ""training-only sigmoid"", ""slope"": 0.048803165486952536}",models/report_cutoff_background/leave_city_out_new_york_city_M1.joblib,fa02879e3efafa1dc5587f3e0c55824e4de0f3af44d5e229c0b2bec9da4d1386
report_cutoff_background,leave_city_out,new_york_city,M2,1,"{""max_depth"": 2, ""reg_lambda"": 1}",0.4466137566137566,5,75,21,1117,4b07e38aa178d473616746c7fd9e2998b23db8ef8a244d2033c883d56f4e78af,3d382046445cc12882471f30f8c3a876f3c07de969054a7d1322150522e4f525,"{""applied"": true, ""intercept"": -0.46481434390137155, ""n_oof"": 75, ""reason"": ""training-only sigmoid"", ""slope"": 0.4884208533919387}",models/report_cutoff_background/leave_city_out_new_york_city_M2.joblib,61d7cd52479db72729f528b68ca9e540ec4b97aa42e36ab1393ecc5b1cd5a65f
report_cutoff_background,leave_city_out,buffalo,M0,0,{},0.6103598906758647,5,1146,636,46,9dd1d722e953dca421a30bafacd210c5427ef16a1028f11b2a6137b168f0af9b,0c9f4f681eb47ffab6cdfc7cfdb133dfb148f593a4e7e9816887b012e5d85abe,"{""applied"": true, ""intercept"": -0.06579952702691734, ""n_oof"": 1146, ""reason"": ""training-only sigmoid"", ""slope"": 0.8166845191231108}",models/report_cutoff_background/leave_city_out_buffalo_M0.joblib,9a9c924c3482d12a15da018354f4fcaf7864360ae8e03c08a9150cc1fe1bb2d8
report_cutoff_background,leave_city_out,buffalo,M1,0,"{""C"": 0.1}",0.6507193972232,5,1146,636,46,9dd1d722e953dca421a30bafacd210c5427ef16a1028f11b2a6137b168f0af9b,0c9f4f681eb47ffab6cdfc7cfdb133dfb148f593a4e7e9816887b012e5d85abe,"{""applied"": true, ""intercept"": -0.09709830226511786, ""n_oof"": 1146, ""reason"": ""training-only sigmoid"", ""slope"": 0.8539714508509288}",models/report_cutoff_background/leave_city_out_buffalo_M1.joblib,9b7421dfee5602edf19fc6fb490d25fb77d796d6906e10264ac9dd13735d3a17
report_cutoff_background,leave_city_out,buffalo,M2,1,"{""max_depth"": 2, ""reg_lambda"": 1}",0.6490040458793045,5,1146,636,46,9dd1d722e953dca421a30bafacd210c5427ef16a1028f11b2a6137b168f0af9b,0c9f4f681eb47ffab6cdfc7cfdb133dfb148f593a4e7e9816887b012e5d85abe,"{""applied"": true, ""intercept"": 0.02236144008694249, ""n_oof"": 1146, ""reason"": ""training-only sigmoid"", ""slope"": 0.8523334660323523}",models/report_cutoff_background/leave_city_out_buffalo_M2.joblib,ffba8d01e3022a6b7f3f69acb687868f3982c537ff272347afacfacf2f27be97
report_cutoff_background,leave_city_out,rochester,M0,0,{},0.6109433497604672,5,1163,643,29,566b48ff0ff88800a77fd1aa0670f084181be443c320f83f3a0189e2aa67d26d,3cc642977ef384ce664f6eab0c0310481ce32a10a5d0fd33d291f13b1b504b0a,"{""applied"": true, ""intercept"": -0.06800009560940089, ""n_oof"": 1163, ""reason"": ""training-only sigmoid"", ""slope"": 0.7975679104405285}",models/report_cutoff_background/leave_city_out_rochester_M0.joblib,91b6392df89cdad6a6fdbc66db113a599ff41f8146bca5f66146499f9f41cf06
report_cutoff_background,leave_city_out,rochester,M1,0,"{""C"": 0.1}",0.6347104237587988,5,1163,643,29,566b48ff0ff88800a77fd1aa0670f084181be443c320f83f3a0189e2aa67d26d,3cc642977ef384ce664f6eab0c0310481ce32a10a5d0fd33d291f13b1b504b0a,"{""applied"": true, ""intercept"": -0.09723683994411139, ""n_oof"": 1163, ""reason"": ""training-only sigmoid"", ""slope"": 0.7589801196599771}",models/report_cutoff_background/leave_city_out_rochester_M1.joblib,255a42f9adc322a869bf3af8a0c504ca1de1afadccc78c8b323a2727d83f2eb7
report_cutoff_background,leave_city_out,rochester,M2,1,"{""max_depth"": 2, ""reg_lambda"": 1}",0.6432097188726535,5,1163,643,29,566b48ff0ff88800a77fd1aa0670f084181be443c320f83f3a0189e2aa67d26d,3cc642977ef384ce664f6eab0c0310481ce32a10a5d0fd33d291f13b1b504b0a,"{""applied"": true, ""intercept"": -0.028981033403374407, ""n_oof"": 1163, ""reason"": ""training-only sigmoid"", ""slope"": 0.8762707982774919}",models/report_cutoff_background/leave_city_out_rochester_M2.joblib,74f4371091a6c1dfc1bf1145b78057f16ccd986bc3c08d8cc0a88b2dc4e31350
exclude_buffalo,spatial,fold_0,M0,0,{},0.7109536574282989,4,1074,628,72,671046a14446ff4015986ff5262aa3698381a3c2d59f4c64dab780141e9c6a8e,6ec3b019816e1672014f2b6c44139d77a453e8a723aa94c99ff1a339dc270ab2,"{""applied"": true, ""intercept"": -0.04837413606340346, ""n_oof"": 1074, ""reason"": ""training-only sigmoid"", ""slope"": 0.7909748365703319}",models/exclude_buffalo/spatial_fold_0_M0.joblib,f22c9b9c6da6c86b8da033da567720ceb7eda56cc415fca14bc70aade6bf25e7
exclude_buffalo,spatial,fold_0,M1,0,"{""C"": 0.1}",0.7258877682328181,4,1074,628,72,671046a14446ff4015986ff5262aa3698381a3c2d59f4c64dab780141e9c6a8e,6ec3b019816e1672014f2b6c44139d77a453e8a723aa94c99ff1a339dc270ab2,"{""applied"": true, ""intercept"": -0.09904656760576232, ""n_oof"": 1074, ""reason"": ""training-only sigmoid"", ""slope"": 0.836484455959264}",models/exclude_buffalo/spatial_fold_0_M1.joblib,2aae23a14238d4a36324aa945b04ae4d42f329e815d0c683e79742c2ddeeb106
exclude_buffalo,spatial,fold_0,M2,0,"{""max_depth"": 2, ""reg_lambda"": 10}",0.728123930981982,4,1074,628,72,671046a14446ff4015986ff5262aa3698381a3c2d59f4c64dab780141e9c6a8e,6ec3b019816e1672014f2b6c44139d77a453e8a723aa94c99ff1a339dc270ab2,"{""applied"": true, ""intercept"": 0.0225869419985308, ""n_oof"": 1074, ""reason"": ""training-only sigmoid"", ""slope"": 0.9317342025590523}",models/exclude_buffalo/spatial_fold_0_M2.joblib,e11482fbf003ed030ee195ffca68af0fa99e93081bfebb999ae34761516b3485
exclude_buffalo,spatial,fold_1,M0,0,{},0.589939780376489,4,630,300,462,206676a1f8fb0de7fd3881e543459e91841dc6823d88e14b853d0b3a35bb15f6,50e9c4f001ca1bfc479c6d714b059b22a4ee665e3f4652a57b7aab6f63934769,"{""applied"": true, ""intercept"": 0.009196520096157314, ""n_oof"": 630, ""reason"": ""training-only sigmoid"", ""slope"": 1.001555965250978}",models/exclude_buffalo/spatial_fold_1_M0.joblib,886c64c491fd26f593e9096a78ec802a50e44f2165fd4c97c404fef91f0636a8
exclude_buffalo,spatial,fold_1,M1,0,"{""C"": 0.1}",0.6154432509264041,4,630,300,462,206676a1f8fb0de7fd3881e543459e91841dc6823d88e14b853d0b3a35bb15f6,50e9c4f001ca1bfc479c6d714b059b22a4ee665e3f4652a57b7aab6f63934769,"{""applied"": true, ""intercept"": -0.03644576562704279, ""n_oof"": 630, ""reason"": ""training-only sigmoid"", ""slope"": 0.8169233464137895}",models/exclude_buffalo/spatial_fold_1_M1.joblib,91005cb320e951b37afaf64a81db9a3041d760cb448cc6f1ebd42eee32c7fdea
exclude_buffalo,spatial,fold_1,M2,2,"{""max_depth"": 3, ""reg_lambda"": 10}",0.6079141777064454,4,630,300,462,206676a1f8fb0de7fd3881e543459e91841dc6823d88e14b853d0b3a35bb15f6,50e9c4f001ca1bfc479c6d714b059b22a4ee665e3f4652a57b7aab6f63934769,"{""applied"": true, ""intercept"": -0.0341605582576477, ""n_oof"": 630, ""reason"": ""training-only sigmoid"", ""slope"": 0.6902515963678829}",models/exclude_buffalo/spatial_fold_1_M2.joblib,ede6a73587d66a512c248900cc9db2f1f7896fd7738886271df754aa3e37586b
exclude_buffalo,spatial,fold_2,M0,0,{},0.6169149249328942,4,880,505,234,e050a2baada4ff941346efe32b5b49b3c5f0a2e3c20956c8af14a6455f9e976c,409c79794d38a24274df78762d0b1ba3b4cd6c0a5fbd0988a82afc694ef7732d,"{""applied"": true, ""intercept"": -0.07919365957739742, ""n_oof"": 880, ""reason"": ""training-only sigmoid"", ""slope"": 0.7960450436580123}",models/exclude_buffalo/spatial_fold_2_M0.joblib,18c8843b90bc07cc7d2b1696d5108298cc5670c574b2fd79231f540a4dc1001f
exclude_buffalo,spatial,fold_2,M1,0,"{""C"": 0.1}",0.6538852417384793,4,880,505,234,e050a2baada4ff941346efe32b5b49b3c5f0a2e3c20956c8af14a6455f9e976c,409c79794d38a24274df78762d0b1ba3b4cd6c0a5fbd0988a82afc694ef7732d,"{""applied"": true, ""intercept"": -0.14943279934786777, ""n_oof"": 880, ""reason"": ""training-only sigmoid"", ""slope"": 0.8736602291315057}",models/exclude_buffalo/spatial_fold_2_M1.joblib,ee78c9cbd66aee6756a49f90165c7fcb09fb52f347abd56ba0c8c89a13a96585
exclude_buffalo,spatial,fold_2,M2,3,"{""max_depth"": 3, ""reg_lambda"": 1}",0.6543990682060791,4,880,505,234,e050a2baada4ff941346efe32b5b49b3c5f0a2e3c20956c8af14a6455f9e976c,409c79794d38a24274df78762d0b1ba3b4cd6c0a5fbd0988a82afc694ef7732d,"{""applied"": true, ""intercept"": -0.023112578303596035, ""n_oof"": 880, ""reason"": ""training-only sigmoid"", ""slope"": 0.6969648671590305}",models/exclude_buffalo/spatial_fold_2_M2.joblib,4a9531d1d3bb92da970afc37287a43c9205a474fcda417d60bc2dfcbf7e10f9a
exclude_buffalo,spatial,fold_3,M0,0,{},0.5661051698020741,4,969,520,141,318dab8b80992d06d6ec7c7cc693bdad454aac3c5afdd86c1594a0cac149678b,0286f39a5636f04b9afb4b6bdfab7020561b6273fbd078045b744f20fcc2c79b,"{""applied"": true, ""intercept"": -0.09862456976852627, ""n_oof"": 969, ""reason"": ""training-only sigmoid"", ""slope"": 0.7667112592226808}",models/exclude_buffalo/spatial_fold_3_M0.joblib,328b0812de162b6340d84beb5da3bced0e9de36f7281610d316ea69acf9787e4
exclude_buffalo,spatial,fold_3,M1,0,"{""C"": 0.1}",0.6015840846288887,4,969,520,141,318dab8b80992d06d6ec7c7cc693bdad454aac3c5afdd86c1594a0cac149678b,0286f39a5636f04b9afb4b6bdfab7020561b6273fbd078045b744f20fcc2c79b,"{""applied"": true, ""intercept"": -0.13416034325057097, ""n_oof"": 969, ""reason"": ""training-only sigmoid"", ""slope"": 0.717940816151474}",models/exclude_buffalo/spatial_fold_3_M1.joblib,fd4b023735af041d9ef59b7c81a143f6c2fabb8282f43dbbb293e27b2913b6f4
exclude_buffalo,spatial,fold_3,M2,1,"{""max_depth"": 2, ""reg_lambda"": 1}",0.5910232980072307,4,969,520,141,318dab8b80992d06d6ec7c7cc693bdad454aac3c5afdd86c1594a0cac149678b,0286f39a5636f04b9afb4b6bdfab7020561b6273fbd078045b744f20fcc2c79b,"{""applied"": true, ""intercept"": 0.004244211562910307, ""n_oof"": 969, ""reason"": ""training-only sigmoid"", ""slope"": 0.7869860919219798}",models/exclude_buffalo/spatial_fold_3_M2.joblib,d5db7a0b090c09c97624addbb89d1cb6e09a706ba954e3f776409e7457563479
exclude_buffalo,spatial,fold_4,M0,0,{},0.5841599360483059,4,897,512,237,66317126577059cbd46aff8dbbe681694833a83155a328775c4fbe8631d69d2a,bc524ad27226077fc692991851c29694964ebc67e0b748288337c5284d584be1,"{""applied"": true, ""intercept"": -0.07041145379833998, ""n_oof"": 897, ""reason"": ""training-only sigmoid"", ""slope"": 0.7733937439356172}",models/exclude_buffalo/spatial_fold_4_M0.joblib,867bbeba46e9eeea2486d943eef04e0e7f6035e99bf7a2978a4f8ab684851aa3
exclude_buffalo,spatial,fold_4,M1,0,"{""C"": 0.1}",0.6168455108090398,4,897,512,237,66317126577059cbd46aff8dbbe681694833a83155a328775c4fbe8631d69d2a,bc524ad27226077fc692991851c29694964ebc67e0b748288337c5284d584be1,"{""applied"": true, ""intercept"": 0.011430348112884611, ""n_oof"": 897, ""reason"": ""training-only sigmoid"", ""slope"": 0.7926492436686536}",models/exclude_buffalo/spatial_fold_4_M1.joblib,91fec895ab8a3460254ab59f40624710b21caa8a24726b58ec06d5dd141eddfe
exclude_buffalo,spatial,fold_4,M2,1,"{""max_depth"": 2, ""reg_lambda"": 1}",0.6048468609741644,4,897,512,237,66317126577059cbd46aff8dbbe681694833a83155a328775c4fbe8631d69d2a,bc524ad27226077fc692991851c29694964ebc67e0b748288337c5284d584be1,"{""applied"": true, ""intercept"": 0.24436121285179715, ""n_oof"": 897, ""reason"": ""training-only sigmoid"", ""slope"": 0.7586827409517202}",models/exclude_buffalo/spatial_fold_4_M2.joblib,0d710f7075f8e3b6c0cb22e536f042a6dc21245b5b058dc5269b94857b0f2c37
exclude_buffalo,leave_city_out,new_york_city,M0,0,{},0.4836309523809524,4,29,7,1117,3cc642977ef384ce664f6eab0c0310481ce32a10a5d0fd33d291f13b1b504b0a,3d382046445cc12882471f30f8c3a876f3c07de969054a7d1322150522e4f525,"{""applied"": true, ""intercept"": -0.20581140692190983, ""n_oof"": 27, ""reason"": ""training-only sigmoid"", ""slope"": 0.6469254615545451}",models/exclude_buffalo/leave_city_out_new_york_city_M0.joblib,01628d9357a0bec436ad5efe03bad86508561161f5c47e81030389cf59a2de28
exclude_buffalo,leave_city_out,new_york_city,M1,0,"{""C"": 0.1}",1.0,4,29,7,1117,3cc642977ef384ce664f6eab0c0310481ce32a10a5d0fd33d291f13b1b504b0a,3d382046445cc12882471f30f8c3a876f3c07de969054a7d1322150522e4f525,"{""applied"": true, ""intercept"": 2.8289211989453564, ""n_oof"": 27, ""reason"": ""training-only sigmoid"", ""slope"": 4.231715869707597}",models/exclude_buffalo/leave_city_out_new_york_city_M1.joblib,13a270d3bcd11e26e1c6da52915de9b4c4fae054d1dd1e38921ba9efee8b57c8
exclude_buffalo,leave_city_out,new_york_city,M2,0,"{""max_depth"": 2, ""reg_lambda"": 10}",0.29545454545454547,4,29,7,1117,3cc642977ef384ce664f6eab0c0310481ce32a10a5d0fd33d291f13b1b504b0a,3d382046445cc12882471f30f8c3a876f3c07de969054a7d1322150522e4f525,"{""applied"": true, ""intercept"": -1.0498247620535832, ""n_oof"": 27, ""reason"": ""training-only sigmoid"", ""slope"": 0.0}",models/exclude_buffalo/leave_city_out_new_york_city_M2.joblib,5d1cc1eb72b9fb1508bcbbc2d167ff557a7328aa6c0c09a6c4ba0660a881c7f9
exclude_buffalo,leave_city_out,rochester,M0,0,{},0.6176660346071292,5,1117,629,29,3d382046445cc12882471f30f8c3a876f3c07de969054a7d1322150522e4f525,3cc642977ef384ce664f6eab0c0310481ce32a10a5d0fd33d291f13b1b504b0a,"{""applied"": true, ""intercept"": -0.0623354069485121, ""n_oof"": 1117, ""reason"": ""training-only sigmoid"", ""slope"": 0.7906874675673479}",models/exclude_buffalo/leave_city_out_rochester_M0.joblib,ef0747550a99a245736883bb02d075ad16343d952d7ebb2d252cb4eeb232a8bf
exclude_buffalo,leave_city_out,rochester,M1,0,"{""C"": 0.1}",0.6476765220324138,5,1117,629,29,3d382046445cc12882471f30f8c3a876f3c07de969054a7d1322150522e4f525,3cc642977ef384ce664f6eab0c0310481ce32a10a5d0fd33d291f13b1b504b0a,"{""applied"": true, ""intercept"": -0.09578707822937955, ""n_oof"": 1117, ""reason"": ""training-only sigmoid"", ""slope"": 0.6961375656443887}",models/exclude_buffalo/leave_city_out_rochester_M1.joblib,11bcf1d2a18028bc7fb3f5f1cabcb07d5fa6dd5a1c4f61507dd660ea1e72baef
exclude_buffalo,leave_city_out,rochester,M2,1,"{""max_depth"": 2, ""reg_lambda"": 1}",0.63921756996267,5,1117,629,29,3d382046445cc12882471f30f8c3a876f3c07de969054a7d1322150522e4f525,3cc642977ef384ce664f6eab0c0310481ce32a10a5d0fd33d291f13b1b504b0a,"{""applied"": true, ""intercept"": 0.046955480088290105, ""n_oof"": 1117, ""reason"": ""training-only sigmoid"", ""slope"": 0.848399964798015}",models/exclude_buffalo/leave_city_out_rochester_M2.joblib,963d338e03baae4779d9b221d158d780a3aff730c77d9445391cddbf7042059e
