variant,scheme,fold,inner_fold,n_train,n_test,n_purged,minimum_train_test_distance_m
primary_50m,spatial,fold_0,OUTER,1100,87,5,2004.7747038113787
primary_50m,spatial,fold_0,1,569,477,54,1522.93372499803
primary_50m,spatial,fold_0,2,831,237,32,1548.7968297054124
primary_50m,spatial,fold_0,3,920,144,36,1572.6891283709301
primary_50m,spatial,fold_0,4,846,242,12,1581.3545059175506
primary_50m,spatial,fold_1,OUTER,654,481,57,1522.93372499803
primary_50m,spatial,fold_1,0,569,84,1,2361.0444356397243
primary_50m,spatial,fold_1,2,431,221,2,1736.978370926195
primary_50m,spatial,fold_1,3,520,132,2,1567.369403727941
primary_50m,spatial,fold_1,4,435,217,2,1581.3545059175506
primary_50m,spatial,fold_2,OUTER,923,237,32,1548.7968297054124
primary_50m,spatial,fold_2,0,831,87,5,2004.7747038113787
primary_50m,spatial,fold_2,1,431,451,41,1522.93372499803
primary_50m,spatial,fold_2,3,740,145,38,1567.369403727941
primary_50m,spatial,fold_2,4,673,240,10,1607.5759206607404
primary_50m,spatial,fold_3,OUTER,1009,145,38,1567.369403727941
primary_50m,spatial,fold_3,0,920,85,4,2004.7747038113787
primary_50m,spatial,fold_3,1,520,445,44,1522.93372499803
primary_50m,spatial,fold_3,2,740,237,32,1548.7968297054124
primary_50m,spatial,fold_3,4,755,242,12,1606.245397303879
primary_50m,spatial,fold_4,OUTER,938,242,12,1581.3545059175506
primary_50m,spatial,fold_4,0,846,87,5,2004.7747038113787
primary_50m,spatial,fold_4,1,435,471,32,1573.3492190951229
primary_50m,spatial,fold_4,2,673,235,30,1548.7968297054124
primary_50m,spatial,fold_4,3,755,145,38,1567.369403727941
primary_50m,leave_city_out,new_york_city,OUTER,75,1117,0,391267.0388048135
primary_50m,leave_city_out,new_york_city,0,53,17,5,2004.7747038113787
primary_50m,leave_city_out,new_york_city,1,45,27,3,1611.0486540219179
primary_50m,leave_city_out,new_york_city,2,60,14,1,1611.0486540219179
primary_50m,leave_city_out,new_york_city,3,65,8,2,1567.369403727941
primary_50m,leave_city_out,new_york_city,4,65,9,1,1581.3545059175506
primary_50m,leave_city_out,buffalo,OUTER,1146,46,0,96715.24060815758
primary_50m,leave_city_out,buffalo,0,1074,72,0,2361.0444356397243
primary_50m,leave_city_out,buffalo,1,630,462,54,1522.93372499803
primary_50m,leave_city_out,buffalo,2,880,234,32,1548.7968297054124
primary_50m,leave_city_out,buffalo,3,969,141,36,1572.6891283709301
primary_50m,leave_city_out,buffalo,4,897,237,12,1581.3545059175506
primary_50m,leave_city_out,rochester,OUTER,1163,29,0,96715.24060815758
primary_50m,leave_city_out,rochester,0,1073,85,5,2004.7747038113787
primary_50m,leave_city_out,rochester,1,633,473,57,1522.93372499803
primary_50m,leave_city_out,rochester,2,906,226,31,1548.7968297054124
primary_50m,leave_city_out,rochester,3,984,141,38,1567.369403727941
primary_50m,leave_city_out,rochester,4,914,238,11,1607.5759206607404
radius_25m,spatial,fold_0,OUTER,1100,87,5,2004.7747038113787
radius_25m,spatial,fold_0,1,569,477,54,1522.93372499803
radius_25m,spatial,fold_0,2,831,237,32,1548.7968297054124
radius_25m,spatial,fold_0,3,920,144,36,1572.6891283709301
radius_25m,spatial,fold_0,4,846,242,12,1581.3545059175506
radius_25m,spatial,fold_1,OUTER,654,481,57,1522.93372499803
radius_25m,spatial,fold_1,0,569,84,1,2361.0444356397243
radius_25m,spatial,fold_1,2,431,221,2,1736.978370926195
radius_25m,spatial,fold_1,3,520,132,2,1567.369403727941
radius_25m,spatial,fold_1,4,435,217,2,1581.3545059175506
radius_25m,spatial,fold_2,OUTER,923,237,32,1548.7968297054124
radius_25m,spatial,fold_2,0,831,87,5,2004.7747038113787
radius_25m,spatial,fold_2,1,431,451,41,1522.93372499803
radius_25m,spatial,fold_2,3,740,145,38,1567.369403727941
radius_25m,spatial,fold_2,4,673,240,10,1607.5759206607404
radius_25m,spatial,fold_3,OUTER,1009,145,38,1567.369403727941
radius_25m,spatial,fold_3,0,920,85,4,2004.7747038113787
radius_25m,spatial,fold_3,1,520,445,44,1522.93372499803
radius_25m,spatial,fold_3,2,740,237,32,1548.7968297054124
radius_25m,spatial,fold_3,4,755,242,12,1606.245397303879
radius_25m,spatial,fold_4,OUTER,938,242,12,1581.3545059175506
radius_25m,spatial,fold_4,0,846,87,5,2004.7747038113787
radius_25m,spatial,fold_4,1,435,471,32,1573.3492190951229
radius_25m,spatial,fold_4,2,673,235,30,1548.7968297054124
radius_25m,spatial,fold_4,3,755,145,38,1567.369403727941
radius_25m,leave_city_out,new_york_city,OUTER,75,1117,0,391267.0388048135
radius_25m,leave_city_out,new_york_city,0,53,17,5,2004.7747038113787
radius_25m,leave_city_out,new_york_city,1,45,27,3,1611.0486540219179
radius_25m,leave_city_out,new_york_city,2,60,14,1,1611.0486540219179
radius_25m,leave_city_out,new_york_city,3,65,8,2,1567.369403727941
radius_25m,leave_city_out,new_york_city,4,65,9,1,1581.3545059175506
radius_25m,leave_city_out,buffalo,OUTER,1146,46,0,96715.24060815758
radius_25m,leave_city_out,buffalo,0,1074,72,0,2361.0444356397243
radius_25m,leave_city_out,buffalo,1,630,462,54,1522.93372499803
radius_25m,leave_city_out,buffalo,2,880,234,32,1548.7968297054124
radius_25m,leave_city_out,buffalo,3,969,141,36,1572.6891283709301
radius_25m,leave_city_out,buffalo,4,897,237,12,1581.3545059175506
radius_25m,leave_city_out,rochester,OUTER,1163,29,0,96715.24060815758
radius_25m,leave_city_out,rochester,0,1073,85,5,2004.7747038113787
radius_25m,leave_city_out,rochester,1,633,473,57,1522.93372499803
radius_25m,leave_city_out,rochester,2,906,226,31,1548.7968297054124
radius_25m,leave_city_out,rochester,3,984,141,38,1567.369403727941
radius_25m,leave_city_out,rochester,4,914,238,11,1607.5759206607404
radius_100m,spatial,fold_0,OUTER,1100,87,5,2004.7747038113787
radius_100m,spatial,fold_0,1,569,477,54,1522.93372499803
radius_100m,spatial,fold_0,2,831,237,32,1548.7968297054124
radius_100m,spatial,fold_0,3,920,144,36,1572.6891283709301
radius_100m,spatial,fold_0,4,846,242,12,1581.3545059175506
radius_100m,spatial,fold_1,OUTER,654,481,57,1522.93372499803
radius_100m,spatial,fold_1,0,569,84,1,2361.0444356397243
radius_100m,spatial,fold_1,2,431,221,2,1736.978370926195
radius_100m,spatial,fold_1,3,520,132,2,1567.369403727941
radius_100m,spatial,fold_1,4,435,217,2,1581.3545059175506
radius_100m,spatial,fold_2,OUTER,923,237,32,1548.7968297054124
radius_100m,spatial,fold_2,0,831,87,5,2004.7747038113787
radius_100m,spatial,fold_2,1,431,451,41,1522.93372499803
radius_100m,spatial,fold_2,3,740,145,38,1567.369403727941
radius_100m,spatial,fold_2,4,673,240,10,1607.5759206607404
radius_100m,spatial,fold_3,OUTER,1009,145,38,1567.369403727941
radius_100m,spatial,fold_3,0,920,85,4,2004.7747038113787
radius_100m,spatial,fold_3,1,520,445,44,1522.93372499803
radius_100m,spatial,fold_3,2,740,237,32,1548.7968297054124
radius_100m,spatial,fold_3,4,755,242,12,1606.245397303879
radius_100m,spatial,fold_4,OUTER,938,242,12,1581.3545059175506
radius_100m,spatial,fold_4,0,846,87,5,2004.7747038113787
radius_100m,spatial,fold_4,1,435,471,32,1573.3492190951229
radius_100m,spatial,fold_4,2,673,235,30,1548.7968297054124
radius_100m,spatial,fold_4,3,755,145,38,1567.369403727941
radius_100m,leave_city_out,new_york_city,OUTER,75,1117,0,391267.0388048135
radius_100m,leave_city_out,new_york_city,0,53,17,5,2004.7747038113787
radius_100m,leave_city_out,new_york_city,1,45,27,3,1611.0486540219179
radius_100m,leave_city_out,new_york_city,2,60,14,1,1611.0486540219179
radius_100m,leave_city_out,new_york_city,3,65,8,2,1567.369403727941
radius_100m,leave_city_out,new_york_city,4,65,9,1,1581.3545059175506
radius_100m,leave_city_out,buffalo,OUTER,1146,46,0,96715.24060815758
radius_100m,leave_city_out,buffalo,0,1074,72,0,2361.0444356397243
radius_100m,leave_city_out,buffalo,1,630,462,54,1522.93372499803
radius_100m,leave_city_out,buffalo,2,880,234,32,1548.7968297054124
radius_100m,leave_city_out,buffalo,3,969,141,36,1572.6891283709301
radius_100m,leave_city_out,buffalo,4,897,237,12,1581.3545059175506
radius_100m,leave_city_out,rochester,OUTER,1163,29,0,96715.24060815758
radius_100m,leave_city_out,rochester,0,1073,85,5,2004.7747038113787
radius_100m,leave_city_out,rochester,1,633,473,57,1522.93372499803
radius_100m,leave_city_out,rochester,2,906,226,31,1548.7968297054124
radius_100m,leave_city_out,rochester,3,984,141,38,1567.369403727941
radius_100m,leave_city_out,rochester,4,914,238,11,1607.5759206607404
nearest_only_50m,spatial,fold_0,OUTER,1100,87,5,2004.7747038113787
nearest_only_50m,spatial,fold_0,1,569,477,54,1522.93372499803
nearest_only_50m,spatial,fold_0,2,831,237,32,1548.7968297054124
nearest_only_50m,spatial,fold_0,3,920,144,36,1572.6891283709301
nearest_only_50m,spatial,fold_0,4,846,242,12,1581.3545059175506
nearest_only_50m,spatial,fold_1,OUTER,654,481,57,1522.93372499803
nearest_only_50m,spatial,fold_1,0,569,84,1,2361.0444356397243
nearest_only_50m,spatial,fold_1,2,431,221,2,1736.978370926195
nearest_only_50m,spatial,fold_1,3,520,132,2,1567.369403727941
nearest_only_50m,spatial,fold_1,4,435,217,2,1581.3545059175506
nearest_only_50m,spatial,fold_2,OUTER,923,237,32,1548.7968297054124
nearest_only_50m,spatial,fold_2,0,831,87,5,2004.7747038113787
nearest_only_50m,spatial,fold_2,1,431,451,41,1522.93372499803
nearest_only_50m,spatial,fold_2,3,740,145,38,1567.369403727941
nearest_only_50m,spatial,fold_2,4,673,240,10,1607.5759206607404
nearest_only_50m,spatial,fold_3,OUTER,1009,145,38,1567.369403727941
nearest_only_50m,spatial,fold_3,0,920,85,4,2004.7747038113787
nearest_only_50m,spatial,fold_3,1,520,445,44,1522.93372499803
nearest_only_50m,spatial,fold_3,2,740,237,32,1548.7968297054124
nearest_only_50m,spatial,fold_3,4,755,242,12,1606.245397303879
nearest_only_50m,spatial,fold_4,OUTER,938,242,12,1581.3545059175506
nearest_only_50m,spatial,fold_4,0,846,87,5,2004.7747038113787
nearest_only_50m,spatial,fold_4,1,435,471,32,1573.3492190951229
nearest_only_50m,spatial,fold_4,2,673,235,30,1548.7968297054124
nearest_only_50m,spatial,fold_4,3,755,145,38,1567.369403727941
nearest_only_50m,leave_city_out,new_york_city,OUTER,75,1117,0,391267.0388048135
nearest_only_50m,leave_city_out,new_york_city,0,53,17,5,2004.7747038113787
nearest_only_50m,leave_city_out,new_york_city,1,45,27,3,1611.0486540219179
nearest_only_50m,leave_city_out,new_york_city,2,60,14,1,1611.0486540219179
nearest_only_50m,leave_city_out,new_york_city,3,65,8,2,1567.369403727941
nearest_only_50m,leave_city_out,new_york_city,4,65,9,1,1581.3545059175506
nearest_only_50m,leave_city_out,buffalo,OUTER,1146,46,0,96715.24060815758
nearest_only_50m,leave_city_out,buffalo,0,1074,72,0,2361.0444356397243
nearest_only_50m,leave_city_out,buffalo,1,630,462,54,1522.93372499803
nearest_only_50m,leave_city_out,buffalo,2,880,234,32,1548.7968297054124
nearest_only_50m,leave_city_out,buffalo,3,969,141,36,1572.6891283709301
nearest_only_50m,leave_city_out,buffalo,4,897,237,12,1581.3545059175506
nearest_only_50m,leave_city_out,rochester,OUTER,1163,29,0,96715.24060815758
nearest_only_50m,leave_city_out,rochester,0,1073,85,5,2004.7747038113787
nearest_only_50m,leave_city_out,rochester,1,633,473,57,1522.93372499803
nearest_only_50m,leave_city_out,rochester,2,906,226,31,1548.7968297054124
nearest_only_50m,leave_city_out,rochester,3,984,141,38,1567.369403727941
nearest_only_50m,leave_city_out,rochester,4,914,238,11,1607.5759206607404
report_cutoff_background,spatial,fold_0,OUTER,1100,87,5,2004.7747038113787
report_cutoff_background,spatial,fold_0,1,569,477,54,1522.93372499803
report_cutoff_background,spatial,fold_0,2,831,237,32,1548.7968297054124
report_cutoff_background,spatial,fold_0,3,920,144,36,1572.6891283709301
report_cutoff_background,spatial,fold_0,4,846,242,12,1581.3545059175506
report_cutoff_background,spatial,fold_1,OUTER,654,481,57,1522.93372499803
report_cutoff_background,spatial,fold_1,0,569,84,1,2361.0444356397243
report_cutoff_background,spatial,fold_1,2,431,221,2,1736.978370926195
report_cutoff_background,spatial,fold_1,3,520,132,2,1567.369403727941
report_cutoff_background,spatial,fold_1,4,435,217,2,1581.3545059175506
report_cutoff_background,spatial,fold_2,OUTER,923,237,32,1548.7968297054124
report_cutoff_background,spatial,fold_2,0,831,87,5,2004.7747038113787
report_cutoff_background,spatial,fold_2,1,431,451,41,1522.93372499803
report_cutoff_background,spatial,fold_2,3,740,145,38,1567.369403727941
report_cutoff_background,spatial,fold_2,4,673,240,10,1607.5759206607404
report_cutoff_background,spatial,fold_3,OUTER,1009,145,38,1567.369403727941
report_cutoff_background,spatial,fold_3,0,920,85,4,2004.7747038113787
report_cutoff_background,spatial,fold_3,1,520,445,44,1522.93372499803
report_cutoff_background,spatial,fold_3,2,740,237,32,1548.7968297054124
report_cutoff_background,spatial,fold_3,4,755,242,12,1606.245397303879
report_cutoff_background,spatial,fold_4,OUTER,938,242,12,1581.3545059175506
report_cutoff_background,spatial,fold_4,0,846,87,5,2004.7747038113787
report_cutoff_background,spatial,fold_4,1,435,471,32,1573.3492190951229
report_cutoff_background,spatial,fold_4,2,673,235,30,1548.7968297054124
report_cutoff_background,spatial,fold_4,3,755,145,38,1567.369403727941
report_cutoff_background,leave_city_out,new_york_city,OUTER,75,1117,0,391267.0388048135
report_cutoff_background,leave_city_out,new_york_city,0,53,17,5,2004.7747038113787
report_cutoff_background,leave_city_out,new_york_city,1,45,27,3,1611.0486540219179
report_cutoff_background,leave_city_out,new_york_city,2,60,14,1,1611.0486540219179
report_cutoff_background,leave_city_out,new_york_city,3,65,8,2,1567.369403727941
report_cutoff_background,leave_city_out,new_york_city,4,65,9,1,1581.3545059175506
report_cutoff_background,leave_city_out,buffalo,OUTER,1146,46,0,96715.24060815758
report_cutoff_background,leave_city_out,buffalo,0,1074,72,0,2361.0444356397243
report_cutoff_background,leave_city_out,buffalo,1,630,462,54,1522.93372499803
report_cutoff_background,leave_city_out,buffalo,2,880,234,32,1548.7968297054124
report_cutoff_background,leave_city_out,buffalo,3,969,141,36,1572.6891283709301
report_cutoff_background,leave_city_out,buffalo,4,897,237,12,1581.3545059175506
report_cutoff_background,leave_city_out,rochester,OUTER,1163,29,0,96715.24060815758
report_cutoff_background,leave_city_out,rochester,0,1073,85,5,2004.7747038113787
report_cutoff_background,leave_city_out,rochester,1,633,473,57,1522.93372499803
report_cutoff_background,leave_city_out,rochester,2,906,226,31,1548.7968297054124
report_cutoff_background,leave_city_out,rochester,3,984,141,38,1567.369403727941
report_cutoff_background,leave_city_out,rochester,4,914,238,11,1607.5759206607404
exclude_buffalo,spatial,fold_0,OUTER,1074,72,0,2361.0444356397243
exclude_buffalo,spatial,fold_0,1,558,462,54,1522.93372499803
exclude_buffalo,spatial,fold_0,2,808,234,32,1548.7968297054124
exclude_buffalo,spatial,fold_0,3,897,141,36,1572.6891283709301
exclude_buffalo,spatial,fold_0,4,825,237,12,1581.3545059175506
exclude_buffalo,spatial,fold_1,OUTER,630,462,54,1522.93372499803
exclude_buffalo,spatial,fold_1,0,558,72,0,2361.0444356397243
exclude_buffalo,spatial,fold_1,2,410,218,2,1736.978370926195
exclude_buffalo,spatial,fold_1,3,502,128,0,1581.3545059175506
exclude_buffalo,spatial,fold_1,4,416,212,2,1581.3545059175506
exclude_buffalo,spatial,fold_2,OUTER,880,234,32,1548.7968297054124
exclude_buffalo,spatial,fold_2,0,808,72,0,3451.943816975663
exclude_buffalo,spatial,fold_2,1,410,432,38,1522.93372499803
exclude_buffalo,spatial,fold_2,3,703,141,36,1572.6891283709301
exclude_buffalo,spatial,fold_2,4,635,235,10,1607.5759206607404
exclude_buffalo,spatial,fold_3,OUTER,969,141,36,1572.6891283709301
exclude_buffalo,spatial,fold_3,0,897,72,0,2361.0444356397243
exclude_buffalo,spatial,fold_3,1,502,426,41,1522.93372499803
exclude_buffalo,spatial,fold_3,2,703,234,32,1548.7968297054124
exclude_buffalo,spatial,fold_3,4,720,237,12,1606.245397303879
exclude_buffalo,spatial,fold_4,OUTER,897,237,12,1581.3545059175506
exclude_buffalo,spatial,fold_4,0,825,72,0,2361.0444356397243
exclude_buffalo,spatial,fold_4,1,416,452,29,1573.3492190951229
exclude_buffalo,spatial,fold_4,2,635,232,30,1548.7968297054124
exclude_buffalo,spatial,fold_4,3,720,141,36,1572.6891283709301
exclude_buffalo,leave_city_out,new_york_city,OUTER,29,1117,0,391267.0388048135
exclude_buffalo,leave_city_out,new_york_city,0,27,2,0,2936.051256273197
exclude_buffalo,leave_city_out,new_york_city,1,21,8,0,1611.0486540219179
exclude_buffalo,leave_city_out,new_york_city,2,17,11,1,1611.0486540219179
exclude_buffalo,leave_city_out,new_york_city,3,25,4,0,1581.3545059175506
exclude_buffalo,leave_city_out,new_york_city,4,24,4,1,1581.3545059175506
exclude_buffalo,leave_city_out,rochester,OUTER,1117,29,0,391267.0388048135
exclude_buffalo,leave_city_out,rochester,0,1047,70,0,2361.0444356397243
exclude_buffalo,leave_city_out,rochester,1,609,454,54,1522.93372499803
exclude_buffalo,leave_city_out,rochester,2,863,223,31,1548.7968297054124
exclude_buffalo,leave_city_out,rochester,3,944,137,36,1572.6891283709301
exclude_buffalo,leave_city_out,rochester,4,873,233,11,1607.5759206607404
