variant,scheme,city,model,probabilities,n,positives,prevalence,average_precision,roc_auc,brier_score,ece_10bins,calibration_mean_error,top_decile_n,top_decile_hits,top_decile_precision,top_decile_recall,top_decile_lift
primary_50m,spatial,ALL,M0,raw,1192,650,0.5453020134228188,0.7145708847812844,0.718441669032075,0.21253612906492242,0.05152191720059651,0.024435758523122852,120,93,0.775,0.14307692307692307,1.4212307692307693
primary_50m,spatial,ALL,M0,sigmoid,1192,650,0.5453020134228188,0.7083245704218024,0.7127334657961965,0.2152801328123414,0.052664059771420635,0.01885694327195564,120,93,0.775,0.14307692307692307,1.4212307692307693
primary_50m,spatial,ALL,M1,raw,1192,650,0.5453020134228188,0.7416897525985594,0.7329236446210616,0.20731164893042636,0.04676253952656355,0.01967157286484633,120,91,0.7583333333333333,0.14,1.3906666666666665
primary_50m,spatial,ALL,M1,sigmoid,1192,650,0.5453020134228188,0.738680148557073,0.7309508941243259,0.20722750428083803,0.04180914964667966,0.002347372618788479,120,92,0.7666666666666667,0.14153846153846153,1.405948717948718
primary_50m,spatial,ALL,M2,raw,1192,650,0.5453020134228188,0.7365182542382718,0.7257734885041158,0.20977051634728333,0.02359290523517053,0.0018359292298555374,120,97,0.8083333333333333,0.14923076923076922,1.4823589743589742
primary_50m,spatial,ALL,M2,sigmoid,1192,650,0.5453020134228188,0.7375015376176028,0.7253988078342323,0.21077138899025127,0.03186058944353723,-0.006314986341651618,120,99,0.825,0.1523076923076923,1.5129230769230768
primary_50m,spatial,New York City,M0,raw,1117,629,0.5631154879140555,0.7208487855634134,0.7133330292684199,0.21173970085769736,0.053555835587317524,0.020448062518963805,112,85,0.7589285714285714,0.13513513513513514,1.34773166023166
primary_50m,spatial,New York City,M0,sigmoid,1117,629,0.5631154879140555,0.7146638636459164,0.7073386066876906,0.21472414879170387,0.057332085278169236,0.013939484073784869,112,85,0.7589285714285714,0.13513513513513514,1.34773166023166
primary_50m,spatial,New York City,M1,raw,1117,629,0.5631154879140555,0.7470429869269476,0.7256199666397352,0.20745859421454524,0.04643757764274735,0.02297791114237857,112,87,0.7767857142857143,0.1383147853736089,1.3794429934135817
primary_50m,spatial,New York City,M1,sigmoid,1117,629,0.5631154879140555,0.7438892865767601,0.723170072193698,0.20771995507378843,0.03961786560869964,0.003236318594905918,112,84,0.75,0.13354531001589826,1.3318759936406994
primary_50m,spatial,New York City,M2,raw,1117,629,0.5631154879140555,0.7415399521669104,0.7180585238082827,0.21069480442928615,0.021371405981914653,0.003988779160788547,112,90,0.8035714285714286,0.14308426073131955,1.4270099931864637
primary_50m,spatial,New York City,M2,sigmoid,1117,629,0.5631154879140555,0.7424915052159021,0.7172147436732779,0.21189902280212503,0.033989934098966015,-0.007608666055524793,112,92,0.8214285714285714,0.14626391096979333,1.4587213263683851
primary_50m,spatial,Buffalo,M0,raw,46,14,0.30434782608695654,0.35010405477980666,0.5379464285714286,0.22303710868186083,0.1311560959974695,0.10046827751122961,5,2,0.4,0.14285714285714285,1.3142857142857143
primary_50m,spatial,Buffalo,M0,sigmoid,46,14,0.30434782608695654,0.35205698380076844,0.5401785714285714,0.22358005940086173,0.1869921281837242,0.10964481952840605,5,2,0.4,0.14285714285714285,1.3142857142857143
primary_50m,spatial,Buffalo,M1,raw,46,14,0.30434782608695654,0.4127575672274706,0.5993303571428572,0.21015273911668972,0.1367710344643941,-0.046484032759626315,5,1,0.2,0.07142857142857142,0.6571428571428571
primary_50m,spatial,Buffalo,M1,sigmoid,46,14,0.30434782608695654,0.41137086770388476,0.6060267857142857,0.2072542150512829,0.12888461804652668,-0.024281466458800804,5,1,0.2,0.07142857142857142,0.6571428571428571
primary_50m,spatial,Buffalo,M2,raw,46,14,0.30434782608695654,0.4010588616327627,0.5591517857142858,0.21781756529039684,0.11435428035000096,-0.04716502551151358,5,2,0.4,0.14285714285714285,1.3142857142857143
primary_50m,spatial,Buffalo,M2,sigmoid,46,14,0.30434782608695654,0.39609837709210416,0.5680803571428572,0.21316571261263206,0.1013098142069319,-0.005104087293148041,5,2,0.4,0.14285714285714285,1.3142857142857143
primary_50m,spatial,Rochester,M0,raw,29,7,0.2413793103448276,0.22667509009873543,0.37987012987012986,0.22655562027496395,0.22482192737793388,0.05742750208149658,3,0,0.0,0.0,0.0
primary_50m,spatial,Rochester,M0,sigmoid,29,7,0.2413793103448276,0.226096408129076,0.38636363636363635,0.22352970274269404,0.22559714298088823,0.06425555073954373,3,0,0.0,0.0,0.0
primary_50m,spatial,Rochester,M1,raw,29,7,0.2413793103448276,0.4637531780388923,0.5194805194805194,0.19714516510529279,0.19742883840008432,-0.0027429787654223714,3,2,0.6666666666666666,0.2857142857142857,2.7619047619047614
primary_50m,spatial,Rochester,M1,sigmoid,29,7,0.2413793103448276,0.46313686313686314,0.5194805194805194,0.1882172894130432,0.18494323796035148,0.010346474075550088,3,2,0.6666666666666666,0.2857142857142857,2.7619047619047614
primary_50m,spatial,Rochester,M2,raw,29,7,0.2413793103448276,0.489546485260771,0.5844155844155844,0.16140520465830546,0.12767925267589503,-0.003360258864945398,3,2,0.6666666666666666,0.2857142857142857,2.7619047619047614
primary_50m,spatial,Rochester,M2,sigmoid,29,7,0.2413793103448276,0.5447640594699419,0.6363636363636364,0.16354015262844152,0.08976973593235017,0.04159325104335257,3,2,0.6666666666666666,0.2857142857142857,2.7619047619047614
primary_50m,leave_city_out,ALL,M0,raw,1192,650,0.5453020134228188,0.6430627274602186,0.6845188759579903,0.3193086498076507,0.27077979744854996,-0.2600366200882443,120,71,0.5916666666666667,0.10923076923076923,1.085025641025641
primary_50m,leave_city_out,ALL,M0,sigmoid,1192,650,0.5453020134228188,0.5426542747457156,0.48360346295770656,0.3194284765340023,0.26996066599662216,-0.2598422715523908,120,49,0.4083333333333333,0.07538461538461538,0.7488205128205128
primary_50m,leave_city_out,ALL,M1,raw,1192,650,0.5453020134228188,0.6332959170911373,0.5816434856656258,0.42100493456347093,0.40864486023875257,0.3595856962737589,120,88,0.7333333333333333,0.13538461538461538,1.3448205128205126
primary_50m,leave_city_out,ALL,M1,sigmoid,1192,650,0.5453020134228188,0.5956391201529649,0.5673502696565427,0.2656078095055466,0.1416303555387142,-0.14132137938206357,120,77,0.6416666666666667,0.11846153846153847,1.1767179487179489
primary_50m,leave_city_out,ALL,M2,raw,1192,650,0.5453020134228188,0.5892727343294492,0.5250553505535056,0.30472960464899235,0.23639548168636407,-0.22463354122068657,120,77,0.6416666666666667,0.11846153846153847,1.1767179487179489
primary_50m,leave_city_out,ALL,M2,sigmoid,1192,650,0.5453020134228188,0.5831681831765869,0.5187794493329548,0.3062688054164726,0.24299810239857678,-0.24299810239857678,120,75,0.625,0.11538461538461539,1.146153846153846
primary_50m,leave_city_out,New York City,M0,raw,1117,629,0.5631154879140555,0.7324805750094192,0.7214825119236883,0.32586436236710165,0.2827910361283625,-0.2827910361283625,112,89,0.7946428571428571,0.14149443561208266,1.4111543265955029
primary_50m,leave_city_out,New York City,M0,sigmoid,1117,629,0.5631154879140555,0.5631154879140555,0.5,0.3261690937552861,0.28311244863113216,-0.28311244863113216,112,59,0.5267857142857143,0.09379968203497616,0.9354843288666818
primary_50m,leave_city_out,New York City,M1,raw,1117,629,0.5631154879140555,0.6365366154747065,0.5575774062394121,0.435625549974358,0.43179935238788963,0.3866886336990044,112,82,0.7321428571428571,0.13036565977742448,1.300164660458778
primary_50m,leave_city_out,New York City,M1,sigmoid,1117,629,0.5631154879140555,0.5958039036710358,0.5407555578722406,0.2699308571256706,0.14907627032876963,-0.14907627032876963,112,69,0.6160714285714286,0.10969793322734499,1.094040994776289
primary_50m,leave_city_out,New York City,M2,raw,1117,629,0.5631154879140555,0.5990267006813664,0.5164814042586463,0.31136288358885744,0.25230119138582535,-0.23887688579869892,112,73,0.6517857142857143,0.11605723370429252,1.1574636611401317
primary_50m,leave_city_out,New York City,M2,sigmoid,1117,629,0.5631154879140555,0.5990267006813664,0.5164814042586463,0.31301327459965017,0.26098723748270275,-0.26098723748270275,112,73,0.6517857142857143,0.11605723370429252,1.1574636611401317
primary_50m,leave_city_out,Buffalo,M0,raw,46,14,0.30434782608695654,0.33065267991232095,0.5111607142857143,0.21905443704946317,0.14728089473750078,0.08760047342355776,5,2,0.4,0.14285714285714285,1.3142857142857143
primary_50m,leave_city_out,Buffalo,M0,sigmoid,46,14,0.30434782608695654,0.33065267991232095,0.5111607142857143,0.21749895740861733,0.1629169206621297,0.08984500418338476,5,2,0.4,0.14285714285714285,1.3142857142857143
primary_50m,leave_city_out,Buffalo,M1,raw,46,14,0.30434782608695654,0.398848553108188,0.6015625,0.21222879671715972,0.13769573337099017,-0.0700182484968104,5,1,0.2,0.07142857142857142,0.6571428571428571
primary_50m,leave_city_out,Buffalo,M1,sigmoid,46,14,0.30434782608695654,0.398848553108188,0.6015625,0.2095961255801738,0.11904412558345227,-0.05847390586364162,5,1,0.2,0.07142857142857142,0.6571428571428571
primary_50m,leave_city_out,Buffalo,M2,raw,46,14,0.30434782608695654,0.44555920908149727,0.609375,0.2073233098303796,0.09541342456055725,-0.03801680080916575,5,1,0.2,0.07142857142857142,0.6571428571428571
primary_50m,leave_city_out,Buffalo,M2,sigmoid,46,14,0.30434782608695654,0.44555920908149727,0.609375,0.20578159335376048,0.06860964891055357,-0.006154809794996108,5,1,0.2,0.07142857142857142,0.6571428571428571
primary_50m,leave_city_out,Rochester,M0,raw,29,7,0.2413793103448276,0.2220677926342951,0.37987012987012986,0.22582461042730592,0.22505067296828105,0.06497635974862212,3,0,0.0,0.0,0.0
primary_50m,leave_city_out,Rochester,M0,sigmoid,29,7,0.2413793103448276,0.2220677926342951,0.37987012987012986,0.2214798021751663,0.1713422593608277,0.08178438752031128,3,0,0.0,0.0,0.0
primary_50m,leave_city_out,Rochester,M1,raw,29,7,0.2413793103448276,0.4617233560090703,0.5064935064935064,0.18902131135552164,0.18218638793981012,-0.0029039466418568916,3,2,0.6666666666666666,0.2857142857142857,2.7619047619047614
primary_50m,leave_city_out,Rochester,M1,sigmoid,29,7,0.2413793103448276,0.4617233560090703,0.5064935064935064,0.1879420601568787,0.16703138977442863,0.025962393225636954,3,2,0.6666666666666666,0.2857142857142857,2.7619047619047614
primary_50m,leave_city_out,Rochester,M2,raw,29,7,0.2413793103448276,0.3509581603755945,0.43506493506493504,0.2037405351947445,0.19949066998629733,0.027968039286547702,3,1,0.3333333333333333,0.14285714285714285,1.3809523809523807
primary_50m,leave_city_out,Rochester,M2,sigmoid,29,7,0.2413793103448276,0.3509581603755945,0.43506493506493504,0.20588396670183015,0.21625900217171373,0.07421129171190591,3,1,0.3333333333333333,0.14285714285714285,1.3809523809523807
radius_25m,spatial,ALL,M0,raw,1192,412,0.34563758389261745,0.5257301109197134,0.710734067712223,0.19893008506507545,0.0368379663803005,0.016202830401987722,120,71,0.5916666666666667,0.17233009708737865,1.711812297734628
radius_25m,spatial,ALL,M0,sigmoid,1192,412,0.34563758389261745,0.525451168551045,0.7112475105800349,0.198669498543231,0.025831018504410184,0.0008926780030489301,120,68,0.5666666666666667,0.1650485436893204,1.6394822006472491
radius_25m,spatial,ALL,M1,raw,1192,412,0.34563758389261745,0.5290072120777205,0.7100852626338063,0.20022995441352223,0.03406265688329776,0.008358234616672344,120,73,0.6083333333333333,0.17718446601941748,1.7600323624595469
radius_25m,spatial,ALL,M1,sigmoid,1192,412,0.34563758389261745,0.5317107375095886,0.7065938511326861,0.200361756706585,0.02364240897604027,-0.008064572948784043,120,76,0.6333333333333333,0.18446601941747573,1.8323624595469254
radius_25m,spatial,ALL,M2,raw,1192,412,0.34563758389261745,0.47349476288859466,0.6851988424197162,0.21060609629499938,0.059777966552045196,-0.03566692706553776,120,58,0.48333333333333334,0.1407766990291262,1.3983818770226537
radius_25m,spatial,ALL,M2,sigmoid,1192,412,0.34563758389261745,0.4621040168652667,0.6698982449589246,0.21186819529371875,0.056322251296533454,-0.022227584209368156,120,58,0.48333333333333334,0.1407766990291262,1.3983818770226537
radius_25m,spatial,New York City,M0,raw,1117,405,0.36257833482542523,0.5306565175458037,0.7012050908586489,0.20513336416725894,0.03454952668534422,0.01081612272509297,112,66,0.5892857142857143,0.16296296296296298,1.6252645502645504
radius_25m,spatial,New York City,M0,sigmoid,1117,405,0.36257833482542523,0.5303992869366086,0.7018362463587183,0.20493929548841505,0.023550456511454473,-0.005600238039907834,112,63,0.5625,0.15555555555555556,1.551388888888889
radius_25m,spatial,New York City,M1,raw,1117,405,0.36257833482542523,0.5322975458661169,0.6954293244555417,0.2076110051902766,0.03784314032423863,0.007975550323732483,112,69,0.6160714285714286,0.17037037037037037,1.699140211640212
radius_25m,spatial,New York City,M1,sigmoid,1117,405,0.36257833482542523,0.5351611587431713,0.6920377306145096,0.2075807460145128,0.024975248218144692,-0.011312400958177038,112,73,0.6517857142857143,0.18024691358024691,1.797641093474427
radius_25m,spatial,New York City,M2,raw,1117,405,0.36257833482542523,0.47632108331785905,0.6691930226106257,0.21871911509454472,0.0656189560946894,-0.03978723155012753,112,53,0.4732142857142857,0.1308641975308642,1.305136684303351
radius_25m,spatial,New York City,M2,sigmoid,1117,405,0.36257833482542523,0.46554184291800205,0.654211749202386,0.219566099068925,0.058701574488900676,-0.029222509634473426,112,56,0.5,0.1382716049382716,1.3790123456790124
radius_25m,spatial,Buffalo,M0,raw,46,3,0.06521739130434782,0.11464646464646465,0.4728682170542636,0.08766356645789797,0.1469628435713095,0.1469628435713095,5,1,0.2,0.3333333333333333,3.066666666666667
radius_25m,spatial,Buffalo,M0,sigmoid,46,3,0.06521739130434782,0.11464646464646465,0.4728682170542636,0.0868887577027995,0.14697225527904015,0.14697225527904018,5,1,0.2,0.3333333333333333,3.066666666666667
radius_25m,spatial,Buffalo,M1,raw,46,3,0.06521739130434782,0.10650347095359883,0.627906976744186,0.06514049409207125,0.051632448793409114,0.05041494923422751,5,0,0.0,0.0,0.0
radius_25m,spatial,Buffalo,M1,sigmoid,46,3,0.06521739130434782,0.07746031746031745,0.46511627906976744,0.07012839859793442,0.07976515411176083,0.07976515411176084,5,0,0.0,0.0,0.0
radius_25m,spatial,Buffalo,M2,raw,46,3,0.06521739130434782,0.08441558441558442,0.49224806201550386,0.06769779818854682,0.05467255024806314,0.054672550248063126,5,0,0.0,0.0,0.0
radius_25m,spatial,Buffalo,M2,sigmoid,46,3,0.06521739130434782,0.07222222222222222,0.43023255813953487,0.07977736756108038,0.11377376884869907,0.11377376884869907,5,0,0.0,0.0,0.0
radius_25m,spatial,Rochester,M0,raw,29,4,0.13793103448275862,0.12823275862068967,0.32,0.1364886057130464,0.13577565905174105,0.016271515550353832,3,0,0.0,0.0,0.0
radius_25m,spatial,Rochester,M0,sigmoid,29,4,0.13793103448275862,0.13797301836094938,0.35000000000000003,0.13448159822906855,0.13456600426011392,0.019269459564673824,3,0,0.0,0.0,0.0
radius_25m,spatial,Rochester,M1,raw,29,4,0.13793103448275862,0.15144704433497536,0.38,0.1302120736256655,0.08466978086116807,-0.04361247287276539,3,0,0.0,0.0,0.0
radius_25m,spatial,Rochester,M1,sigmoid,29,4,0.13793103448275862,0.14906609195402298,0.37,0.12888325381150093,0.06320465120681165,-0.022283316338199813,3,0,0.0,0.0,0.0
radius_25m,spatial,Rochester,M2,raw,29,4,0.13793103448275862,0.21007799671592772,0.565,0.12479712090895227,0.06654128278123922,-0.02026126662205005,3,0,0.0,0.0,0.0
radius_25m,spatial,Rochester,M2,sigmoid,29,4,0.13793103448275862,0.1926282051282051,0.5249999999999999,0.12488955939013208,0.06923174883784919,0.031471362658615776,3,0,0.0,0.0,0.0
radius_25m,leave_city_out,ALL,M0,raw,1192,412,0.34563758389261745,0.24079209831330617,0.27976257157082396,0.32503708292834727,0.31066572370550805,-0.28218617116018485,120,8,0.06666666666666667,0.019417475728155338,0.19288025889967636
radius_25m,leave_city_out,ALL,M0,sigmoid,1192,412,0.34563758389261745,0.24314836045401195,0.2883012820512821,0.2871300279756489,0.24062425929958164,-0.22117992314986595,120,8,0.06666666666666667,0.019417475728155338,0.19288025889967636
radius_25m,leave_city_out,ALL,M1,raw,1192,412,0.34563758389261745,0.32288377935115165,0.4401232262882748,0.3832630131536239,0.3619703261826044,0.09281883304437999,120,42,0.35,0.10194174757281553,1.0126213592233009
radius_25m,leave_city_out,ALL,M1,sigmoid,1192,412,0.34563758389261745,0.3236812993579449,0.4434061488673139,0.2768598276514012,0.18941950903344099,-0.04088141915607124,120,42,0.35,0.10194174757281553,1.0126213592233009
radius_25m,leave_city_out,ALL,M2,raw,1192,412,0.34563758389261745,0.3490862648005974,0.48701456310679614,0.2900053797134658,0.25294450242166105,-0.2511573322039198,120,30,0.25,0.07281553398058252,0.7233009708737864
radius_25m,leave_city_out,ALL,M2,sigmoid,1192,412,0.34563758389261745,0.35015650109893337,0.4886389096340553,0.2674839862800952,0.2030957818856375,-0.20148351662260974,120,29,0.24166666666666667,0.0703883495145631,0.6991909385113269
radius_25m,leave_city_out,New York City,M0,raw,1117,405,0.36257833482542523,0.2585161244458832,0.29581599389651825,0.3397875871534065,0.3223658439458548,-0.3076548276138598,112,9,0.08035714285714286,0.022222222222222223,0.22162698412698414
radius_25m,leave_city_out,New York City,M0,sigmoid,1117,405,0.36257833482542523,0.2585161244458832,0.29581599389651825,0.29940604933995535,0.25092089341576074,-0.24260288746663122,112,9,0.08035714285714286,0.022222222222222223,0.22162698412698414
radius_25m,leave_city_out,New York City,M1,raw,1117,405,0.36257833482542523,0.32958313501856246,0.4241815785823276,0.4027523482400097,0.38718377403258736,0.0969047347357806,112,39,0.3482142857142857,0.0962962962962963,0.9603835978835978
radius_25m,leave_city_out,New York City,M1,sigmoid,1117,405,0.36257833482542523,0.32958313501856246,0.4241815785823276,0.2890880339017739,0.20472673095464294,-0.047395642920040615,112,39,0.3482142857142857,0.0962962962962963,0.9603835978835978
radius_25m,leave_city_out,New York City,M2,raw,1117,405,0.36257833482542523,0.36257833482542523,0.5,0.30360815254308376,0.269244993644147,-0.269244993644147,112,40,0.35714285714285715,0.09876543209876543,0.9850088183421517
radius_25m,leave_city_out,New York City,M2,sigmoid,1117,405,0.36257833482542523,0.36257833482542523,0.5,0.27939485281329746,0.2197261178664256,-0.2197261178664256,112,40,0.35714285714285715,0.09876543209876543,0.9850088183421517
radius_25m,leave_city_out,Buffalo,M0,raw,46,3,0.06521739130434782,0.11594982078853047,0.5038759689922481,0.08651987972881282,0.14803863855952906,0.14803863855952903,5,1,0.2,0.3333333333333333,3.066666666666667
radius_25m,leave_city_out,Buffalo,M0,sigmoid,46,3,0.06521739130434782,0.11594982078853047,0.5038759689922481,0.08536292032871684,0.14647683652641846,0.14647683652641846,5,1,0.2,0.3333333333333333,3.066666666666667
radius_25m,leave_city_out,Buffalo,M1,raw,46,3,0.06521739130434782,0.12592592592592594,0.6666666666666666,0.07016060601963245,0.09022179456986662,0.0902217945698666,5,0,0.0,0.0,0.0
radius_25m,leave_city_out,Buffalo,M1,sigmoid,46,3,0.06521739130434782,0.12592592592592594,0.6666666666666666,0.07475821074635354,0.1164134215325195,0.1164134215325195,5,0,0.0,0.0,0.0
radius_25m,leave_city_out,Buffalo,M2,raw,46,3,0.06521739130434782,0.20887445887445888,0.7054263565891472,0.06390555866194018,0.05929799086373785,0.059297990863737854,5,1,0.2,0.3333333333333333,3.066666666666667
radius_25m,leave_city_out,Buffalo,M2,sigmoid,46,3,0.06521739130434782,0.20887445887445888,0.7054263565891472,0.06966240474456084,0.10831107895659364,0.09701551415998004,5,1,0.2,0.3333333333333333,3.066666666666667
radius_25m,leave_city_out,Rochester,M0,raw,29,4,0.13793103448275862,0.1341851395730706,0.35000000000000003,0.13522598388653376,0.13400446601691937,0.016370656827679297,3,0,0.0,0.0,0.0
radius_25m,leave_city_out,Rochester,M0,sigmoid,29,4,0.13793103448275862,0.1341851395730706,0.35000000000000003,0.13433592755594675,0.1346301996067755,0.02079387673695285,3,0,0.0,0.0,0.0
radius_25m,leave_city_out,Rochester,M1,raw,29,4,0.13793103448275862,0.23647186147186147,0.46,0.12923278683192105,0.08492900849601427,-0.06043938831654695,3,1,0.3333333333333333,0.25,2.4166666666666665
radius_25m,leave_city_out,Rochester,M1,sigmoid,29,4,0.13793103448275862,0.23647186147186147,0.46,0.12643803440884616,0.062374664886356956,-0.03947365113267262,3,1,0.3333333333333333,0.25,2.4166666666666665
radius_25m,leave_city_out,Rochester,M2,raw,29,4,0.13793103448275862,0.25316425120772945,0.51,0.1247051906681851,0.07287680017280167,-0.046916885044554185,3,1,0.3333333333333333,0.25,2.4166666666666665
radius_25m,leave_city_out,Rochester,M2,sigmoid,29,4,0.13793103448275862,0.25316425120772945,0.51,0.12249622190242826,0.02768993763060405,0.027689937630604067,3,1,0.3333333333333333,0.25,2.4166666666666665
radius_100m,spatial,ALL,M0,raw,1192,980,0.8221476510067114,0.9487744984679037,0.8212047554871005,0.11610680696192213,0.03219053260195982,0.0004173394570394784,120,117,0.975,0.11938775510204082,1.1859183673469387
radius_100m,spatial,ALL,M0,sigmoid,1192,980,0.8221476510067114,0.9494971441233149,0.8217679052753176,0.11586413759423557,0.031728117341522095,-0.0028319822043071374,120,118,0.9833333333333333,0.12040816326530612,1.1960544217687075
radius_100m,spatial,ALL,M1,raw,1192,980,0.8221476510067114,0.9408908342789682,0.7889247208317292,0.12108848780791165,0.039753296211760006,-0.011893316024952139,120,118,0.9833333333333333,0.12040816326530612,1.1960544217687075
radius_100m,spatial,ALL,M1,sigmoid,1192,980,0.8221476510067114,0.9322115461727989,0.7615902964959569,0.12332656937266158,0.02726568386661886,-0.018491364754015915,120,116,0.9666666666666667,0.11836734693877551,1.17578231292517
radius_100m,spatial,ALL,M2,raw,1192,980,0.8221476510067114,0.9336847275139508,0.7642303619561032,0.1306765684390508,0.06764369382954288,0.03715687685164837,120,119,0.9916666666666667,0.12142857142857143,1.2061904761904763
radius_100m,spatial,ALL,M2,sigmoid,1192,980,0.8221476510067114,0.9267626251762473,0.7602209279938391,0.12678472197485524,0.02721910211163883,-0.00022612784632902727,120,116,0.9666666666666667,0.11836734693877551,1.17578231292517
radius_100m,spatial,New York City,M0,raw,1117,934,0.8361683079677709,0.9530424988034965,0.8236505540538959,0.1085209327760232,0.03432007467559459,-0.0028546673834989322,112,110,0.9821428571428571,0.11777301927194861,1.1745755582747017
radius_100m,spatial,New York City,M0,sigmoid,1117,934,0.8361683079677709,0.9538366120017496,0.8244111349036404,0.10832836070836505,0.032444620329287424,-0.006550797960966581,112,110,0.9821428571428571,0.11777301927194861,1.1745755582747017
radius_100m,spatial,New York City,M1,raw,1117,934,0.8361683079677709,0.9449326917698779,0.7864932542329249,0.11383431011198075,0.030024254793394396,-0.008242049860955447,112,110,0.9821428571428571,0.11777301927194861,1.1745755582747017
radius_100m,spatial,New York City,M1,sigmoid,1117,934,0.8361683079677709,0.9358059831312724,0.7532851242087033,0.11667940469477595,0.029850019981314906,-0.018163082669796937,112,109,0.9732142857142857,0.11670235546038545,1.1638975986540225
radius_100m,spatial,New York City,M2,raw,1117,934,0.8361683079677709,0.9375766877202475,0.7585653104925054,0.12412575649506168,0.0652020484235741,0.04275787829178823,112,111,0.9910714285714286,0.11884368308351177,1.185253517895381
radius_100m,spatial,New York City,M2,sigmoid,1117,934,0.8361683079677709,0.9302871160870121,0.7534928212869029,0.12040836421958094,0.023653719530856952,0.0023621295911452345,112,108,0.9642857142857143,0.11563169164882227,1.1532196390333436
radius_100m,spatial,Buffalo,M0,raw,46,32,0.6956521739130435,0.8561165843961573,0.7823660714285714,0.15435624126492503,0.11438774451154951,0.010035500426934574,5,4,0.8,0.125,1.1500000000000001
radius_100m,spatial,Buffalo,M0,sigmoid,46,32,0.6956521739130435,0.8608820360390279,0.7868303571428571,0.15594419283054675,0.12530544551487038,0.00854482342032925,5,4,0.8,0.125,1.1500000000000001
radius_100m,spatial,Buffalo,M1,raw,46,32,0.6956521739130435,0.9130681429422424,0.8549107142857142,0.16964411775175114,0.2313720126704521,-0.1445100648821117,5,5,1.0,0.15625,1.4375
radius_100m,spatial,Buffalo,M1,sigmoid,46,32,0.6956521739130435,0.9296129365574085,0.8660714285714285,0.16737697063192905,0.18672878134525708,-0.10456963684015419,5,5,1.0,0.15625,1.4375
radius_100m,spatial,Buffalo,M2,raw,46,32,0.6956521739130435,0.8946049909778327,0.7979910714285714,0.1883546657731404,0.2021741073416627,-0.15911406699730002,5,5,1.0,0.15625,1.4375
radius_100m,spatial,Buffalo,M2,sigmoid,46,32,0.6956521739130435,0.902859947192229,0.7868303571428571,0.19088057953169632,0.1700159201155538,-0.1460642730412276,5,5,1.0,0.15625,1.4375
radius_100m,spatial,Rochester,M0,raw,29,14,0.4827586206896552,0.44849350784791675,0.39761904761904765,0.34762223757264504,0.29679450056847034,0.1111896234662158,3,1,0.3333333333333333,0.07142857142857142,0.6904761904761904
radius_100m,spatial,Rochester,M0,sigmoid,29,14,0.4827586206896552,0.45095004601874067,0.40714285714285714,0.3425462148579271,0.3277546038364408,0.12236057439759657,3,1,0.3333333333333333,0.07142857142857142,0.6904761904761904
radius_100m,spatial,Rochester,M1,raw,29,14,0.4827586206896552,0.5546166631788342,0.4285714285714286,0.3234801260471592,0.3174478074475373,0.057827585431768525,3,2,0.6666666666666666,0.14285714285714285,1.3809523809523807
radius_100m,spatial,Rochester,M1,sigmoid,29,14,0.4827586206896552,0.5602080386316839,0.4523809523809524,0.3094839654854872,0.343568201484934,0.10540206379390021,3,2,0.6666666666666666,0.14285714285714285,1.3809523809523807
radius_100m,spatial,Rochester,M2,raw,29,14,0.4827586206896552,0.6154696718504334,0.5023809523809524,0.2915063775448337,0.2390941355762811,0.13274807714182751,3,3,1.0,0.21428571428571427,2.071428571428571
radius_100m,spatial,Rochester,M2,sigmoid,29,14,0.4827586206896552,0.6148574269524744,0.5023809523809524,0.27071514145853476,0.20142684003402447,0.13141080737113947,3,3,1.0,0.21428571428571427,2.071428571428571
radius_100m,leave_city_out,ALL,M0,raw,1192,980,0.8221476510067114,0.9469204556355394,0.8179582210242587,0.12188007273791736,0.0795892115530365,-0.07225925421210411,120,117,0.975,0.11938775510204082,1.1859183673469387
radius_100m,leave_city_out,ALL,M0,sigmoid,1192,980,0.8221476510067114,0.9365970423082608,0.8078889102810934,0.13229642933361185,0.11278251746945739,-0.10341164659306024,120,114,0.95,0.11632653061224489,1.1555102040816325
radius_100m,leave_city_out,ALL,M1,raw,1192,980,0.8221476510067114,0.9144987388640327,0.7184563919907585,0.15585053841308566,0.12875552576494476,0.047265577923881086,120,116,0.9666666666666667,0.11836734693877551,1.17578231292517
radius_100m,leave_city_out,ALL,M1,sigmoid,1192,980,0.8221476510067114,0.913958179808527,0.7168511744320369,0.13981578422388885,0.06284148943629865,-0.004299930699711574,120,116,0.9666666666666667,0.11836734693877551,1.17578231292517
radius_100m,leave_city_out,ALL,M2,raw,1192,980,0.8221476510067114,0.9111580847437528,0.7326217751251445,0.1398300819413566,0.10252153738433084,-0.10160644032411126,120,114,0.95,0.11632653061224489,1.1555102040816325
radius_100m,leave_city_out,ALL,M2,sigmoid,1192,980,0.8221476510067114,0.9114470696153023,0.732992395071236,0.14413502084367724,0.1198755827976153,-0.11666358254799902,120,114,0.95,0.11632653061224489,1.1555102040816325
radius_100m,leave_city_out,New York City,M0,raw,1117,934,0.8361683079677709,0.9537778294923187,0.8274651595464597,0.11470903986910291,0.08673034939503363,-0.08051463419268001,112,110,0.9821428571428571,0.11777301927194861,1.1745755582747017
radius_100m,leave_city_out,New York City,M0,sigmoid,1117,934,0.8361683079677709,0.9537778294923187,0.8274651595464597,0.12583946843049781,0.12387425993896163,-0.1140359500180852,112,110,0.9821428571428571,0.11777301927194861,1.1745755582747017
radius_100m,leave_city_out,New York City,M1,raw,1117,934,0.8361683079677709,0.9184832917274227,0.7091100033933607,0.14821358026179632,0.1238923530574068,0.0593412330203964,112,108,0.9642857142857143,0.11563169164882227,1.1532196390333436
radius_100m,leave_city_out,New York City,M1,sigmoid,1117,934,0.8361683079677709,0.9182513145682505,0.7091129287043213,0.13155537063466693,0.055328433623081014,0.0029789381232985246,112,108,0.9642857142857143,0.11563169164882227,1.1532196390333436
radius_100m,leave_city_out,New York City,M2,raw,1117,934,0.8361683079677709,0.9164046141167557,0.7295257485870748,0.13359415511894093,0.10472573976273396,-0.10472573976273403,112,107,0.9553571428571429,0.1145610278372591,1.1425416794126644
radius_100m,leave_city_out,New York City,M2,sigmoid,1117,934,0.8361683079677709,0.9164046141167557,0.7295257485870748,0.13853014223184867,0.12363968361352534,-0.12162917465531842,112,107,0.9553571428571429,0.1145610278372591,1.1425416794126644
radius_100m,leave_city_out,Buffalo,M0,raw,46,32,0.6956521739130435,0.8592828103989643,0.7845982142857143,0.1562179266158495,0.11118153318088941,0.018458164458933002,5,4,0.8,0.125,1.1500000000000001
radius_100m,leave_city_out,Buffalo,M0,sigmoid,46,32,0.6956521739130435,0.8592828103989643,0.7845982142857143,0.15738313671120507,0.11610762910264827,0.01993395793873387,5,4,0.8,0.125,1.1500000000000001
radius_100m,leave_city_out,Buffalo,M1,raw,46,32,0.6956521739130435,0.8815354819632978,0.8415178571428571,0.2200597322432397,0.2743212027173766,-0.2564755250892071,5,4,0.8,0.125,1.1500000000000001
radius_100m,leave_city_out,Buffalo,M1,sigmoid,46,32,0.6956521739130435,0.8815354819632978,0.8415178571428571,0.21156784215764982,0.3100760259922002,-0.2373359096117606,5,4,0.8,0.125,1.1500000000000001
radius_100m,leave_city_out,Buffalo,M2,raw,46,32,0.6956521739130435,0.8815496105391015,0.8180803571428571,0.18194280783518588,0.204704434003519,-0.14423064142465591,5,4,0.8,0.125,1.1500000000000001
radius_100m,leave_city_out,Buffalo,M2,sigmoid,46,32,0.6956521739130435,0.8815496105391015,0.8180803571428571,0.1871244494146571,0.18823302310446038,-0.13539120814074634,5,4,0.8,0.125,1.1500000000000001
radius_100m,leave_city_out,Rochester,M0,raw,29,14,0.4827586206896552,0.4484935078479168,0.4166666666666667,0.3436215360510503,0.31454328391777925,0.10181861404429499,3,1,0.3333333333333333,0.07142857142857142,0.6904761904761904
radius_100m,leave_city_out,Rochester,M0,sigmoid,29,14,0.4827586206896552,0.4484935078479168,0.4166666666666667,0.3412080427615128,0.30830007598689196,0.11015556434798729,3,1,0.3333333333333333,0.07142857142857142,0.6904761904761904
radius_100m,leave_city_out,Rochester,M1,raw,29,14,0.4827586206896552,0.4891066256918194,0.36190476190476195,0.3481560328545715,0.3620215677061534,0.06394088812369453,3,1,0.3333333333333333,0.07142857142857142,0.6904761904761904
radius_100m,leave_city_out,Rochester,M1,sigmoid,29,14,0.4827586206896552,0.4891066256918194,0.36190476190476195,0.3441705191965749,0.3589231894805216,0.08498139877103988,3,1,0.3333333333333333,0.07142857142857142,0.6904761904761904
radius_100m,leave_city_out,Rochester,M2,raw,29,14,0.4827586206896552,0.5505345637745692,0.48095238095238096,0.3132212843386726,0.3492945746101182,0.08615117083335738,3,2,0.6666666666666666,0.14285714285714285,1.3809523809523807
radius_100m,leave_city_out,Rochester,M2,sigmoid,29,14,0.4827586206896552,0.5505345637745692,0.48095238095238096,0.2918293551591057,0.30403692557893947,0.104303216112071,3,2,0.6666666666666666,0.14285714285714285,1.3809523809523807
nearest_only_50m,spatial,ALL,M0,raw,1192,570,0.47818791946308725,0.6285687756328933,0.6905243414001241,0.22230442392797573,0.03948685767490616,0.018004160082983944,120,81,0.675,0.14210526315789473,1.411578947368421
nearest_only_50m,spatial,ALL,M0,sigmoid,1192,570,0.47818791946308725,0.627621164459961,0.6886289276245275,0.22313373725456667,0.04098186031253957,0.01017709192535926,120,84,0.7,0.14736842105263157,1.4638596491228069
nearest_only_50m,spatial,ALL,M1,raw,1192,570,0.47818791946308725,0.6712755590537705,0.7115346646358662,0.2159461247813186,0.025551862914821425,-0.00319322029310537,120,91,0.7583333333333333,0.15964912280701754,1.5858479532163743
nearest_only_50m,spatial,ALL,M1,sigmoid,1192,570,0.47818791946308725,0.6690920206931865,0.7097548936650308,0.21658125288084334,0.028514804316034432,-0.0048469058530749565,120,92,0.7666666666666667,0.16140350877192983,1.6032748538011696
nearest_only_50m,spatial,ALL,M2,raw,1192,570,0.47818791946308725,0.6414188355420197,0.6793619901844645,0.2263020199875618,0.03869157889857887,-0.011625163585272602,120,91,0.7583333333333333,0.15964912280701754,1.5858479532163743
nearest_only_50m,spatial,ALL,M2,sigmoid,1192,570,0.47818791946308725,0.6336843760856793,0.673125740396006,0.22703390605798587,0.03402299562706645,-0.018126806594281397,120,90,0.75,0.15789473684210525,1.568421052631579
nearest_only_50m,spatial,New York City,M0,raw,1117,550,0.4923903312444047,0.6342586989500405,0.6864822831489498,0.22310571449849195,0.03856603090915383,0.015476239941487724,112,73,0.6517857142857143,0.13272727272727272,1.3237175324675325
nearest_only_50m,spatial,New York City,M0,sigmoid,1117,550,0.4923903312444047,0.6333038363201636,0.6843434343434344,0.22407227170745592,0.03957462009879409,0.006989595590576103,112,78,0.6964285714285714,0.14181818181818182,1.4143831168831167
nearest_only_50m,spatial,New York City,M1,raw,1117,550,0.4923903312444047,0.6765980261330269,0.7059002725669392,0.21753570183356916,0.024249892879906233,-0.001789665549393138,112,84,0.75,0.15272727272727274,1.5231818181818182
nearest_only_50m,spatial,New York City,M1,sigmoid,1117,550,0.4923903312444047,0.6742010546016788,0.7035786435786436,0.21837469908240453,0.031701529503283685,-0.004889018155178448,112,85,0.7589285714285714,0.15454545454545454,1.5413149350649349
nearest_only_50m,spatial,New York City,M2,raw,1117,550,0.4923903312444047,0.6457617836531455,0.6700545133878467,0.22919651026882795,0.04167191448789042,-0.009922431780220509,112,85,0.7589285714285714,0.15454545454545454,1.5413149350649349
nearest_only_50m,spatial,New York City,M2,sigmoid,1117,550,0.4923903312444047,0.637902666330473,0.6631152797819466,0.22994333903018854,0.03592229867312347,-0.02003791809562283,112,84,0.75,0.15272727272727274,1.5231818181818182
nearest_only_50m,spatial,Buffalo,M0,raw,46,13,0.2826086956521739,0.315385747293642,0.5104895104895104,0.20767721046543966,0.09918508901181396,0.07046207365559803,5,2,0.4,0.15384615384615385,1.4153846153846155
nearest_only_50m,spatial,Buffalo,M0,sigmoid,46,13,0.2826086956521739,0.32669496165485856,0.5291375291375291,0.20724416632826478,0.08852832531685348,0.07209125331551841,5,2,0.4,0.15384615384615385,1.4153846153846155
nearest_only_50m,spatial,Buffalo,M1,raw,46,13,0.2826086956521739,0.49907259457186315,0.6515151515151516,0.18962829584811922,0.09620149365386872,-0.0367003424605489,5,2,0.4,0.15384615384615385,1.4153846153846155
nearest_only_50m,spatial,Buffalo,M1,sigmoid,46,13,0.2826086956521739,0.49393357794983594,0.6515151515151515,0.18850900421718303,0.08703300355121832,-0.01655160479176293,5,2,0.4,0.15384615384615385,1.4153846153846155
nearest_only_50m,spatial,Buffalo,M2,raw,46,13,0.2826086956521739,0.4666917206765404,0.712121212121212,0.19134059359588365,0.1423758294271386,-0.0333961442760799,5,1,0.2,0.07692307692307693,0.7076923076923077
nearest_only_50m,spatial,Buffalo,M2,sigmoid,46,13,0.2826086956521739,0.46604889262784,0.7144522144522145,0.1913552166030657,0.0937874411111293,0.007951560551705594,5,2,0.4,0.15384615384615385,1.4153846153846155
nearest_only_50m,spatial,Rochester,M0,raw,29,7,0.2413793103448276,0.22342833685198216,0.37337662337662336,0.2146427084800466,0.19414130811697966,0.03216356607301771,3,0,0.0,0.0,0.0
nearest_only_50m,spatial,Rochester,M0,sigmoid,29,7,0.2413793103448276,0.22817884949723166,0.38636363636363635,0.21218812617637872,0.19273403019413243,0.03474198785658286,3,0,0.0,0.0,0.0
nearest_only_50m,spatial,Rochester,M1,raw,29,7,0.2413793103448276,0.4147051083141309,0.5064935064935066,0.196465523524881,0.19869636105539187,-0.004105048880144985,3,2,0.6666666666666666,0.2857142857142857,2.7619047619047614
nearest_only_50m,spatial,Rochester,M1,sigmoid,29,7,0.2413793103448276,0.4161296097386323,0.512987012987013,0.19203104706651788,0.1888851161555612,0.015341218030687415,3,2,0.6666666666666666,0.2857142857142857,2.7619047619047614
nearest_only_50m,spatial,Rochester,M2,raw,29,7,0.2413793103448276,0.4721548017200191,0.5324675324675324,0.17027029480973035,0.1290484005264167,-0.04267641580824194,3,2,0.6666666666666666,0.2857142857142857,2.7619047619047614
nearest_only_50m,spatial,Rochester,M2,sigmoid,29,7,0.2413793103448276,0.46926603417286644,0.5324675324675324,0.17156435726405314,0.0751136988401413,0.014118250587890874,3,2,0.6666666666666666,0.2857142857142857,2.7619047619047614
nearest_only_50m,leave_city_out,ALL,M0,raw,1192,570,0.47818791946308725,0.37062130127901444,0.32514384836689797,0.3027283824864945,0.2253648561974763,-0.2178702522556668,120,21,0.175,0.03684210526315789,0.3659649122807017
nearest_only_50m,leave_city_out,ALL,M0,sigmoid,1192,570,0.47818791946308725,0.47794038076411144,0.4932320753652621,0.2949749437375527,0.2145922886944272,-0.20822990719747153,120,45,0.375,0.07894736842105263,0.7842105263157895
nearest_only_50m,leave_city_out,ALL,M1,raw,1192,570,0.47818791946308725,0.5543364474800714,0.5661956337789812,0.4774461226239733,0.4626857037981981,0.42728012500159973,120,77,0.6416666666666667,0.13508771929824562,1.3418713450292399
nearest_only_50m,leave_city_out,ALL,M1,sigmoid,1192,570,0.47818791946308725,0.521948485508491,0.5557666271788797,0.2519474295383111,0.05160012061327889,-0.0516001206132789,120,62,0.5166666666666667,0.10877192982456141,1.0804678362573101
nearest_only_50m,leave_city_out,ALL,M2,raw,1192,570,0.47818791946308725,0.5213450955805891,0.5277796581485868,0.2813487370677445,0.18671688153064692,-0.1560529495508179,120,67,0.5583333333333333,0.11754385964912281,1.1676023391812866
nearest_only_50m,leave_city_out,ALL,M2,sigmoid,1192,570,0.47818791946308725,0.5214940273726905,0.5253878264793818,0.28227682977050306,0.1818492437881611,-0.18184924378816114,120,66,0.55,0.11578947368421053,1.1501754385964913
nearest_only_50m,leave_city_out,New York City,M0,raw,1117,550,0.4923903312444047,0.3744682159648187,0.30959435626102294,0.3090506216447692,0.23590631414457192,-0.23590631414457192,112,20,0.17857142857142858,0.03636363636363636,0.36266233766233763
nearest_only_50m,leave_city_out,New York City,M0,sigmoid,1117,550,0.4923903312444047,0.4923903312444047,0.5,0.3008955560610195,0.22572873791254278,-0.22572873791254278,112,52,0.4642857142857143,0.09454545454545454,0.9429220779220779
nearest_only_50m,leave_city_out,New York City,M1,raw,1117,550,0.4923903312444047,0.5571645938893759,0.5462497995831329,0.49668879343040667,0.4918386356183,0.45836717602686183,112,72,0.6428571428571429,0.13090909090909092,1.3055844155844156
nearest_only_50m,leave_city_out,New York City,M1,sigmoid,1117,550,0.4923903312444047,0.5206013094391415,0.5318406285072952,0.25610448562401267,0.05315084430494611,-0.053150844304946154,112,59,0.5267857142857143,0.10727272727272727,1.0698538961038961
nearest_only_50m,leave_city_out,New York City,M2,raw,1117,550,0.4923903312444047,0.5258013002429562,0.5136956870290204,0.2872434698365303,0.19857657536690856,-0.16485431722983146,112,60,0.5357142857142857,0.10909090909090909,1.0879870129870128
nearest_only_50m,leave_city_out,New York City,M2,sigmoid,1117,550,0.4923903312444047,0.5258013002429562,0.5136956870290204,0.2882956440629578,0.19381737395547388,-0.19381737395547394,112,60,0.5357142857142857,0.10909090909090909,1.0879870129870128
nearest_only_50m,leave_city_out,Buffalo,M0,raw,46,13,0.2826086956521739,0.3105117972011011,0.5081585081585082,0.2057911922059463,0.08522394667746952,0.06185141337090272,5,2,0.4,0.15384615384615385,1.4153846153846155
nearest_only_50m,leave_city_out,Buffalo,M0,sigmoid,46,13,0.2826086956521739,0.3105117972011011,0.5081585081585082,0.2047644328005638,0.06204231700863032,0.06011247191207236,5,2,0.4,0.15384615384615385,1.4153846153846155
nearest_only_50m,leave_city_out,Buffalo,M1,raw,46,13,0.2826086956521739,0.4483446595508152,0.6410256410256411,0.1915132645033138,0.08186043765122546,-0.05287225924079331,5,2,0.4,0.15384615384615385,1.4153846153846155
nearest_only_50m,leave_city_out,Buffalo,M1,sigmoid,46,13,0.2826086956521739,0.4483446595508152,0.6410256410256411,0.1910598607639015,0.07273964707723221,-0.04721345796000506,5,2,0.4,0.15384615384615385,1.4153846153846155
nearest_only_50m,leave_city_out,Buffalo,M2,raw,46,13,0.2826086956521739,0.4461726118518923,0.6433566433566433,0.1965324743930674,0.060523558731960234,-0.0444258874201256,5,1,0.2,0.07692307692307693,0.7076923076923077
nearest_only_50m,leave_city_out,Buffalo,M2,sigmoid,46,13,0.2826086956521739,0.4461726118518923,0.6433566433566433,0.1948606440394439,0.07864178490379582,-0.014883145366025974,5,1,0.2,0.07692307692307693,0.7076923076923077
nearest_only_50m,leave_city_out,Rochester,M0,raw,29,7,0.2413793103448276,0.2220677926342951,0.37987012987012986,0.21297561052485237,0.20118272127107334,0.033132661919670264,3,0,0.0,0.0,0.0
nearest_only_50m,leave_city_out,Rochester,M0,sigmoid,29,7,0.2413793103448276,0.2220677926342951,0.37987012987012986,0.21002182435096664,0.20061099273436697,0.04013024692996167,3,0,0.0,0.0,0.0
nearest_only_50m,leave_city_out,Rochester,M1,raw,29,7,0.2413793103448276,0.4173519081985901,0.512987012987013,0.18982019789170115,0.19033525639804982,-0.008486299828317168,3,2,0.6666666666666666,0.2857142857142857,2.7619047619047614
nearest_only_50m,leave_city_out,Rochester,M1,sigmoid,29,7,0.2413793103448276,0.4173519081985901,0.512987012987013,0.18840937836225066,0.18527452524262247,0.0011713235778147424,3,2,0.6666666666666666,0.2857142857142857,2.7619047619047614
nearest_only_50m,leave_city_out,Rochester,M2,raw,29,7,0.2413793103448276,0.3926138898610646,0.4155844155844156,0.18883603294020482,0.14420455000523863,0.0058878380162962485,3,2,0.6666666666666666,0.2857142857142857,2.7619047619047614
nearest_only_50m,leave_city_out,Rochester,M2,sigmoid,29,7,0.2413793103448276,0.3926138898610646,0.4155844155844156,0.1891088635276325,0.14595124151172312,0.014287337917706061,3,2,0.6666666666666666,0.2857142857142857,2.7619047619047614
report_cutoff_background,spatial,ALL,M0,raw,1192,650,0.5453020134228188,0.7147828983398017,0.7185254044848141,0.21249111893920453,0.052412082254598945,0.024113874608532093,120,93,0.775,0.14307692307692307,1.4212307692307693
report_cutoff_background,spatial,ALL,M0,sigmoid,1192,650,0.5453020134228188,0.7085487594730286,0.7129279023559466,0.2151821827084666,0.05172598955660179,0.018650020376514864,120,93,0.775,0.14307692307692307,1.4212307692307693
report_cutoff_background,spatial,ALL,M1,raw,1192,650,0.5453020134228188,0.7415421325882104,0.7328498438830542,0.2073467901241733,0.048678237370559305,0.019156601005691498,120,91,0.7583333333333333,0.14,1.3906666666666665
report_cutoff_background,spatial,ALL,M1,sigmoid,1192,650,0.5453020134228188,0.7386250759289992,0.7308969628157821,0.20725911561225233,0.03968267889373328,0.002075027789199546,120,91,0.7583333333333333,0.14,1.3906666666666665
report_cutoff_background,spatial,ALL,M2,raw,1192,650,0.5453020134228188,0.7346985761611937,0.7228242974737439,0.2104326817196217,0.02436484681479882,0.001451459256994636,120,98,0.8166666666666667,0.15076923076923077,1.4976410256410255
report_cutoff_background,spatial,ALL,M2,sigmoid,1192,650,0.5453020134228188,0.7350065083232882,0.7213795061027533,0.2115264401529604,0.03468702901029747,-0.00034743089903921387,120,101,0.8416666666666667,0.15538461538461537,1.5434871794871794
report_cutoff_background,spatial,New York City,M0,raw,1117,629,0.5631154879140555,0.7210368568421364,0.7133835257629858,0.21170845993752563,0.05524428331811026,0.02011779989587592,112,85,0.7589285714285714,0.13513513513513514,1.34773166023166
report_cutoff_background,spatial,New York City,M0,sigmoid,1117,629,0.5631154879140555,0.7148454077353195,0.7074672913028747,0.21463860170465068,0.05701292938799253,0.01374373575940202,112,85,0.7589285714285714,0.13513513513513514,1.34773166023166
report_cutoff_background,spatial,New York City,M1,raw,1117,629,0.5631154879140555,0.7468756511560304,0.7255092001355261,0.20749560583206936,0.04843970031796612,0.022451732774055988,112,87,0.7767857142857143,0.1383147853736089,1.3794429934135817
report_cutoff_background,spatial,New York City,M1,sigmoid,1117,629,0.5631154879140555,0.743827036209141,0.7231049154265161,0.20775496799901105,0.03701168310805076,0.0029616842250215214,112,84,0.75,0.13354531001589826,1.3318759936406994
report_cutoff_background,spatial,New York City,M2,raw,1117,629,0.5631154879140555,0.739611250463804,0.7142126456253747,0.21164010337878075,0.029313889704811462,0.0030723269845399637,112,92,0.8214285714285714,0.14626391096979333,1.4587213263683851
report_cutoff_background,spatial,New York City,M2,sigmoid,1117,629,0.5631154879140555,0.740160383111507,0.7130463394928197,0.21267524340822977,0.03601410386011658,-0.0012353436826272324,112,96,0.8571428571428571,0.15262321144674085,1.522143992732228
report_cutoff_background,spatial,Buffalo,M0,raw,46,14,0.30434782608695654,0.3510377615958664,0.5401785714285714,0.22249406269070862,0.17844962529329167,0.10039279500648934,5,2,0.4,0.14285714285714285,1.3142857142857143
report_cutoff_background,spatial,Buffalo,M0,sigmoid,46,14,0.30434782608695654,0.355628412372197,0.546875,0.22304841573068934,0.186469368385552,0.10943547192284281,5,2,0.4,0.14285714285714285,1.3142857142857143
report_cutoff_background,spatial,Buffalo,M1,raw,46,14,0.30434782608695654,0.4151849017976623,0.6037946428571428,0.20999596362258413,0.1373783695431645,-0.04707766677458097,5,1,0.2,0.07142857142857142,0.6571428571428571
report_cutoff_background,spatial,Buffalo,M1,sigmoid,46,14,0.30434782608695654,0.41137086770388476,0.6060267857142857,0.20707095075244436,0.128739612518121,-0.024816234022371597,5,1,0.2,0.07142857142857142,0.6571428571428571
report_cutoff_background,spatial,Buffalo,M2,raw,46,14,0.30434782608695654,0.416142389356675,0.6004464285714286,0.21303442714431362,0.12421384243213611,-0.03652488877591881,5,2,0.4,0.14285714285714285,1.3142857142857143
report_cutoff_background,spatial,Buffalo,M2,sigmoid,46,14,0.30434782608695654,0.38739616447752123,0.5491071428571429,0.21309326539951032,0.06851789193308871,-0.002926511932974274,5,2,0.4,0.14285714285714285,1.3142857142857143
report_cutoff_background,spatial,Rochester,M0,raw,29,7,0.2413793103448276,0.22068108410472942,0.36688311688311687,0.22677024626010617,0.2240476154763597,0.05703749928890764,3,0,0.0,0.0,0.0
report_cutoff_background,spatial,Rochester,M0,sigmoid,29,7,0.2413793103448276,0.22099436731274946,0.37337662337662336,0.22364195037191917,0.22475006746206022,0.06362205990010292,3,0,0.0,0.0,0.0
report_cutoff_background,spatial,Rochester,M1,raw,29,7,0.2413793103448276,0.4617123617123617,0.512987012987013,0.19741268230876702,0.19712045717242382,-0.002701532351916558,3,2,0.6666666666666666,0.2857142857142857,2.7619047619047614
report_cutoff_background,spatial,Rochester,M1,sigmoid,29,7,0.2413793103448276,0.46313686313686314,0.5194805194805194,0.18845871794127592,0.18528951036052052,0.010578572772624556,3,2,0.6666666666666666,0.2857142857142857,2.7619047619047614
report_cutoff_background,spatial,Rochester,M2,raw,29,7,0.2413793103448276,0.5051279207335109,0.6298701298701299,0.15979922369146787,0.03423797210742688,-0.000741549093147803,3,2,0.6666666666666666,0.2857142857142857,2.7619047619047614
report_cutoff_background,spatial,Rochester,M2,sigmoid,29,7,0.2413793103448276,0.5198691215616682,0.6168831168831169,0.16479239886064323,0.06796544584734687,0.037943476232989076,3,2,0.6666666666666666,0.2857142857142857,2.7619047619047614
report_cutoff_background,leave_city_out,ALL,M0,raw,1192,650,0.5453020134228188,0.645071172662551,0.6864447913709905,0.3180637033669663,0.2694919273752405,-0.2587278556069106,120,72,0.6,0.11076923076923077,1.1003076923076922
report_cutoff_background,leave_city_out,ALL,M0,sigmoid,1192,650,0.5453020134228188,0.5426654033046769,0.48360488220266834,0.3194197341495766,0.2700010169827215,-0.2598624279141301,120,49,0.4083333333333333,0.07538461538461538,0.7488205128205128
report_cutoff_background,leave_city_out,ALL,M1,raw,1192,650,0.5453020134228188,0.6330719286043011,0.5812886744252058,0.42113359436985764,0.4091309694847432,0.3596509674693664,120,87,0.725,0.13384615384615384,1.3295384615384616
report_cutoff_background,leave_city_out,ALL,M1,sigmoid,1192,650,0.5453020134228188,0.5947949883180135,0.5666520011353959,0.264365356501656,0.1365514044173143,-0.13624306982498585,120,76,0.6333333333333333,0.11692307692307692,1.1614358974358974
report_cutoff_background,leave_city_out,ALL,M2,raw,1192,650,0.5453020134228188,0.590277726896051,0.5262219699120068,0.3042774281703319,0.2361490256871853,-0.22439790886495536,120,77,0.6416666666666667,0.11846153846153847,1.1767179487179489
report_cutoff_background,leave_city_out,ALL,M2,sigmoid,1192,650,0.5453020134228188,0.5877816601754098,0.521305705364746,0.30580444058155004,0.24349759728491502,-0.2434975972849151,120,78,0.65,0.12,1.192
report_cutoff_background,leave_city_out,New York City,M0,raw,1117,629,0.5631154879140555,0.7324966468646555,0.7214043238030702,0.32454544600420365,0.28138719924001077,-0.28138719924001077,112,89,0.7946428571428571,0.14149443561208266,1.4111543265955029
report_cutoff_background,leave_city_out,New York City,M0,sigmoid,1117,629,0.5631154879140555,0.5631154879140555,0.5,0.3261688834226112,0.28311207716598824,-0.28311207716598824,112,59,0.5267857142857143,0.09379968203497616,0.9354843288666818
report_cutoff_background,leave_city_out,New York City,M1,raw,1117,629,0.5631154879140555,0.6363048759951166,0.5571701764445255,0.43576087107327494,0.4319559582234286,0.3868003519410915,112,82,0.7321428571428571,0.13036565977742448,1.300164660458778
report_cutoff_background,leave_city_out,New York City,M1,sigmoid,1117,629,0.5631154879140555,0.594895952635537,0.5398075269097448,0.26860369647098975,0.1436070917789442,-0.1436070917789442,112,68,0.6071428571428571,0.10810810810810811,1.078185328185328
report_cutoff_background,leave_city_out,New York City,M2,raw,1117,629,0.5631154879140555,0.5990267006813664,0.5164814042586463,0.31136288358885744,0.25230119138582535,-0.23887688579869892,112,73,0.6517857142857143,0.11605723370429252,1.1574636611401317
report_cutoff_background,leave_city_out,New York City,M2,sigmoid,1117,629,0.5631154879140555,0.5990267006813664,0.5164814042586463,0.31301327459965017,0.26098723748270275,-0.26098723748270275,112,73,0.6517857142857143,0.11605723370429252,1.1574636611401317
report_cutoff_background,leave_city_out,Buffalo,M0,raw,46,14,0.30434782608695654,0.33065267991232095,0.5122767857142857,0.21864042853458285,0.14694359568679477,0.08776098233455965,5,2,0.4,0.14285714285714285,1.3142857142857143
report_cutoff_background,leave_city_out,Buffalo,M0,sigmoid,46,14,0.30434782608695654,0.33065267991232095,0.5122767857142857,0.21712593947532463,0.162534792830237,0.089785947978202,5,2,0.4,0.14285714285714285,1.3142857142857143
report_cutoff_background,leave_city_out,Buffalo,M1,raw,46,14,0.30434782608695654,0.40145335571299057,0.6060267857142857,0.21207219756084222,0.14223006871920674,-0.07083790482299501,5,1,0.2,0.07142857142857142,0.6571428571428571
report_cutoff_background,leave_city_out,Buffalo,M1,sigmoid,46,14,0.30434782608695654,0.40145335571299057,0.6060267857142857,0.2094699245704408,0.11962617250213305,-0.05938288252526397,5,1,0.2,0.07142857142857142,0.6571428571428571
report_cutoff_background,leave_city_out,Buffalo,M2,raw,46,14,0.30434782608695654,0.42930918212464464,0.5825892857142857,0.20757954385733288,0.07317407834141153,-0.026649108561484725,5,1,0.2,0.07142857142857142,0.6571428571428571
report_cutoff_background,leave_city_out,Buffalo,M2,sigmoid,46,14,0.30434782608695654,0.42930918212464464,0.5825892857142857,0.2067771365106757,0.08766698918264844,0.004610982116149798,5,1,0.2,0.07142857142857142,0.6571428571428571
report_cutoff_background,leave_city_out,Rochester,M0,raw,29,7,0.2413793103448276,0.21932053988704237,0.3733766233766234,0.22611074186681118,0.22428447340919852,0.06444456828499504,3,0,0.0,0.0,0.0
report_cutoff_background,leave_city_out,Rochester,M0,sigmoid,29,7,0.2413793103448276,0.21932053988704237,0.3733766233766234,0.22172024508184934,0.17063939389934257,0.08103525909546469,3,0,0.0,0.0,0.0
report_cutoff_background,leave_city_out,Rochester,M1,raw,29,7,0.2413793103448276,0.4617233560090703,0.5064935064935064,0.1893458762835667,0.18186937975033207,-0.003224009408852424,3,2,0.6666666666666666,0.2857142857142857,2.7619047619047614
report_cutoff_background,leave_city_out,Rochester,M1,sigmoid,29,7,0.2413793103448276,0.4617233560090703,0.5064935064935064,0.18819170557372947,0.16743985771065883,0.025482582133091486,3,2,0.6666666666666666,0.2857142857142857,2.7619047619047614
report_cutoff_background,leave_city_out,Rochester,M2,raw,29,7,0.2413793103448276,0.4169157845319764,0.49350649350649345,0.1847480825118789,0.17498075628075108,0.019621829791315687,3,2,0.6666666666666666,0.2857142857142857,2.7619047619047614
report_cutoff_background,leave_city_out,Rochester,M2,sigmoid,29,7,0.2413793103448276,0.4169157845319764,0.49350649350649345,0.18521783330714683,0.1933027079393124,0.0366035561109411,3,2,0.6666666666666666,0.2857142857142857,2.7619047619047614
exclude_buffalo,spatial,ALL,M0,raw,1146,636,0.5549738219895288,0.7183856930116242,0.7164123196448391,0.21217111910811884,0.05430721694771969,0.025153472046486547,115,88,0.7652173913043478,0.13836477987421383,1.3788351107465135
exclude_buffalo,spatial,ALL,M0,sigmoid,1146,636,0.5549738219895288,0.7123459536207376,0.710921506967567,0.21494902163603585,0.05427138033336599,0.01898219881405727,115,88,0.7652173913043478,0.13836477987421383,1.3788351107465135
exclude_buffalo,spatial,ALL,M1,raw,1146,636,0.5549738219895288,0.7428169097028046,0.7287936243679862,0.20819313247313942,0.04621228269062806,0.03025492804665264,115,88,0.7652173913043478,0.13836477987421383,1.3788351107465135
exclude_buffalo,spatial,ALL,M1,sigmoid,1146,636,0.5549738219895288,0.7401193586321265,0.7268359230484647,0.20772426421165785,0.031945387307039524,0.0021454108535537975,115,87,0.7565217391304347,0.13679245283018868,1.3631665299425757
exclude_buffalo,spatial,ALL,M2,raw,1146,636,0.5549738219895288,0.7253300343377245,0.7102386237513874,0.21465911193308937,0.04228613894907383,-0.005570846455363543,115,91,0.7913043478260869,0.1430817610062893,1.4258408531583264
exclude_buffalo,spatial,ALL,M2,sigmoid,1146,636,0.5549738219895288,0.7293826048489386,0.7073529411764706,0.21450095894697488,0.03924503493371433,-0.013922803012904494,115,93,0.808695652173913,0.14622641509433962,1.4571780147662017
exclude_buffalo,spatial,New York City,M0,raw,1117,629,0.5631154879140555,0.7207653940983956,0.7132287784409289,0.21176209946213093,0.05402227193693284,0.024165622671306064,112,85,0.7589285714285714,0.13513513513513514,1.34773166023166
exclude_buffalo,spatial,New York City,M0,sigmoid,1117,629,0.5631154879140555,0.7146564185164315,0.707426568323386,0.21468902330564585,0.05620467651199576,0.01765111758893545,112,85,0.7589285714285714,0.13513513513513514,1.34773166023166
exclude_buffalo,spatial,New York City,M1,raw,1117,629,0.5631154879140555,0.7446149691465959,0.7242516745289166,0.2082792017386903,0.04437424639538964,0.03131991068214801,112,86,0.7678571428571429,0.13672496025437203,1.363587326822621
exclude_buffalo,spatial,New York City,M1,sigmoid,1117,629,0.5631154879140555,0.7418114658902623,0.721896257395293,0.20809045752404212,0.031221382147155564,0.002085511773718851,112,85,0.7589285714285714,0.13513513513513514,1.34773166023166
exclude_buffalo,spatial,New York City,M2,raw,1117,629,0.5631154879140555,0.7264002976152273,0.7035073887773985,0.2162129856071199,0.0431655738552767,-0.004416664296906236,112,88,0.7857142857142857,0.13990461049284578,1.3952986600045423
exclude_buffalo,spatial,New York City,M2,sigmoid,1117,629,0.5631154879140555,0.7304562003829529,0.7002625817717427,0.21602384887855633,0.04015752152875796,-0.014669400192096838,112,91,0.8125,0.14467408585055644,1.4428656597774245
exclude_buffalo,spatial,Rochester,M0,raw,29,7,0.2413793103448276,0.22667509009873543,0.37987012987012986,0.22792542754151504,0.22916568089549183,0.06320270487671895,3,0,0.0,0.0,0.0
exclude_buffalo,spatial,Rochester,M0,sigmoid,29,7,0.2413793103448276,0.226096408129076,0.38636363636363635,0.22496344008588606,0.23015263915885448,0.07025177565754029,3,0,0.0,0.0,0.0
exclude_buffalo,spatial,Rochester,M1,raw,29,7,0.2413793103448276,0.461005291005291,0.5064935064935066,0.20487798179657427,0.2844253673547431,-0.01076526518949908,3,2,0.6666666666666666,0.2857142857142857,2.7619047619047614
exclude_buffalo,spatial,Rochester,M1,sigmoid,29,7,0.2413793103448276,0.46242979242979243,0.512987012987013,0.19361950800706343,0.1861285573323677,0.004452558169952575,3,2,0.6666666666666666,0.2857142857142857,2.7619047619047614
exclude_buffalo,spatial,Rochester,M2,raw,29,7,0.2413793103448276,0.5845887445887445,0.7662337662337663,0.15480818455750017,0.05002675924835533,-0.05002675924835534,3,2,0.6666666666666666,0.2857142857142857,2.7619047619047614
exclude_buffalo,spatial,Rochester,M2,sigmoid,29,7,0.2413793103448276,0.656993581131512,0.7662337662337662,0.15584343985813126,0.037488713346678644,0.01483406075115859,3,2,0.6666666666666666,0.2857142857142857,2.7619047619047614
exclude_buffalo,leave_city_out,ALL,M0,raw,1146,636,0.5549738219895288,0.4179788116693396,0.2732272783327167,0.46210272042047756,0.44611998025987676,-0.41864907932803147,115,20,0.17391304347826086,0.031446540880503145,0.313371616078753
exclude_buffalo,leave_city_out,ALL,M0,sigmoid,1146,636,0.5549738219895288,0.41808394350282746,0.2735078308052781,0.41189891055829014,0.4001434626838812,-0.36427335990123666,115,20,0.17391304347826086,0.031446540880503145,0.313371616078753
exclude_buffalo,leave_city_out,ALL,M1,raw,1146,636,0.5549738219895288,0.6734190626250394,0.6350181896658034,0.36200083817118905,0.34906097103341416,0.32289059338755,115,82,0.7130434782608696,0.1289308176100629,1.2848236259228876
exclude_buffalo,leave_city_out,ALL,M1,sigmoid,1146,636,0.5549738219895288,0.6641176174560803,0.6342551486003206,0.4209069610653098,0.4181465656089217,0.3958666075062358,115,82,0.7130434782608696,0.1289308176100629,1.2848236259228876
exclude_buffalo,leave_city_out,ALL,M2,raw,1146,636,0.5549738219895288,0.5602063068629284,0.501165371809101,0.3452478335371629,0.3160921369482605,-0.31355506893617946,115,55,0.4782608695652174,0.08647798742138364,0.8617719442165709
exclude_buffalo,leave_city_out,ALL,M2,sigmoid,1146,636,0.5549738219895288,0.5587416917558263,0.4953477617462079,0.33441390754287587,0.2994079770582093,-0.29517083473334554,115,53,0.4608695652173913,0.08333333333333333,0.8304347826086956
exclude_buffalo,leave_city_out,New York City,M0,raw,1117,629,0.5631154879140555,0.4274888153301473,0.2785174880763116,0.46821309712660275,0.4536698585352501,-0.4313442461230059,112,21,0.1875,0.033386327503974564,0.33296899841017485
exclude_buffalo,leave_city_out,New York City,M0,sigmoid,1117,629,0.5631154879140555,0.4274888153301473,0.2785174880763116,0.41681401826036946,0.40580901909752465,-0.3760228561568664,112,21,0.1875,0.033386327503974564,0.33296899841017485
exclude_buffalo,leave_city_out,New York City,M1,raw,1117,629,0.5631154879140555,0.674716632089156,0.6258226041856707,0.36673619203907776,0.3554267235517108,0.33272389216585474,112,80,0.7142857142857143,0.1271860095389507,1.2684533272768568
exclude_buffalo,leave_city_out,New York City,M1,sigmoid,1117,629,0.5631154879140555,0.6653993325826811,0.6253648778962182,0.42719874488027587,0.42899100363489,0.40625886176282144,112,80,0.7142857142857143,0.1271860095389507,1.2684533272768568
exclude_buffalo,leave_city_out,New York City,M2,raw,1117,629,0.5631154879140555,0.5631154879140555,0.5,0.34953059652948004,0.32173616729256505,-0.32173616729256505,112,59,0.5267857142857143,0.09379968203497616,0.9354843288666818
exclude_buffalo,leave_city_out,New York City,M2,sigmoid,1117,629,0.5631154879140555,0.5631154879140555,0.5,0.33834535412300637,0.30385674081322545,-0.30385674081322545,112,59,0.5267857142857143,0.09379968203497616,0.9354843288666818
exclude_buffalo,leave_city_out,Rochester,M0,raw,29,7,0.2413793103448276,0.2220677926342951,0.37987012987012986,0.22674786591213564,0.2286373889744985,0.07033372446460481,3,0,0.0,0.0,0.0
exclude_buffalo,leave_city_out,Rochester,M0,sigmoid,29,7,0.2413793103448276,0.2220677926342951,0.37987012987012986,0.222582520791991,0.18192185875147737,0.08828482346215985,3,0,0.0,0.0,0.0
exclude_buffalo,leave_city_out,Rochester,M1,raw,29,7,0.2413793103448276,0.46405762304921966,0.512987012987013,0.17960807022526956,0.22530068113834978,-0.055860949211292865,3,2,0.6666666666666666,0.2857142857142857,2.7619047619047614
exclude_buffalo,leave_city_out,Rochester,M1,sigmoid,29,7,0.2413793103448276,0.46405762304921966,0.512987012987013,0.17856480515782142,0.08887911589292193,-0.004414358169831212,3,2,0.6666666666666666,0.2857142857142857,2.7619047619047614
exclude_buffalo,leave_city_out,Rochester,M2,raw,29,7,0.2413793103448276,0.45622587593030944,0.4545454545454545,0.1802876175917032,0.2178363242539866,0.0015582712046031122,3,2,0.6666666666666666,0.2857142857142857,2.7619047619047614
exclude_buffalo,leave_city_out,Rochester,M2,sigmoid,29,7,0.2413793103448276,0.45622587593030944,0.4545454545454545,0.18298543064612424,0.12805386966672438,0.03938630634340748,3,2,0.6666666666666666,0.2857142857142857,2.7619047619047614
