site_id,log1p_transit_centroid_distance,log1p_transit_job_accessibility,log1p_background_report_date_cutoff
dfs_887cfaf39f0edbc6,4.801558999993482,14.760890855792253,3.912023005428146
dfs_99c928a1f341d15e,4.95455864787585,15.41006871386541,5.003946305945459
dfs_351f04b6ac3a60af,0.0,13.799783534101916,2.639057329615259
dfs_f5d8a3140106f796,5.883545204888487,13.009671609222544,3.091042453358316
dfs_2b8103d04a58419f,4.779291546216706,14.705086403830853,4.48863636973214
dfs_48295340da20d958,0.0,15.664634123581875,4.304065093204169
dfs_753e448f3375dbf8,5.64417400305089,14.51255214546788,3.8066624897703196
dfs_b9bc0f0ba8d05423,5.367096881942863,13.913089072242537,2.3978952727983707
dfs_074610a926460e25,0.0,14.90810443896136,4.454347296253507
dfs_d2e64e706db36600,5.315715143724457,15.13037738979313,5.135798437050262
dfs_8b0f9b46b2ada6eb,4.991656327498453,14.862849552044835,4.663439094112067
dfs_d80ac125ec5ac77f,5.027492411162679,13.146441166883358,2.772588722239781
dfs_b79d2ef68fdd3cb3,4.277776613300082,15.198496702966585,4.990432586778736
dfs_d5f43f3ba5c010a3,5.726130878319963,14.164888443008621,2.833213344056216
dfs_a01410f8346f8232,4.973279507552487,13.828604457475432,3.5553480614894135
dfs_f713586d38b300cb,0.0,13.8999105281974,2.5649493574615367
dfs_900edd74b0f37fd1,5.302458779048587,13.444694671956587,3.295836866004329
dfs_dc8081ace0ff09d3,6.032486521630903,14.101336659166444,2.833213344056216
dfs_4b7380df88c0194b,4.2961963780686885,13.530072632197271,3.4011973816621555
dfs_bf482492b1085acb,4.991656327498453,15.241282330056972,4.248495242049359
dfs_b19bfa0a80b38b5d,0.0,15.354911125067046,4.7535901911063645
dfs_ba8d10f9a1e3e618,4.756516938482616,14.327460749167207,3.6888794541139363
dfs_9da6a4c9ccdee9f5,5.930944607312194,13.466956833186535,3.1780538303479458
dfs_0a80b2868057fc15,5.580484258311707,14.757996382895614,2.5649493574615367
dfs_8c3876569c7c0ce6,0.0,14.338505632672513,3.258096538021482
dfs_3ee01d22734e7ae2,5.485045865160197,14.542903114418912,4.465908118654584
dfs_36a8fc34a980331b,5.554895693948484,15.375415100119689,4.553876891600541
dfs_b7441961ef66c44f,4.416548827045609,15.574513681586748,4.68213122712422
dfs_04584da2c9ac5a8f,5.485045865160197,14.960943771534996,2.3978952727983707
dfs_103f2af167945642,5.620147210360944,13.755343269055201,1.6094379124341003
dfs_fe709364d770269f,5.809942670484592,14.123170977566714,2.3978952727983707
dfs_ca686707e7ffa1c4,0.0,14.76194710422065,4.304065093204169
dfs_5392085d2fd1be62,5.456815724368715,14.295932230450862,3.58351893845611
dfs_e243a36ebb3781c1,4.159351723530711,14.923092829114283,4.962844630259907
dfs_0a763d1d9cc54cb7,0.0,14.419358109117168,5.529429087511423
dfs_84d3e338cf3c93f0,5.127766265352998,14.928808811336658,5.049856007249537
dfs_f239d2357141dc6d,4.697111059686448,15.391881535850143,4.304065093204169
dfs_64b8f71facc815d7,5.456815724368715,12.680223911426785,2.8903717578961645
dfs_2c22a1372d3ad6a5,4.963962885897825,14.237976332323877,3.5553480614894135
dfs_470c77758ed9aa39,5.053503194323431,14.961860393502496,4.248495242049359
dfs_0907374a4d0095eb,0.0,14.798043234326304,4.04305126783455
dfs_237854274a67e491,5.462559809942086,14.860668974262246,4.653960350157523
dfs_af04b3a730d03d08,,,4.653960350157523
dfs_57776d4743da69cd,5.726130878319963,15.294341711147034,5.181783550292085
dfs_d5faa618283e7cf5,5.4395130632148145,15.0960537715841,4.143134726391533
dfs_c25e6e3dc5f5288a,5.549659572220925,13.095004513522897,3.58351893845611
dfs_47a5131f02935210,5.445313945282377,13.882142511342709,2.639057329615259
dfs_2d1175df8f71294c,5.433678334478489,13.99744203868845,3.2188758248682006
dfs_983a46f3bd84712d,4.945065129886807,14.064001336830014,4.787491742782046
dfs_235b1f307929d9bd,0.0,15.115623470336072,5.1298987149230735
dfs_b8ae1a380f9675d0,4.9159582471543475,14.432674778910375,2.1972245773362196
dfs_aa6476c805b1d564,0.0,14.635483762830233,4.634728988229636
dfs_865b2f7282670643,6.741995810487161,12.366242317682572,2.833213344056216
dfs_d355539b9f0e1bbc,3.975936331171799,15.676875999583395,5.726847747587197
dfs_639680c2afc1011c,4.9159582471543475,14.437951435666058,2.3978952727983707
dfs_8ba9c766e9dd1b81,5.302458779048587,14.735915614385588,4.110873864173311
dfs_0c28316449d83790,5.397891171444129,15.050416171607864,4.875197323201151
dfs_e6745c7aa51020e2,0.0,15.056350731577687,4.532599493153256
dfs_d43a49c2dbc293a4,5.078854533073399,14.799400871147252,4.143134726391533
dfs_8dc989492fdda649,5.240476366858187,14.075804218672157,2.4849066497880004
dfs_cb441654b0d43346,5.6995401553980685,13.556936700818095,2.70805020110221
dfs_af4b09123e7edb8c,4.138201945285877,14.714467931387079,4.499809670330265
dfs_975d266f13e49229,4.844738115716443,13.86760573076138,2.833213344056216
dfs_ca7d124978d2e190,0.0,15.248039200719168,4.382026634673881
dfs_6acb3227d4e8542e,5.070475294452272,15.625277907638562,4.804021044733257
dfs_c70abc1dd7955cb3,5.523259299803626,15.470974245734832,5.081404364984463
dfs_0a555f7ea62c5ff6,0.0,14.645690307371963,5.247024072160486
dfs_ab82c47f632be81a,4.779291546216706,14.699327270477609,4.948759890378168
dfs_cf219ebb189c50d0,4.982510130370407,14.710739029537596,4.983606621708336
dfs_27765d6f8b36e445,5.119788607992779,14.323882975077975,4.962844630259907
dfs_107a4d82bc2a8281,0.0,14.165154945357253,2.995732273553991
dfs_8cbde93b58c25164,4.855228269843183,14.74741003706158,4.219507705176107
dfs_088802ae88228a36,5.708471464142333,13.073798987745914,2.1972245773362196
dfs_2b93d09b39942a6f,5.554895693948484,13.31312257035039,3.332204510175204
dfs_c4a700d88616e12a,0.0,15.05646117741178,4.90527477843843
dfs_3b14b11e5e9940d2,5.27535575491069,15.702742163577948,4.736198448394496
dfs_88a84cd2fe9ca72f,5.983003856190115,13.594453578244686,2.639057329615259
dfs_69fb52600b67bc28,,,4.6443908991413725
dfs_26b3052d25d15d4b,4.9159582471543475,14.371462499346375,3.6888794541139363
dfs_60cad2288987ad81,0.0,13.334534956167168,1.6094379124341003
dfs_4a15a422dcf93f38,5.615279076064797,14.421475437837058,4.219507705176107
dfs_7eee513ab830498a,0.0,14.90810443896136,4.418840607796598
dfs_b1e43278dc6a4cac,4.906089261471868,15.410581761689148,4.304065093204169
dfs_1c3ff9ca0db21f53,5.610387127056648,12.72220814691104,2.1972245773362196
dfs_c33446ea3d9e5fcd,0.0,15.24832178698683,4.356708826689592
dfs_b40576f4e676a8db,4.834057211929367,13.088864503263855,3.295836866004329
dfs_22a51c8bbf1e0bb4,5.560066056973313,14.736332209700734,4.418840607796598
dfs_84feaf0ed772ff26,4.779291546216706,14.705086403830853,4.477336814478207
dfs_67abc792d755382f,0.0,15.09468480067748,4.248495242049359
dfs_4c1665643ad8e740,5.549659572220925,14.51767198782537,4.564348191467836
dfs_b28a5baefcb4e2a5,5.053503194323431,15.168246067300856,4.276666119016055
dfs_f17043b11a9d32f1,5.979619672740059,11.401792766717712,1.0986122886681096
dfs_82a365b40d8cb621,5.4682289032653095,15.131241350412264,5.153291594497779
dfs_1d64d5c69dcb6401,5.3352759075335685,14.769254672952831,4.0943445622221
dfs_1d3e4b235e31aea6,5.196893536410073,14.734312933020313,4.465908118654584
dfs_2eadff8dfbab0e72,0.0,14.734727404585977,4.174387269895637
dfs_1fd823cd10ad655b,5.391807709635375,15.498709953960429,4.7535901911063645
dfs_52ea8d4edc2fcec2,5.615279076064797,14.421475437837058,4.2626798770413155
dfs_b74e3f448cfe27b9,6.299224944142071,14.267121066093118,2.772588722239781
dfs_872c177b9976b606,5.0362380614757605,14.757369226537923,4.219507705176107
dfs_9eb12eaed2a8bc0b,4.494350350882848,14.477558119834455,3.295836866004329
dfs_e5e1aa6b27c942d6,5.962499068814967,14.173674392954425,5.25227342804663
dfs_90aaa5d7d92325df,5.295764109760319,14.848119430838144,3.4657359027997265
dfs_bff7b35228f999b4,5.433678334478489,15.459932336160803,5.420534999272286
dfs_b6636d81f9dc0733,0.0,15.476395292999866,5.805134968916488
dfs_9120eae87b180155,5.533903190752134,13.659374742391563,3.091042453358316
dfs_a24bd1498f46be17,5.027492411162679,13.146441166883358,2.772588722239781
dfs_dee660f19cd32c99,5.00071962930888,14.806255116463312,4.634728988229636
dfs_96498dc670fc685e,,,4.6913478822291435
dfs_69a6d6e7644dce07,5.570327269605522,14.430861048330653,5.484796933490655
dfs_cfafe4e0ef3dfe04,5.427809361780791,13.40154240118465,3.332204510175204
dfs_33ecd20869d21580,,,3.6375861597263857
dfs_cc6a9a6cb0f29634,0.0,14.94582175204065,4.204692619390966
dfs_94e1e4b3f9c36efb,5.14353315274717,15.078477856169767,4.844187086458591
dfs_a31e4beba5c32cdf,5.730489317484765,14.966953408818084,4.0943445622221
dfs_16af1602876554ad,4.906089261471868,14.531843851059353,4.663439094112067
dfs_00794f902290c13b,4.697111059686448,15.391881535850143,4.343805421853684
dfs_e147ef8f6341374a,0.0,14.419358109117168,5.236441962829949
dfs_9dcc022ee0658d0b,4.672361435528415,14.733248242497341,4.343805421853684
dfs_9ebd27eccf09abfe,0.0,14.71432099583759,3.7376696182833684
dfs_54038e2a95d35b31,,,2.70805020110221
dfs_264f9ce91410f4b4,4.721262904974945,15.304234468654256,4.90527477843843
dfs_f12b335fdf08fc26,5.078854533073399,13.383303551413105,2.0794415416798357
dfs_ad6afc553f47b575,3.9504741918023987,14.114600561819554,3.258096538021482
dfs_53e32c26b06385bd,5.473866039054562,15.307651666512163,4.836281906951478
dfs_2b24da7489c0b2da,5.549659572220925,14.56897925558552,3.4339872044851463
dfs_1d576857ac259b4f,5.32227800399288,14.438080219288823,2.1972245773362196
dfs_9c231b4ccf4ebe10,4.8860542039388735,13.178236966209973,2.0794415416798357
dfs_fbb0a0860b3a9d6e,5.726130878319963,15.294059754254938,6.023447592961033
dfs_ae4187b0641e117b,5.456815724368715,13.525100768673179,1.9459101490553132
dfs_e5e4b9a95991c4e3,0.0,13.28371492577783,3.4011973816621555
dfs_8619bf4d98edc4d7,5.857047047721082,14.27220032477128,3.258096538021482
dfs_5e23f7e21c58ba03,6.274272259143502,14.2907094185948,2.0794415416798357
dfs_5cd02b7574360ad0,5.473866039054562,14.512857905460622,4.543294782270004
dfs_50c956fa7e3011c1,4.865609522045998,15.195686489610315,4.31748811353631
dfs_7f7139b01fa31035,5.415967059981408,13.46247896894034,3.4657359027997265
dfs_7943b4b13b12a816,5.805917794958333,14.432059591534045,2.639057329615259
dfs_9b7403cbec3dd1f2,0.0,15.711738595183077,5.739792912179234
dfs_9c3c4cbd63d0902f,5.166783976586187,14.54631280361303,4.1588830833596715
dfs_e9c2013345f78dc7,5.119788607992779,15.414603949862661,5.3471075307174685
dfs_5180e1d4fdfc802a,4.6340491455384685,15.48690058717394,4.962844630259907
dfs_f78bc9395edf8b52,0.0,15.629652982707178,3.970291913552122
dfs_2e339efd4f298b86,5.391807709635375,15.498709953960429,4.955827057601261
dfs_6177ad46c11e9a22,4.767969076293182,13.885205449644044,3.5263605246161616
dfs_c408f4d1703853c8,5.523259299803626,14.49292055609682,4.143134726391533
dfs_b86c856e744a460b,4.6848128136402885,15.13195042650835,4.762173934797756
dfs_6c3b582e7fcb7613,5.433678334478489,15.459932336160803,5.869296913133774
dfs_5fbd4ab8b0f174d0,0.0,15.58519907920085,5.153291594497779
dfs_538b2fe450a87121,5.27535575491069,15.702742163577948,4.787491742782046
dfs_800d856b9483aa95,5.288973851544884,15.741562109585681,3.8918202981106265
dfs_ea1b89d93df34dbe,4.935480620495495,14.154852957438887,4.532599493153256
dfs_f59087db84b5454b,0.0,14.75512828747418,3.9889840465642745
dfs_9ed0b17383fedc30,5.095466518501589,14.050917801849819,3.295836866004329
dfs_655a8bdeb5e73bea,5.070475294452272,15.625277907638562,4.543294782270004
dfs_363fab56f0f1c82f,5.196893536410073,14.769911771528161,4.174387269895637
dfs_e9ad50cbf1f2f460,5.247550249494384,14.497455729648847,4.07753744390572
dfs_eef150ccf9b1b0e5,5.813951411306332,14.548993214713622,4.189654742026425
dfs_03dc65fcbdaba84d,4.025173103360802,14.685495118003988,4.454347296253507
dfs_b2e895b5ec15e27e,5.397891171444129,15.050416171607864,4.897839799950911
dfs_09241ef47d35ea2a,4.767969076293182,13.681170838731807,3.2188758248682006
dfs_9a2dfbb1704d7833,5.662960480135946,13.992642002731168,3.7376696182833684
dfs_355a0fbc63062d38,5.7434518051144074,14.097645020846176,4.634728988229636
dfs_5ebc853d52cee0cd,5.6995401553980685,15.67335485218564,4.941642422609304
dfs_0f57f9987899c3b7,5.615279076064797,14.514313216120257,3.6109179126442243
dfs_f66fcced9a2d38f6,5.773090851921525,14.810073323100575,4.477336814478207
dfs_d7101b1887680e76,4.697111059686448,15.613764393072106,4.836281906951478
dfs_84db50db1f4fcbca,5.328798073801623,14.409475873409695,3.912023005428146
dfs_ac696ec73685deb1,5.254574443600118,15.132062749086042,5.25227342804663
dfs_815bcccf892d8d2d,5.254574443600118,14.525011779216433,4.330733340286331
dfs_16d71b0522c41d75,5.204281374621442,12.755023189980424,3.1780538303479458
dfs_54e85dc4d9b52d4e,4.834057211929367,13.088864503263855,3.295836866004329
dfs_c06da3b3acb3a1b9,5.523259299803626,14.685305312009865,4.5217885770490405
dfs_3db7deaa0b0f885e,,,4.499809670330265
dfs_6bbbf0f17a675071,4.697111059686448,14.677046854713016,4.127134385045092
dfs_981324897083d521,5.127766265352998,14.569961658976847,3.332204510175204
dfs_41e536765bf454f2,5.196893536410073,14.504820385292964,4.382026634673881
dfs_ca129311b915d656,4.991656327498453,14.533714187357182,4.605170185988092
dfs_9ae6632aead478ec,5.00071962930888,13.929106171928368,2.639057329615259
dfs_a3bc25e3750353e1,4.875884110209718,14.59995442046475,4.955827057601261
dfs_d779f7c22821dc6c,4.875884110209718,15.617343452779261,4.5217885770490405
dfs_69fcb8479849c5bf,5.204281374621442,13.729762019621797,1.9459101490553132
dfs_66f2542f1c5979e9,4.607567310587813,14.51891445807914,3.4657359027997265
dfs_ed060d718cbbe831,4.756516938482616,14.23318680570705,2.302585092994046
dfs_b9afee0688593579,5.805917794958333,15.192981103474368,4.442651256490317
dfs_7a60e3333adc1300,5.196893536410073,14.504820385292964,4.553876891600541
dfs_91ef980230417f30,5.261549642355822,14.671572614624791,4.406719247264253
dfs_0755276e96deaf1f,5.027492411162679,14.809767011299405,4.219507705176107
dfs_366f293cbbdd38b1,5.295764109760319,14.343624474263763,2.772588722239781
dfs_a9f3400839a98fc4,0.0,14.513316867904942,3.332204510175204
dfs_ea14ecab11c821f9,0.0,14.000239215365651,3.5263605246161616
dfs_41f268d4079c7600,5.777249765426953,14.470754916570712,3.784189633918261
dfs_3970dab80675c862,5.13568078307048,14.064353824326986,2.1972245773362196
dfs_1777366e20519328,4.416548827045609,15.574513681586748,4.820281565605037
dfs_a5d13ec888db7c8d,4.448399410038142,14.731476036949443,3.4657359027997265
dfs_1ed21ec7ce97ae37,5.726130878319963,15.294059754254938,5.181783550292085
dfs_a842dd094518d969,,,5.0106352940962555
dfs_7f5271262f48137b,4.906089261471868,13.09070551367384,3.091042453358316
dfs_90c72856c81fb865,4.697111059686448,15.391881535850143,4.653960350157523
dfs_35cd9a50f2a0228d,5.354508646197779,14.372942248208131,3.4339872044851463
dfs_341743c990a01ab6,4.5666372362713075,14.650035765635042,3.044522437723423
dfs_8738bcce0d3ccd15,0.0,14.72994677128142,4.442651256490317
dfs_dfaf576a77029764,5.726130878319963,14.164888443008621,0.6931471805599453
dfs_363b4b2fafb990c5,0.0,15.23726399884966,4.48863636973214
dfs_eb1c294b3a51abdd,5.501584687857454,13.944136815057291,1.791759469228055
dfs_2b8c093ff5844e48,5.421905740792655,15.357137828374125,4.31748811353631
dfs_61a85344eb145892,5.22612294699955,14.933905539089343,4.304065093204169
dfs_6636656e72fa0f7b,0.0,15.078530458113619,4.74493212836325
dfs_57570248d06c9245,4.823341395675743,14.919750316015882,4.04305126783455
dfs_49511bbb6d1a27f6,6.061037250459942,13.546847799562993,1.6094379124341003
dfs_bfd8f6d1b064079d,5.373332070353483,14.110610797651153,2.70805020110221
dfs_6d06179c4219ed9b,5.955578268543573,14.275677212431798,3.8712010109078907
dfs_3f06441d85389383,5.218895299570546,14.474192062242928,3.6888794541139363
dfs_11cd60872c9ce35c,5.59053911904185,14.512259743508249,3.4011973816621555
dfs_9dbcadcc765b78ca,5.456815724368715,13.656403448641992,2.302585092994046
dfs_601836d279af19bf,5.580484258311707,14.757996382895614,2.772588722239781
dfs_6904f06855d9e4e2,4.982510130370407,14.710739029537596,5.236441962829949
dfs_e30889de347e8d34,5.496102083395356,14.361021626081785,2.70805020110221
dfs_c03a7c2f30941e0d,4.416548827045609,15.574513681586748,4.90527477843843
dfs_3888023a2b41f33a,5.704015780771546,14.142156820285436,2.9444389791664403
dfs_a38b4e6f51ee07be,5.103639787544498,14.169665529437795,4.02535169073515
dfs_0204c9fe0bd76c03,5.127766265352998,14.673971309371614,3.1780538303479458
dfs_a4c985b8c5d14968,5.496102083395356,14.414495399698312,4.634728988229636
dfs_c3d825ced956bc83,5.127766265352998,14.569961658976847,3.332204510175204
dfs_d1326ce0acb3a28d,5.0362380614757605,14.757369226537923,4.276666119016055
dfs_d346b554b0b4a928,5.159055299214529,15.390862074053762,4.897839799950911
dfs_89dbcc7c76560bd7,5.496102083395356,15.111825779002544,4.2626798770413155
dfs_7234521721090f07,0.0,14.607788791305818,3.258096538021482
dfs_6ab7c99f7a065ed0,4.74493212836325,12.056586071829793,2.4849066497880004
dfs_2ee9f73bc8283d6d,4.594109238628667,13.882564350652508,4.007333185232471
dfs_b187d7f9451cd276,5.760477818332746,14.639886419441982,4.477336814478207
dfs_1ae31cbdf53dd32f,5.533903190752134,13.659374742391563,3.4011973816621555
dfs_0d0b3fd2934daa10,4.697111059686448,15.391881535850143,4.343805421853684
dfs_d3b55208db236d0e,5.288973851544884,15.741562109585681,3.7376696182833684
dfs_9e99c9168e670475,4.672361435528415,14.733248242497341,5.0106352940962555
dfs_75e5bd6954fb5d14,5.302458779048587,15.037131906508508,3.332204510175204
dfs_9eb32c98ecb7b9f5,,,4.955827057601261
dfs_9acb0d56b9e25d64,5.302458779048587,14.300981449987379,4.406719247264253
dfs_aa2cda6b01d2a4ee,5.7434518051144074,14.097645020846176,4.465908118654584
dfs_cf5603a50966c4c7,6.085751476297188,13.41120627583685,2.639057329615259
dfs_2803c91e9f698cb7,5.13568078307048,13.132974875776688,2.995732273553991
dfs_3786027acf3a03d1,5.554895693948484,13.31312257035039,3.258096538021482
dfs_0c477812fd3a4b3a,5.523259299803626,15.109897941811317,4.418840607796598
dfs_289a5f248f13eead,0.0,15.13201020835289,4.795790545596741
dfs_949b58e4fe74927e,0.0,14.96270092482111,3.4965075614664802
dfs_e0c78307c35215fc,0.0,14.770548044537298,5.4116460518550396
dfs_30ec6cd993b9a3a9,5.585524326151581,15.611948068076671,4.430816798843313
dfs_52a0c77608c47489,5.151324342807377,14.609253922757782,4.127134385045092
dfs_6715ceeab6eabbe0,5.211615032708743,15.736879300854092,4.343805421853684
dfs_e205e7a44da4b56a,0.0,15.476395292999866,5.093750200806762
dfs_d2ddb64f5c927267,5.247550249494384,15.508442752989511,4.77912349311153
dfs_363d8dc0ce7838a9,0.0,14.127174746761296,4.983606621708336
dfs_50d4bdb18f523a28,,,2.0794415416798357
dfs_bdcb660f23345c45,5.240476366858187,14.475767744017546,3.4339872044851463
dfs_57805ce8a5badaaa,0.0,15.107512371316675,4.382026634673881
dfs_81fead61030d51d5,5.427809361780791,14.596161161106226,2.639057329615259
dfs_d37679609ae233db,5.204281374621442,14.771858960337484,5.389071729816501
dfs_a041e0facd9bf814,0.0,15.354911125067046,4.605170185988092
dfs_5736c80131dada55,5.103639787544498,14.169665529437795,3.9318256327243257
dfs_b3f8d250898d3c1b,4.945065129886807,14.828541355958798,4.23410650459726
dfs_c762487f0fe9df95,5.580484258311707,14.757996382895614,2.833213344056216
dfs_c22aad794dec6ce5,4.767969076293182,14.682638776355596,4.07753744390572
dfs_152997bacba9e34f,5.777249765426953,14.199506851456785,3.8066624897703196
dfs_0eaf04b48333c6dc,5.760477818332746,14.78391392847179,5.3230099791384085
dfs_c26dfe0349d2dd05,5.930944607312194,15.018010678423455,3.9512437185814275
dfs_83631792359ccdd5,5.288973851544884,13.491600090905207,2.302585092994046
dfs_1861787e85cd7ae8,4.7331235502985525,14.73076675489164,4.23410650459726
dfs_6de66517f4abddba,0.0,14.745619773298051,4.477336814478207
dfs_f7d2d7c85ed5bfeb,4.9159582471543475,14.437951435666058,2.1972245773362196
dfs_1a918c7ffff33214,5.204281374621442,12.755023189980424,3.295836866004329
dfs_aa05fd8c3a2efac2,4.973279507552487,12.516094564988729,2.833213344056216
dfs_f24270bcc656c175,5.517894565982638,12.857806510940943,2.639057329615259
dfs_1cf48a456a13e90c,5.979619672740059,11.401792766717712,1.0986122886681096
dfs_4c8ab00f4fb1dd87,5.397891171444129,13.981792498446987,2.4849066497880004
dfs_a46536a89f286a95,5.204281374621442,15.633356302330085,4.356708826689592
dfs_68d975543163f832,5.070475294452272,15.625277907638562,4.983606621708336
dfs_86e6b1c63e0058e9,5.610387127056648,15.574024467203596,5.030437921392435
dfs_b4c937833ca7850f,0.0,14.848419202558174,4.1588830833596715
dfs_635571e01ec47c8b,5.204281374621442,13.729762019621797,2.3978952727983707
dfs_917d09918af07da5,4.8860542039388735,15.476453612344645,5.225746673713202
dfs_ea0912d8a092559f,0.0,15.491472830950993,4.465908118654584
dfs_c6824e8be3731122,0.0,14.342961413506291,2.4849066497880004
dfs_93c62fd79388eec3,0.0,15.09468480067748,4.290459441148391
dfs_f1d766afc0b5fab6,5.4395130632148145,14.140617742056785,5.049856007249537
dfs_5cbd22e4a0114104,5.6995401553980685,15.67335485218564,4.605170185988092
dfs_d22465046f738784,5.151324342807377,14.648352287324133,2.995732273553991
dfs_815bbb243b7c0303,5.328798073801623,14.707208142301246,3.6888794541139363
dfs_fe820daa7fa3955e,5.658296844495069,14.371180858404589,2.5649493574615367
dfs_31dc8123b16190a9,5.610387127056648,14.349688970327927,3.091042453358316
dfs_84a5e98f2216fc74,5.445313945282377,15.096005418197532,3.367295829986474
dfs_6d6691de4e2131fe,5.111746795464668,13.961866365125566,2.1972245773362196
dfs_f44788b69aca9275,5.282187984618153,15.095139107453646,4.406719247264253
dfs_d405025c90af5f30,5.196893536410073,14.734312933020313,4.51085950651685
dfs_562bbdcdbf0cef3a,5.433678334478489,15.181996521771339,4.499809670330265
dfs_035861e5ea828e84,5.712907382433202,15.107575554988058,4.553876891600541
dfs_2c36966ced755dee,4.74493212836325,14.231174810853343,2.70805020110221
dfs_9f3aab42173732dd,4.963962885897825,14.769829369009525,4.343805421853684
dfs_85b6bc41dec02ddc,5.570327269605522,14.483971525913368,2.70805020110221
dfs_6e3588128efd60ef,,,4.653960350157523
dfs_9ab9979385807a23,0.0,14.599603407693456,4.605170185988092
dfs_ce4e151a2669cafa,5.181952075416771,14.559611275200655,4.584967478670572
dfs_38357a10be6bf4b4,5.3091089276262355,14.660517940064835,3.1354942159291497
dfs_eac96c0a995b051d,0.0,14.39692697585855,4.3694478524670215
dfs_19659b564a626020,4.74493212836325,14.030035475323261,4.0943445622221
dfs_4b2e480bb08e59c3,6.335532860350823,14.163481431145017,1.3862943611198906
dfs_2b53ab03439f9a9d,5.672223005748435,15.096416347477218,3.9512437185814275
dfs_8ae7e12caefb7d2f,5.268476524537015,14.30816691577289,4.718498871295094
dfs_5e73a3fd2b353128,5.427809361780791,14.549996399549347,3.091042453358316
dfs_33391a70735714da,5.676822293073418,13.770352091191386,1.6094379124341003
dfs_08dfbc7b7b25ce7f,5.181952075416771,14.520013022562354,4.564348191467836
dfs_1fa5ea07ead75720,0.0,14.55908037900263,3.5263605246161616
dfs_2ecb9bb057e750a2,5.261549642355822,13.476157575977668,3.2188758248682006
dfs_f57bf4d52a2c32ba,4.991656327498453,14.533714187357182,4.564348191467836
dfs_e720db02490968bb,5.40393784841172,14.774817483342463,4.394449154672439
dfs_5a4515597f0a2726,5.941591296612255,13.066336793391516,2.4849066497880004
dfs_ae4319fca5a066fe,5.0097015249361645,13.66789762707396,3.332204510175204
dfs_f105ace28ed715cb,6.142101919635312,13.499422152256711,2.70805020110221
dfs_d1a91463ef3b5405,5.554895693948484,14.167630443357726,0.6931471805599453
dfs_ba02a381a4e35944,5.496102083395356,14.361021626081785,2.5649493574615367
dfs_f0660fa8c0df0cb8,0.0,14.438037293257343,2.1972245773362196
dfs_04c03f898aead8d4,6.048435443367608,13.963733129800776,4.07753744390572
dfs_6846d4b5c381fd1b,,,4.276666119016055
dfs_a9b8805867711874,,,4.74493212836325
dfs_2818688a11e94331,5.027492411162679,13.146441166883358,2.772588722239781
dfs_255abec223a99c49,5.672223005748435,14.964097388514633,3.367295829986474
dfs_eea547e30be8cef5,5.3352759075335685,14.769254672952831,3.8501476017100584
dfs_21a81387c0780d5e,5.857047047721082,13.142387548785257,2.772588722239781
dfs_fb8637ca3fe33f5e,0.0,15.580748931445042,4.343805421853684
dfs_ca2e072347d34c64,5.456815724368715,14.71252509195397,4.418840607796598
dfs_785753b3e333aefe,4.756516938482616,15.675349615096092,4.859812404361672
dfs_5fe8ff7a4d5c53da,5.397891171444129,14.765236065924666,4.605170185988092
dfs_d21b82f1ea01d8e6,5.295764109760319,14.730194800124558,4.330733340286331
dfs_5ce617c997ca9780,5.111746795464668,14.531316577080423,3.9318256327243257
dfs_11a0cfb33fbcc15b,5.68140052376307,12.715891762938538,3.367295829986474
dfs_7b5e0ff7543fa1ec,5.421905740792655,15.45965574405957,5.247024072160486
dfs_1c1e1ae7dd4b454d,0.0,15.711738595183077,5.765191102784844
dfs_ab0246590acdd907,0.0,15.23726399884966,4.454347296253507
dfs_5efbdbcc74e4c873,0.0,14.862353649547423,4.51085950651685
dfs_8adb64bd87ad02f1,0.0,13.501376359218696,3.1354942159291497
dfs_ca3f498912aa3ab7,0.0,15.357523868533516,4.330733340286331
dfs_733ee6edc5693fca,5.247550249494384,14.793927654063294,4.465908118654584
dfs_56291cee1facee97,,,2.639057329615259
dfs_9495bbe56f47bc4f,4.607567310587813,15.394622037603872,4.454347296253507
dfs_4f5d6518486991cd,5.070475294452272,14.794194135660257,4.553876891600541
dfs_1bb178e841773599,5.159055299214529,11.951419077092181,3.8501476017100584
dfs_55f2104e597149e5,5.0186695991245776,15.398528722167546,3.1780538303479458
dfs_76180ee954d64c9a,0.0,15.118728969948135,4.127134385045092
dfs_8137ddb5acd6c258,5.708471464142333,13.978619563333034,2.5649493574615367
dfs_0c51a5b92a55f0da,5.433678334478489,15.181996521771339,5.176149732573829
dfs_654e2d092ca952e1,5.151324342807377,14.822374084112825,4.890349128221754
dfs_519e449dfcabe51f,5.496102083395356,14.423433672433362,2.639057329615259
dfs_96ee53a0f61fa72c,4.801558999993482,14.470317557588634,3.332204510175204
dfs_12bb61a730f70200,5.580484258311707,13.87768973553841,3.4657359027997265
dfs_1d35bc5daa632405,0.0,15.354911125067046,4.663439094112067
dfs_8e2fdf0ede289cd5,5.08716414308538,14.7701801102379,5.267858159063328
dfs_f37e079df0fa28d2,5.189450711560923,15.482262016649113,3.6635616461296463
dfs_90c9deb7bd1fec0f,5.119788607992779,15.15092548641246,4.882801922586371
dfs_c112138e24fd11bf,5.658296844495069,13.235202657257732,3.044522437723423
dfs_5a1730c7dd9328b8,4.991656327498453,13.823886382606101,2.302585092994046
dfs_681a894fefc68bee,5.3352759075335685,12.139430580160614,0.0
dfs_6d9e8d7d7d2dffb1,5.797788774475323,14.565761345306733,3.6109179126442243
dfs_8aae7ce34a0e9965,5.667602467201444,14.175160671692915,3.6109179126442243
dfs_357a98417d28f988,5.549659572220925,14.51767198782537,4.532599493153256
dfs_4a5c43791bcacdad,,,2.833213344056216
dfs_996888fe27dbaee2,5.181952075416771,14.520013022562354,4.564348191467836
dfs_a1550d8471e55baa,,,3.258096538021482
dfs_d348acfa8ecb6807,4.6340491455384685,15.48690058717394,4.61512051684126
dfs_1b72821e3bdae502,5.5652098247922615,13.98317437977688,2.833213344056216
dfs_35c07e07cdd9aba4,4.025173103360802,14.685495118003988,4.5217885770490405
dfs_783c4e2afccbe480,5.560066056973313,14.552891825231468,2.833213344056216
dfs_e4d93d6286d17dc5,5.793714582156809,12.418882992704592,2.70805020110221
dfs_024a4b57366ce6fb,5.053503194323431,14.961860393502496,4.248495242049359
dfs_85faed5a0397cde7,5.59053911904185,14.512259743508249,3.367295829986474
dfs_1f90a39366baa177,5.777249765426953,14.324244395470048,1.6094379124341003
dfs_b0747043b4110f17,5.554895693948484,15.375415100119689,4.454347296253507
dfs_c18fbd46323255fb,5.211615032708743,13.890680180653296,2.70805020110221
dfs_499c55bc5f2e1ae1,4.963962885897825,15.415485638698183,4.634728988229636
dfs_e8b32f41e4bea9be,5.053503194323431,14.120712507159787,4.700480365792417
dfs_ec04ba2a3b816705,5.726130878319963,15.294059754254938,5.375278407684165
dfs_d85975ad40f633e9,4.672361435528415,15.132299952213037,4.553876891600541
dfs_a5321c316184ce54,5.501584687857454,12.929033450230737,2.833213344056216
dfs_af7123c81be8cf47,5.427809361780791,13.40154240118465,3.367295829986474
dfs_3b2ce15a077f666c,5.295764109760319,14.848119430838144,3.58351893845611
dfs_ef730c03b9dbcece,0.0,15.730544623257867,4.406719247264253
dfs_1186f6e539405cc3,5.196893536410073,15.047102712193812,4.382026634673881
dfs_4f0eeb3ec4eb7417,4.58046757334772,15.125585912572236,4.77912349311153
dfs_490d737e4d82b967,4.672361435528415,14.733248242497341,4.330733340286331
dfs_09b0b4f8a586ccb5,5.676822293073418,13.633626505451362,2.70805020110221
dfs_caddeb1f11479c84,0.0,14.96270092482111,3.5553480614894135
dfs_8f9db524b43d65eb,0.0,14.39692697585855,4.3694478524670215
dfs_6ede0ea901b3474d,5.600530844845727,14.170394398835136,2.302585092994046
dfs_84b664a6b0636a69,0.0,15.13201020835289,4.700480365792417
dfs_a8366e98614b56e6,5.103639787544498,14.169665529437795,4.060443010546419
dfs_34c1d2a8443af401,5.485045865160197,15.058880406050182,5.056245805348308
dfs_861d6a0afe4d08f8,4.790487251761845,12.09497906052448,3.2188758248682006
dfs_43891e80638cae30,5.620147210360944,13.755343269055201,2.3978952727983707
dfs_b66731cd4f081fb7,4.672361435528415,14.733248242497341,4.189654742026425
dfs_381912b46f4b1f32,0.0,14.645690307371963,5.231108616854587
dfs_fc39be1581e2d8eb,0.0,14.554321592302578,4.6913478822291435
dfs_4d166233b03c04a5,0.0,14.90810443896136,4.219507705176107
dfs_ce79ce24eb39e307,5.391807709635375,15.498709953960429,4.941642422609304
dfs_896c195d96a39d66,5.211615032708743,15.736879300854092,4.204692619390966
dfs_fcafe240e1b9ce91,5.40393784841172,14.074445873376542,4.276666119016055
dfs_89fe981afca1aaa5,4.9159582471543475,14.647980888992114,2.833213344056216
dfs_1ecd845c90e0c5f0,4.552612935249416,14.554334967295832,3.713572066704308
dfs_06ad3447191f9f73,4.4326009206368155,13.37789512251229,2.639057329615259
dfs_6999aa81742b9c63,,,4.897839799950911
dfs_e47bbd146a76d081,0.0,15.113361062039258,5.135798437050262
dfs_2283279c52bc809a,5.456815724368715,14.71252509195397,4.343805421853684
dfs_2f98876367b11f56,5.726130878319963,15.294059754254938,6.0063531596017325
dfs_c25b9edd2c04439b,5.360822571899434,15.094341081884494,4.04305126783455
dfs_8fc53df29305ebdc,5.053503194323431,15.138707492404329,4.406719247264253
dfs_af021aaa1fff103e,5.127766265352998,14.683260834489154,4.248495242049359
dfs_165b81da815a6fb4,4.509319860331257,15.236552179713863,4.290459441148391
dfs_8338be11ce59d85a,4.812509505757334,15.182683005050134,5.0689042022202315
dfs_b30673ec9eaaf2dd,5.4682289032653095,13.528273719714367,1.6094379124341003
dfs_aabf16db09fd6419,4.991656327498453,14.763220884004179,3.367295829986474
dfs_0a85f7b02d8964eb,5.793714582156809,14.757844015006754,2.5649493574615367
dfs_4099a5dfc4ebfa60,4.906089261471868,15.149885902657614,4.143134726391533
dfs_39824fcce40c0cf9,5.078854533073399,15.047578569727373,4.0943445622221
dfs_14f2df95cd22eaab,0.0,14.805136134634772,3.7376696182833684
dfs_e6862b0dd2c363d7,4.672361435528415,14.733248242497341,5.0369526024136295
dfs_1644760a0d084655,,,4.1588830833596715
dfs_c17227adaa5fcfb9,5.189450711560923,13.642496749373848,2.5649493574615367
dfs_58d8f8d27b380ccd,5.174396784628558,15.591078820858131,5.062595033026967
dfs_f6461df5856b5548,5.658296844495069,13.973728953407337,2.0794415416798357
dfs_f8d070106cc64a4a,5.909359297189138,14.034020992951419,3.8918202981106265
dfs_6393a106913a2ed6,0.0,14.70525729449616,4.543294782270004
dfs_43b97dc7c4ace56c,5.544434981422068,14.757888831501726,2.833213344056216
dfs_9272e7d43cbde2fc,0.0,14.74371918871,2.772588722239781
dfs_b1cc80c5cebcc3f5,5.462559809942086,14.515452104455916,3.2188758248682006
dfs_96954dc0428511e6,5.103639787544498,14.720139555369158,3.332204510175204
dfs_bd4a5b77b47915f5,4.906089261471868,13.405148479243403,3.1354942159291497
dfs_73bfc6a5f662d8f9,5.485045865160197,14.542903114418912,4.700480365792417
dfs_df2751ad0b6e06d4,5.451081371099666,14.082448960478107,1.9459101490553132
dfs_71cdd5ee12168c79,5.485045865160197,14.960943771534996,2.772588722239781
dfs_6e53221eda3a6f82,5.14353315274717,13.985257551951749,2.639057329615259
dfs_a639ef12b4198feb,6.091830108727296,13.824762625286215,2.833213344056216
dfs_9d84319c4905a761,5.0449078880383516,13.931208755187868,3.1780538303479458
dfs_7fecbcdb76fd8a1f,0.0,14.90810443896136,4.31748811353631
dfs_535eacb4ff99d453,4.95455864787585,15.292566131644241,3.8501476017100584
dfs_15193832fda3ca65,4.7331235502985525,13.560429903491631,2.8903717578961645
dfs_a5420a118d1050b9,4.982510130370407,13.16380470010129,3.091042453358316
dfs_bea4910cdf6452af,5.181952075416771,14.51436193859704,3.6109179126442243
dfs_0386be8441c7bba1,5.777249765426953,12.734769621115127,0.0
dfs_f9535e42f5726819,5.189450711560923,14.787711191277696,3.258096538021482
dfs_adb1dcb36300c09a,4.697111059686448,15.391881535850143,4.204692619390966
dfs_54dc95bc7ad6ef5a,5.456815724368715,14.410840368343157,4.189654742026425
dfs_70759790a7430d81,5.805917794958333,14.432059591534045,2.5649493574615367
dfs_75404f58255ec679,5.08716414308538,13.996690630179193,3.4657359027997265
dfs_82c06b2c5ff37efe,0.0,15.588700169723086,3.4011973816621555
dfs_ea159f06bce9d006,5.6536113574098374,15.656333487346345,4.9344739331306915
dfs_5aa08c73129d7893,5.793714582156809,13.273562276438554,2.5649493574615367
dfs_0cbfad7c45974428,4.9159582471543475,14.493027215883185,2.0794415416798357
dfs_ee0e44cb2c18970d,4.6848128136402885,15.13195042650835,4.969813299576001
dfs_32334d1a6c0a0ced,5.282187984618153,14.618201591810797,3.8712010109078907
dfs_ffb5cbb365bdb223,5.554895693948484,15.375415100119689,4.382026634673881
dfs_24a39d653c6a0526,0.0,15.354911125067046,4.672828834461906
dfs_e997df54ac65dfbd,5.295764109760319,14.403275000397255,3.970291913552122
dfs_f156e4e0f3fc5459,5.078854533073399,14.799400871147252,4.143134726391533
dfs_5488f9c7b8c05466,5.282187984618153,14.715529214801538,3.7376696182833684
dfs_23f86145bf1cd345,5.560066056973313,15.168652397160473,4.8283137373023015
dfs_72b0f9b8d952b43f,5.354508646197779,14.687678854851494,3.367295829986474
dfs_d4b1ac89a4f964c3,5.233352087695677,15.051700666416934,4.290459441148391
dfs_b40a80ce74cfa1f0,5.6536113574098374,15.656333487346345,4.68213122712422
dfs_8d3328b2515cd555,4.416548827045609,15.574513681586748,4.406719247264253
dfs_020a573f324525d9,5.721720619787214,13.89894872530387,1.0986122886681096
dfs_3c378a4773124133,5.103639787544498,14.130457055012238,4.07753744390572
dfs_5e3e968e8b28a29d,4.834057211929367,14.968068586839923,4.330733340286331
dfs_9338703d7eed368a,0.0,14.513316867904942,3.58351893845611
dfs_afed731b79b5dd46,,,3.332204510175204
dfs_cfc03445073f09bd,5.261549642355822,13.476157575977668,3.044522437723423
dfs_c534fbcd6121e1c4,5.0097015249361645,14.49486353444705,3.044522437723423
dfs_a8bf8761401b6cc3,0.0,14.000239215365651,3.5263605246161616
dfs_62aeac2b91cbffd4,5.773090851921525,14.51297739535839,3.9318256327243257
dfs_d312ee04486256df,4.963962885897825,14.153652114780625,0.6931471805599453
dfs_245a6e17da394c04,4.991656327498453,15.241282330056972,4.248495242049359
dfs_5c3108c628d42fd0,4.349503442968322,15.121758232236045,4.1588830833596715
dfs_7ef8e3ef4bbc3b07,5.620147210360944,14.01662115665481,3.9512437185814275
dfs_108d9d3332e9a4ef,5.174396784628558,14.656977307564476,3.091042453358316
dfs_1ed8524dc3b1cfa1,5.354508646197779,14.372942248208131,3.258096538021482
dfs_3dde7644e7f04f96,5.341712048867226,14.667255088671366,4.02535169073515
dfs_df1e52d8c480ef13,5.341712048867226,14.605209874054882,4.189654742026425
dfs_0858cf59f6845689,5.433678334478489,15.181996521771339,5.220355825078325
dfs_6c48325ee16906fe,0.0,14.211082893562757,3.9889840465642745
dfs_daa6142c67eff88a,4.4326009206368155,14.645844193263482,4.204692619390966
dfs_ec021d941ff27a12,6.142101919635312,13.499422152256711,2.70805020110221
dfs_36853798b96cadf8,5.676822293073418,13.228622489203683,2.1972245773362196
dfs_1a084ce8cfc74b3d,0.0,15.751562127671408,5.204006687076795
dfs_4966feb86ac369d6,5.695044408712916,15.089763804502097,4.465908118654584
dfs_483bc386112f77b8,4.95455864787585,15.001771631545525,4.882801922586371
dfs_9ce07318c3c0ba04,5.3091089276262355,14.733092455924629,4.584967478670572
dfs_ee113d63a8c5581f,5.712907382433202,15.585095819922161,4.804021044733257
dfs_43338cad4d119016,5.667602467201444,12.646087317530965,2.995732273553991
dfs_14445e502c3045c1,5.391807709635375,14.862597244561739,4.5217885770490405
dfs_566e2b2c7c8a399c,5.32227800399288,15.57230014643561,5.081404364984463
dfs_6c33d5b6b7d12a40,5.549659572220925,14.51767198782537,4.543294782270004
dfs_3c35f770ef124fa5,,,4.406719247264253
dfs_d25c97507763ba5b,4.721262904974945,15.304234468654256,4.804021044733257
dfs_ef06be1c7d31ddeb,5.315715143724457,14.615534853563602,5.3471075307174685
dfs_b4b7f1534e127787,5.415967059981408,13.46247896894034,3.367295829986474
dfs_81db30c4092d3783,5.027492411162679,14.190369368732746,1.6094379124341003
dfs_182daadc09c41839,5.078854533073399,14.303172974003813,3.7612001156935624
dfs_147d7b3d809b359f,5.288973851544884,15.741562109585681,3.6888794541139363
dfs_4212d1e46e2fe1e2,5.3795286219728595,14.520779966526067,4.02535169073515
dfs_3b6c6d6b80943720,5.211615032708743,13.622155151522616,2.4849066497880004
dfs_270079b57a497289,4.9159582471543475,14.647980888992114,2.302585092994046
dfs_ef72aa3087e1aae0,0.0,14.419358109117168,5.476463551931511
dfs_163dd7ea6c081469,5.218895299570546,14.716180721530367,3.4965075614664802
dfs_385476af90324fb6,5.397891171444129,15.050416171607864,4.941642422609304
dfs_1a8457296d519980,4.95455864787585,15.41006871386541,5.062595033026967
dfs_4cceb83c3dbdcbaa,5.32227800399288,13.885817099542042,2.833213344056216
dfs_a956f4be85537db4,4.594109238628667,14.90942281878533,3.1780538303479458
dfs_423f63fa2634c81f,6.219754831241722,13.847113870710885,2.1972245773362196
dfs_1af5314be13f3203,5.712907382433202,12.680311045463885,2.3978952727983707
dfs_45e9ec0f4fdd3124,4.865609522045998,15.195686489610315,4.290459441148391
dfs_7229da0928af37d9,5.512500896490735,14.787868152597643,2.3978952727983707
dfs_7328d368006adace,5.3091089276262355,12.782362923939676,1.3862943611198906
dfs_67d9e30568341153,5.821921002673243,14.64365923751265,3.4965075614664802
dfs_aaacbf0ca7be42ff,4.607567310587813,15.394622037603872,4.430816798843313
dfs_8a0ecce59a0761c1,5.070475294452272,13.846625430453697,2.5649493574615367
dfs_039c8d16a280cc4b,5.969397858758734,12.864602501068426,2.4849066497880004
dfs_83bd0f963099a3c0,5.809942670484592,14.299728927382603,2.995732273553991
dfs_80c8f19fd5a963a9,0.0,14.207241786617796,4.04305126783455
dfs_d9bdf6669192e8d8,5.397891171444129,13.981792498446987,2.5649493574615367
dfs_ed735ef9a2240524,4.416548827045609,15.574513681586748,4.852030263919617
dfs_c1cf1ec725c8ef2b,5.027492411162679,13.146441166883358,2.772588722239781
dfs_518e733456aaf04a,5.853207721476128,14.064323415480036,2.1972245773362196
dfs_756454753deda99b,5.809942670484592,13.71228886450579,1.3862943611198906
dfs_f952266703939d51,5.397891171444129,14.947459939030898,3.6375861597263857
dfs_4e58f20d20a03750,5.14353315274717,13.985257551951749,2.4849066497880004
dfs_c3ca4df97da60bf3,0.0,14.599603407693456,4.0943445622221
dfs_a1e89ec6afe9cace,0.0,13.84982599064606,4.07753744390572
dfs_b6a6cac540157167,4.865609522045998,12.857506809727775,1.9459101490553132
dfs_c1cec98ae8b12d1d,6.26666909804865,12.298811340080297,1.9459101490553132
dfs_715c8aefd32c0158,5.813951411306332,14.548993214713622,4.174387269895637
dfs_e4dfcea77ec646df,5.485045865160197,14.960943771534996,3.091042453358316
dfs_8040e7e2f7e5ffcf,5.708471464142333,14.662276705588726,3.332204510175204
dfs_b0dabd761c173a62,4.812509505757334,15.182683005050134,4.709530201312334
dfs_d4944471c1d89f72,4.58046757334772,15.318741596680589,4.07753744390572
dfs_5d3924383c75970b,5.523259299803626,14.49292055609682,4.1588830833596715
dfs_f9970f873ee023a8,5.181952075416771,14.520013022562354,4.499809670330265
dfs_435d220f06c7bff3,0.0,14.783226075580613,3.784189633918261
dfs_4e7a0b621c88a9c8,5.676822293073418,13.228622489203683,2.0794415416798357
dfs_4c8de67989ff6239,0.0,14.793318877548003,4.624972813284271
dfs_b8e4f30884262ca1,,,2.5649493574615367
dfs_9f03221c4c5b49dd,0.0,14.098909721842908,3.295836866004329
dfs_fa3cdc98da7d6d16,5.247550249494384,15.508442752989511,4.859812404361672
dfs_0b329d47c7e0efe0,4.6848128136402885,14.883566039883304,4.442651256490317
dfs_43ab0b4699560226,4.2961963780686885,14.661380542278607,2.70805020110221
dfs_1bf0cdcb9b1ad851,5.496102083395356,14.361021626081785,2.5649493574615367
dfs_8454b6322d5d3f08,,,3.6109179126442243
dfs_2bd1e0e5e58ed168,5.560066056973313,14.552891825231468,2.9444389791664403
dfs_f622a076a0509bbd,5.615279076064797,14.049327347088274,2.70805020110221
dfs_74baf096aa9f73dc,5.127766265352998,15.733102798836168,4.382026634673881
dfs_0b28fe3454ebc056,5.391807709635375,15.498709953960429,4.969813299576001
dfs_9c79b8045d3856ce,4.9159582471543475,14.29278270739967,3.4965075614664802
dfs_ecc9e9163087af30,5.517894565982638,13.40519219182864,3.912023005428146
dfs_13c152710ac546e5,5.427809361780791,14.99242742925675,4.276666119016055
dfs_94e6c0686c4ebf42,0.0,13.8999105281974,2.4849066497880004
dfs_6831029d2fd7d10f,5.027492411162679,13.146441166883358,2.772588722239781
dfs_d92481ddf65bd86c,4.95455864787585,15.001771631545525,4.6913478822291435
dfs_a15ab652cc8faa0c,5.027492411162679,13.944833858977745,3.044522437723423
dfs_a9ae30c485f64e48,4.697111059686448,15.391881535850143,4.3694478524670215
dfs_8308f55642e5b24c,,,4.02535169073515
dfs_ea76c9eeccb04277,5.40393784841172,15.146702008895451,5.003946305945459
dfs_2dfcb5b35d169fc8,5.233352087695677,15.15648637187313,5.081404364984463
dfs_37553c89f6b44837,5.624991760689139,13.890446401623509,1.6094379124341003
dfs_0c823f3ffeb3c170,5.095466518501589,14.171471647169334,4.718498871295094
dfs_bd16c39f04919c23,0.0,14.96458177636787,3.8066624897703196
dfs_31833065ae590d08,5.6995401553980685,13.556936700818095,1.791759469228055
dfs_679761650c91ed80,5.485045865160197,13.563526333991735,3.4339872044851463
dfs_4fc03c10e18c760b,5.0362380614757605,13.191818542017344,3.1354942159291497
dfs_597837c4bed57c02,0.0,14.607788791305818,3.4011973816621555
dfs_bf17a20babf00c63,4.779291546216706,15.038431212603907,4.941642422609304
dfs_63a1dfae1476eec7,5.554895693948484,11.912392621274757,2.0794415416798357
dfs_5dfc8b65503893e7,5.32227800399288,15.57230014643561,5.117993812416755
dfs_c2a05c4ee2d8c8f3,0.0,15.131984741187905,4.8283137373023015
dfs_f6e9b2dfa936b190,5.717323710222868,14.156945460165232,1.6094379124341003
dfs_2097a6f503c2f2cd,4.991656327498453,14.760742425635168,3.091042453358316
dfs_215314e0e5f30750,5.496102083395356,14.361021626081785,2.772588722239781
dfs_a9d51716b9867872,5.934497291466729,12.662661700354048,2.9444389791664403
dfs_61a6ae33837270f2,5.496102083395356,15.160988393298956,4.454347296253507
dfs_74bcd4e184d938ae,5.00071962930888,13.606990805758722,1.9459101490553132
dfs_eb074a60e1c9ee23,5.08716414308538,14.367757548591026,3.6888794541139363
dfs_5e33a1ef1b83fcb3,,,4.5217885770490405
dfs_0d5a31452d9d962d,5.189450711560923,14.787711191277696,3.295836866004329
dfs_e8641a2dbb0e4f3d,5.734828843061527,14.835443209555889,4.859812404361672
dfs_8f89e4ad9adf4196,5.240476366858187,14.667806620786498,4.248495242049359
dfs_98d78ea67d33f3fc,0.0,15.354911125067046,4.7535901911063645
dfs_97357eb332a7a74b,5.14353315274717,14.341137499773572,2.9444389791664403
dfs_0781c822637f09f3,0.0,15.485090717067093,4.74493212836325
dfs_cad3eecf6cf91d2d,4.721262904974945,15.304234468654256,4.653960350157523
dfs_d5bee389699dc3ae,4.875884110209718,14.805156207088897,3.332204510175204
dfs_2a3b1d062b063310,5.726130878319963,14.164888443008621,0.6931471805599453
dfs_0c082a9002887d13,4.646983688801502,15.037128369479648,3.4965075614664802
dfs_80bbc96321c99769,5.496102083395356,14.423433672433362,2.772588722239781
dfs_749ef28a78fafd86,5.485045865160197,15.232818487882243,4.07753744390572
dfs_86f95d066db8338d,0.0,14.504982493075923,4.07753744390572
dfs_b6ef8b3267694919,4.7331235502985525,13.560429903491631,3.091042453358316
dfs_002735ea840ad463,0.0,14.798928956244719,5.209486152841421
dfs_aa47ae737e75af32,5.64417400305089,15.526370480314682,4.31748811353631
dfs_2ef50e17da3dd6d8,4.906089261471868,13.405148479243403,3.1780538303479458
dfs_08f2be08b8720f08,5.053503194323431,14.43656112684354,3.8712010109078907
dfs_7d27720d0c43ab20,4.672361435528415,14.733248242497341,4.204692619390966
dfs_5ffab38318a8d57b,5.315715143724457,14.603397755816786,3.8066624897703196
dfs_1e983836874ba5e9,0.0,12.910083106414703,3.044522437723423
dfs_3886c8ca0c046b74,5.777249765426953,14.023572958250378,2.639057329615259
dfs_740bab15389e174a,5.0097015249361645,14.967185458188101,3.4965075614664802
dfs_b8a7255a92818d6a,5.580484258311707,14.329568153279,4.127134385045092
dfs_337d61889e26678e,5.59053911904185,14.740684913347698,5.214935757608986
dfs_f75ba64272ce6421,5.189450711560923,14.399255175901146,3.2188758248682006
dfs_3f9e91372c77604d,5.962499068814967,13.256679212273568,2.639057329615259
dfs_1aa22ef38c59eb2a,,,3.044522437723423
dfs_9f92793a45353af2,4.906089261471868,15.659947546431793,4.465908118654584
dfs_49b9f6085806765a,5.159055299214529,14.08724082418209,4.1588830833596715
dfs_d35e4da82efb65b9,5.6995401553980685,14.67073704640257,4.574710978503383
dfs_ba8195d5562dac5c,5.451081371099666,14.082448960478107,1.9459101490553132
dfs_e41347798a1d35b4,0.0,15.687785699923333,4.820281565605037
dfs_a93b2f65c5ca581b,5.433678334478489,15.459932336160803,5.4638318050256105
dfs_5e1c3e7f49aa96cc,4.935480620495495,14.609780085820798,4.430816798843313
dfs_75fdad535da4fce3,5.930944607312194,13.466956833186535,3.5553480614894135
dfs_52d323646659eb2d,4.9159582471543475,15.140245954655587,4.04305126783455
dfs_bfddb1ab5088fee5,5.841600499862562,13.041886242047417,2.1972245773362196
dfs_7a339f37ac910c9b,4.935480620495495,14.312870930776695,3.1354942159291497
dfs_e07024e8f2a96742,5.760477818332746,14.78391392847179,5.0369526024136295
dfs_40bc9362b637f5cd,5.605471129189413,13.901573568730116,2.1972245773362196
dfs_e37143ef1b537e23,5.385687012684944,15.576506477867694,4.976733742420574
dfs_4de165db131a99e9,5.712907382433202,15.585095819922161,4.859812404361672
dfs_fec1970a7ce47e26,4.925730787005811,14.298526656610981,2.5649493574615367
dfs_f34cc17199629735,4.646983688801502,14.752144163332211,4.2626798770413155
dfs_3707f73509ccdc52,5.070475294452272,15.625277907638562,4.962844630259907
dfs_dd408ff095cb6c62,4.8860542039388735,15.665956301037303,4.875197323201151
dfs_4132bb1480f78fce,0.0,14.94582175204065,4.219507705176107
dfs_7a6b33dc45565b2a,5.456815724368715,14.382747516576183,3.367295829986474
dfs_3bf096145265a4c7,4.906089261471868,14.753474715119893,4.248495242049359
dfs_5bf68d8ffdf64fca,5.40393784841172,14.798304878964597,3.9318256327243257
dfs_3c6cca5f4c62ccda,5.82982758150686,15.665464404237046,3.5263605246161616
dfs_97265acf2dfc436a,5.549659572220925,14.51767198782537,4.51085950651685
dfs_bc02226adfd8cf72,5.240476366858187,14.11844595471949,2.1972245773362196
dfs_28618a0f8a8bbf43,0.0,15.711738595183077,5.707110264748875
dfs_c232fa63ccd61b68,0.0,14.745619773298051,4.343805421853684
dfs_c593752c1530ac22,5.421905740792655,12.270506473687625,3.044522437723423
dfs_469293b9a13780fa,5.302458779048587,13.444694671956587,3.332204510175204
dfs_8b6d1f2204e5b10d,5.151324342807377,15.308905095654074,4.68213122712422
dfs_27461123d0446d0f,5.070475294452272,13.846625430453697,2.4849066497880004
dfs_63e0f5f805cc1cda,5.288973851544884,15.062863489995893,4.060443010546419
dfs_f991bd200978a697,5.76472077276128,13.535936856973148,3.044522437723423
dfs_0d5fa4b0148271ae,0.0,15.05646117741178,4.859812404361672
dfs_e8fa9d47fb93125f,0.0,15.078530458113619,4.736198448394496
dfs_ef6571808bcd52fd,5.501584687857454,14.991228938976471,4.356708826689592
dfs_7a6573a9f6759c4a,0.0,15.446175181245275,3.9512437185814275
dfs_24359b940653f931,5.08716414308538,13.258026496285057,1.791759469228055
dfs_0d8a81f3bb96676f,5.211615032708743,14.746763988257701,4.248495242049359
dfs_4dce52de842ca531,5.415967059981408,13.46247896894034,3.2188758248682006
dfs_ddc7bf6aee0d7c2e,5.367096881942863,13.913089072242537,2.3978952727983707
dfs_d99255e49f8991b0,4.756516938482616,13.66874338616415,4.5217885770490405
dfs_72132e2fa3c05b2e,4.607567310587813,14.51891445807914,3.4657359027997265
dfs_c71ceddf8e0a4f87,5.348107031050552,13.90012097161348,2.5649493574615367
dfs_3175148faddebc66,0.0,15.096044879182712,4.382026634673881
dfs_9dc08e35be271518,0.0,14.71432099583759,3.7612001156935624
dfs_2192d96c5a809af6,5.451081371099666,14.167557308318766,0.6931471805599453
dfs_577f5bb1cc3b5fa3,5.00071962930888,14.806255116463312,4.61512051684126
dfs_77f5c8aaaeab0902,5.549659572220925,14.51767198782537,4.532599493153256
dfs_5d277b10b67411dc,5.905716008765504,14.520968153473808,3.6375861597263857
dfs_aeeba16d0b2a0c96,0.0,15.687785699923333,5.159055299214529
dfs_27817d3212836f5d,5.22612294699955,11.968278547132394,2.1972245773362196
dfs_89596153cca15538,4.36665915754276,14.84006861662427,3.2188758248682006
dfs_cbede9dea5393191,5.288973851544884,15.095900644505138,4.634728988229636
dfs_46bb8d4b16175a98,5.952099823585705,14.372305227427276,4.948759890378168
dfs_da23a33180edbf1b,5.0449078880383516,14.0904378833612,2.995732273553991
dfs_bc25e7e7f15bed89,5.726130878319963,15.294059754254938,6.0330862217988015
dfs_87c5cc099e6f091e,5.983003856190115,13.594453578244686,2.639057329615259
dfs_7ad392579b80374a,4.659753063758383,14.759316841014966,3.784189633918261
dfs_baadfe1be49bc6f6,4.865609522045998,14.688904644718123,4.634728988229636
dfs_e73aec3d7c215c50,5.979619672740059,11.401792766717712,0.6931471805599453
dfs_26e79939d5107b5d,5.59053911904185,11.831524640056731,1.791759469228055
dfs_17001698a600337f,6.294287663244266,13.539734658234968,2.0794415416798357
dfs_80eb32a774309a68,5.605471129189413,13.159285296507896,2.3978952727983707
dfs_93a6bccbf013eccf,0.0,15.751562127671408,5.111987788356544
dfs_e416a5e3017aeff9,5.712907382433202,12.680311045463885,2.302585092994046
dfs_6b7854de8d4a46a0,5.427809361780791,14.43199211374838,2.772588722239781
dfs_9334a0ac61960891,5.196893536410073,14.504820385292964,4.343805421853684
dfs_9f6b4900832acf48,5.768914569593983,13.695851638938354,2.5649493574615367
dfs_208d126a3c1a219e,4.844738115716443,13.86760573076138,2.9444389791664403
dfs_b6b365a90566e626,5.433678334478489,15.181996521771339,5.236441962829949
dfs_a69b5d603f90c70c,5.523259299803626,15.109897941811317,4.454347296253507
dfs_0178509cc6e964d0,0.0,15.056350731577687,4.6443908991413725
dfs_059321f4dbd3d4ac,5.127766265352998,14.928808811336658,4.983606621708336
dfs_7489e2765847bc12,4.896121907307495,12.181052229218032,2.1972245773362196
dfs_1a1c77dd587736a5,5.539182950849863,13.205231014282367,2.70805020110221
dfs_f0cc71008cc038d4,4.767969076293182,14.682638776355596,4.204692619390966
dfs_87e84c1401a28bb7,5.151324342807377,14.734779650116852,3.9889840465642745
dfs_b19281d0d97dbcd4,0.0,14.90810443896136,4.1588830833596715
dfs_df6a831e1edde2e1,4.646983688801502,15.037128369479648,3.4339872044851463
dfs_e1687690388be2ad,5.373332070353483,13.330711615872241,2.8903717578961645
dfs_b9d770bca47db9df,4.865609522045998,15.195686489610315,4.189654742026425
dfs_4e42b92b13761711,5.078854533073399,14.727498847593285,5.049856007249537
dfs_31f6150f6fced7e5,0.0,14.710732084771163,4.127134385045092
dfs_a3cdfc0d20b8d9fb,0.0,13.824479219018462,2.70805020110221
dfs_a56e2fc18b9bc39e,4.865609522045998,15.195686489610315,3.8918202981106265
dfs_74221a2093f9d06f,5.070475294452272,14.884111648742024,5.017279836814924
dfs_30b0ccc8c2df9d0e,0.0,14.866347916937988,3.4339872044851463
dfs_e115fb5e40708be4,5.151324342807377,14.58748647886827,4.248495242049359
dfs_adf95f40e54f57ee,4.36665915754276,14.805140223500697,3.295836866004329
dfs_86c5d31cf9831dc9,5.159055299214529,14.327596187589377,4.143134726391533
dfs_3dbc5cc63740ba78,5.813951411306332,13.262504378362488,2.772588722239781
dfs_32b1b001ca96eac5,5.549659572220925,14.51767198782537,4.532599493153256
dfs_8468b95ed9198204,4.416548827045609,15.574513681586748,4.68213122712422
dfs_d2cc6bcdb3eb2aa8,0.0,15.04416348699773,4.189654742026425
dfs_d4e2c1ca36c70423,4.607567310587813,15.394622037603872,4.454347296253507
dfs_0c88888b2060b9d1,5.302458779048587,15.079006295117184,4.02535169073515
dfs_01a3b16adae1c3c0,5.6536113574098374,15.656333487346345,4.787491742782046
dfs_6b543db9445d9296,5.496102083395356,14.361021626081785,2.4849066497880004
dfs_23d319816b763f6a,5.295764109760319,13.468091219879083,3.1780538303479458
dfs_78320a8f4c4dce78,5.433678334478489,15.459932336160803,5.963579343618446
dfs_317ce0fe7b7815d0,0.0,14.815906013267167,4.219507705176107
dfs_c9f8d2da2090162a,5.315715143724457,13.918967462904368,3.2188758248682006
dfs_048df32835ed2730,4.844738115716443,14.02047628926774,2.772588722239781
dfs_88fb90671f26fae8,,,2.8903717578961645
dfs_1c971fab0c057ed6,,,4.7535901911063645
dfs_358893485986dd30,5.76472077276128,13.535936856973148,3.044522437723423
dfs_070ccf45086fd13e,4.4326009206368155,14.645844193263482,4.110873864173311
dfs_e15bb8f95c7b94a4,,,3.7612001156935624
dfs_7b610871ce7c09cb,5.027492411162679,14.482092999598418,2.639057329615259
dfs_cf42e5e7145d7360,5.456815724368715,14.410840368343157,4.04305126783455
dfs_bff8237d122ca3a6,5.391807709635375,14.576763016216317,3.5263605246161616
dfs_cef7e94b0b2c38e7,4.756516938482616,14.327460749167207,4.007333185232471
dfs_076df237776af954,5.585524326151581,14.2216627633004,3.4339872044851463
dfs_6ed1c3b36ed28238,5.254574443600118,15.365006515511837,5.049856007249537
dfs_efbcad571bf5655d,5.7434518051144074,12.967919988075158,2.5649493574615367
dfs_4af1312873e3d65f,6.048435443367608,13.963733129800776,4.02535169073515
dfs_6055c6ec19230262,5.119788607992779,15.414603949862661,5.424950017481403
dfs_892ef7d812392763,4.22038966907276,15.461778443393092,5.049856007249537
dfs_32d1d7ac35653dc6,5.7434518051144074,14.097645020846176,4.3694478524670215
dfs_5b75c69df6d08599,,,3.784189633918261
dfs_df15edee711d0e3a,5.127766265352998,15.733102798836168,4.406719247264253
dfs_9a7e0504755ee1a4,0.0,14.75307107562516,4.2626798770413155
dfs_a6ea8c3a031f61b1,5.620147210360944,14.01662115665481,4.04305126783455
dfs_4dd444c89d42294e,5.952099823585705,14.372305227427276,4.948759890378168
dfs_09d28d0cec63437b,0.0,14.126857642034622,4.1588830833596715
dfs_3307f067ef02591f,5.620147210360944,13.545133879668846,1.3862943611198906
dfs_dcadbbf8f740a476,5.247550249494384,14.183757586309632,3.970291913552122
dfs_0cc3bccbabd0a2a4,5.053503194323431,14.343662805080536,2.833213344056216
dfs_3cf2c8d716644710,3.975936331171799,15.676875999583395,5.6937321388027
dfs_083cd29cacbfadd7,4.094511215001422,13.136617305770091,1.791759469228055
dfs_4c1c1344e4d1cb75,5.391807709635375,13.791733101490772,3.295836866004329
dfs_622dfa0666e3cdf6,0.0,14.645690307371963,5.247024072160486
dfs_b7b84d0125c1a3e6,0.0,14.798928956244719,5.220355825078325
dfs_cfccabb7e78c93c0,4.721262904974945,15.304234468654256,4.919980925828125
dfs_2dceff3df419a603,5.7434518051144074,14.009880079022837,2.639057329615259
dfs_76149c340431753f,5.6995401553980685,15.67335485218564,4.962844630259907
dfs_76e8669e5664565b,5.27535575491069,11.380467781428035,1.3862943611198906
dfs_d12950ceeebbdd04,5.427809361780791,14.786719685599003,3.8712010109078907
dfs_219b1655832e8f5b,5.528595406762846,14.570205228484467,3.7612001156935624
dfs_8a4e7fa5e3c17e06,5.672223005748435,14.786692424230631,2.70805020110221
dfs_9ff14ffc027de13f,4.9159582471543475,14.775220484712069,4.5217885770490405
dfs_fe68d1ada39c9408,5.14353315274717,15.575008509236188,4.605170185988092
dfs_79cd96c75f925a4d,4.935480620495495,14.154852957438887,4.51085950651685
dfs_19dc28be3ece1984,5.883545204888487,13.858851616975697,2.5649493574615367
dfs_388bfc59bf74c0db,4.973279507552487,12.516094564988729,2.8903717578961645
dfs_84ec40d5c582711b,4.896121907307495,14.744350616611483,4.1588830833596715
dfs_0caf18f4d630c483,4.697111059686448,15.391881535850143,4.276666119016055
dfs_9afe38f7cb57ef07,4.594109238628667,12.727686862570582,2.3978952727983707
dfs_408b258925d30369,6.501589925759579,13.768345572476273,2.8903717578961645
dfs_5758affb9e0fe4b6,4.991656327498453,15.241282330056972,4.394449154672439
dfs_5fb8cf774bd1d259,4.991656327498453,14.862849552044835,4.6443908991413725
dfs_53b8b38e36240bbd,6.153562137855051,13.483122569435272,3.044522437723423
dfs_393110fe6566311d,5.233352087695677,14.746488108574175,4.060443010546419
dfs_f561b46ae3c94619,4.74493212836325,14.030035475323261,4.02535169073515
dfs_8df06aa925f43934,4.767969076293182,14.682638776355596,4.219507705176107
dfs_e36c95a2e5929707,5.288973851544884,14.025807139213741,1.9459101490553132
dfs_967c2003f9bd242d,5.797788774475323,12.688893778486523,2.70805020110221
dfs_e0179df89af7c3ce,5.295764109760319,14.848119430838144,3.5263605246161616
dfs_09e908c75f978fb1,4.844738115716443,14.456431904193268,5.0369526024136295
dfs_f0597958528adec2,4.973279507552487,14.797323826673713,4.219507705176107
dfs_b624b3aec57ca775,0.0,15.44599013369389,3.6635616461296463
dfs_c51f22d6e918b342,4.697111059686448,13.869167905774214,2.0794415416798357
dfs_c9cb8216f003dd1b,4.58046757334772,15.125585912572236,4.795790545596741
dfs_5059f49cc6c13203,5.523259299803626,14.571269091365304,4.304065093204169
dfs_0b81134838eefa8c,5.554895693948484,14.167630443357726,0.0
dfs_286ce115edb50959,5.64417400305089,12.829781319608356,0.0
dfs_0972b3cf473031e9,5.739149618493492,12.789318460806243,1.0986122886681096
dfs_fe6a128b7932d5d9,5.59053911904185,13.89438920376522,2.5649493574615367
dfs_a9353db7b2ad5067,5.704015780771546,14.142156820285436,2.8903717578961645
dfs_4f47f2c781fe2709,6.274272259143502,14.2907094185948,1.791759469228055
dfs_46af17cd54acb342,4.834057211929367,13.088864503263855,2.772588722239781
dfs_3bc02023ad36d744,6.2250731482699555,10.718675359005099,1.0986122886681096
dfs_d79d54662dcd0c37,4.790487251761845,13.284570658344736,2.70805020110221
dfs_264f401163213a04,,,3.2188758248682006
dfs_0a059b19f7a3af92,4.697111059686448,15.613764393072106,4.882801922586371
dfs_ca77d87407cfdff8,6.142101919635312,13.499422152256711,2.639057329615259
dfs_4ca6e8a487c328b5,5.433678334478489,15.181996521771339,4.663439094112067
dfs_82e66e752e91f891,5.211615032708743,15.736879300854092,4.276666119016055
dfs_6986b148e38e5428,5.615279076064797,11.447437159597042,2.0794415416798357
dfs_03b40f8854d18602,6.264121810291653,13.645323479688912,2.8903717578961645
dfs_715c798fcb5b6537,5.32227800399288,14.014516322743667,2.302585092994046
dfs_3e1e0e58a3b9d498,5.600530844845727,14.170394398835136,2.1972245773362196
dfs_29b08c43565ae69f,5.517894565982638,14.37401601542518,1.6094379124341003
dfs_688403df9cc0ecba,0.0,15.491472830950993,4.356708826689592
dfs_23764f4313baecdf,5.570327269605522,14.430861048330653,5.407171771460119
dfs_672a62992be947df,5.3352759075335685,12.139430580160614,0.6931471805599453
dfs_7bc6acda4ba0eb7f,5.817944146267096,13.282962364992612,2.1972245773362196
dfs_c05c3c2defca8a6f,5.485045865160197,14.491724680074322,1.791759469228055
dfs_ff530f174352f0c8,5.367096881942863,13.624552211244415,4.07753744390572
dfs_b26a5bc4d80b1626,0.0,13.096255513818543,3.1354942159291497
dfs_caf5653aa66832a4,4.95455864787585,13.935530201658228,2.995732273553991
dfs_2d8253d0a8afcbc3,5.533903190752134,13.659374742391563,3.4011973816621555
dfs_d826c9aad414cfdb,0.0,15.320586345071906,4.189654742026425
dfs_2df031bb54db8e5d,,,3.6888794541139363
dfs_fe1fcd8a169b1a61,0.0,14.102781295829582,1.9459101490553132
dfs_ce21009cc5d4a71f,5.08716414308538,13.258026496285057,2.4849066497880004
dfs_83e0a58349a8455d,5.84935359797542,13.628255250212543,2.9444389791664403
dfs_f1013594f49ad29a,5.676822293073418,13.770352091191386,1.6094379124341003
dfs_479715c79c345474,5.0362380614757605,13.104319562490462,2.0794415416798357
dfs_a6e0b9b2aaa0c2bf,5.159055299214529,13.839169465734157,2.639057329615259
dfs_e3ecb321a111c1d1,5.27535575491069,14.24416210430106,3.367295829986474
dfs_52db3ff399a5ac1b,5.726130878319963,14.164888443008621,2.772588722239781
dfs_5118ee04fa66536a,5.181952075416771,14.520013022562354,4.605170185988092
dfs_fd69979d22f08039,5.615279076064797,11.447437159597042,1.6094379124341003
dfs_b612d2f917df8618,5.397891171444129,13.710606604732627,2.4849066497880004
dfs_3d3bf9ca5be525c9,0.0,14.70525729449616,4.543294782270004
dfs_a86f7125c647fca8,4.36665915754276,14.805140223500697,3.6375861597263857
dfs_dd2a9491fc24c44e,0.0,14.798928956244719,5.209486152841421
dfs_07581cc8e6e61a47,6.184437509077075,12.873617362210569,1.0986122886681096
dfs_877f49b65584fc6f,4.4326009206368155,15.535523367508757,4.948759890378168
dfs_a1afca4cef908104,5.84935359797542,14.148251556451928,1.3862943611198906
dfs_e52894fb4431a747,3.9504741918023987,14.114600561819554,3.332204510175204
dfs_7d026f95ebcd4d77,4.697111059686448,15.613764393072106,4.624972813284271
dfs_24cc448d83965e1f,5.752001046926676,13.75453262374036,1.3862943611198906
dfs_74672c41bff441ec,0.0,14.419358109117168,5.318119993844216
dfs_2c108161e53e4fbc,0.0,14.127174746761296,4.787491742782046
dfs_13f924fbcc0740f2,6.038896646667843,14.196539520591566,2.772588722239781
dfs_1a8d4d46939c4589,5.211615032708743,13.890680180653296,2.639057329615259
dfs_64af649499065a2e,4.6848128136402885,15.13195042650835,4.804021044733257
dfs_8ac863336a2d937e,5.752001046926676,14.119773898230132,2.5649493574615367
dfs_3ca3724b3fdb6e60,0.0,14.866347916937988,2.995732273553991
dfs_1315dca537598fea,5.348107031050552,14.112567548226135,3.1780538303479458
dfs_1176fa18237ddbbb,4.991656327498453,14.760742425635168,2.5649493574615367
dfs_393c996287b4b109,4.4326009206368155,13.37789512251229,2.772588722239781
dfs_d79630cd55ffa4b3,5.793714582156809,13.273562276438554,2.8903717578961645
dfs_f59aa843624d1344,5.533903190752134,13.659374742391563,3.367295829986474
dfs_c46f39142074e7d9,0.0,15.751562127671408,4.852030263919617
dfs_c15088fcee686a8f,6.142101919635312,13.499422152256711,2.639057329615259
dfs_924fdce892b11e5f,4.6848128136402885,14.883566039883304,4.31748811353631
dfs_057686788d34a5b8,5.391807709635375,14.862597244561739,5.0369526024136295
dfs_1abc36e0abfe28c1,5.354508646197779,14.372942248208131,3.4011973816621555
dfs_60c7bea540cb347e,5.295764109760319,13.76247574801842,2.4849066497880004
dfs_14aa5145277e9d36,0.0,15.24832178698683,4.61512051684126
dfs_57d6b9f2d5a9b8dd,4.6848128136402885,13.989387391575452,3.2188758248682006
dfs_1d86b6d42e9495d9,6.41763057174018,12.656877527607417,3.1780538303479458
dfs_fed34f0857c4203d,5.348107031050552,13.467463996525247,3.1354942159291497
dfs_429dc9bb8861f479,4.697111059686448,13.869167905774214,2.1972245773362196
dfs_37eb6ee14e52c20e,5.938063770380866,13.945927229878562,0.6931471805599453
dfs_3f1da4d229ecea85,4.8860542039388735,14.747178846818748,2.639057329615259
dfs_77e5b5b99618ff6f,5.421905740792655,15.105462506711062,2.0794415416798357
dfs_6a925d9ae387419d,5.999779878711696,12.740086335990629,1.3862943611198906
dfs_8f60de2c083f8072,5.0097015249361645,15.045311622471607,4.3694478524670215
dfs_d282dedc90651121,5.367096881942863,13.913089072242537,2.639057329615259
dfs_1d5a68868555b76b,4.552612935249416,14.529624393959052,2.3978952727983707
dfs_4c8b7d44d527e336,5.934497291466729,12.662661700354048,2.833213344056216
dfs_f1e8e7db7a4bd417,5.658296844495069,14.962600898607809,3.6635616461296463
dfs_6011f2674ca5dc7c,5.421905740792655,15.105462506711062,1.0986122886681096
dfs_318792577b7db1e5,5.570327269605522,14.430861048330653,5.484796933490655
dfs_403cda0d9438848d,5.7434518051144074,13.947660997511864,3.4965075614664802
dfs_917322c101a745c4,5.456815724368715,14.974442794589471,4.330733340286331
dfs_b6e253a99b6b8fc6,5.4395130632148145,14.605441831584544,4.1588830833596715
dfs_6e6b02b74da6e666,5.5652098247922615,14.82577603288935,2.833213344056216
dfs_8ef614e79351af0d,5.68140052376307,12.715891762938538,2.833213344056216
dfs_73b7b706374e49e7,5.456815724368715,14.504656745214433,3.4011973816621555
dfs_fa0688ca05f01186,5.3091089276262355,14.660517940064835,3.1354942159291497
dfs_38485f7fc0ca43fc,5.857047047721082,14.508720736539802,4.248495242049359
dfs_46615d57e360745c,5.777249765426953,14.023572958250378,2.639057329615259
dfs_ae4a9cabee986fd6,6.181671598175927,12.411842138186676,1.0986122886681096
dfs_ea05cbe270a708c9,5.560066056973313,14.299748644904456,3.5553480614894135
dfs_b07712d5a06bfe7b,4.973279507552487,13.828604457475432,3.4011973816621555
dfs_67405179f87ce8df,0.0,14.488952866449843,3.5263605246161616
dfs_06f1135a25474943,5.062025250478552,14.154055644746418,3.4965075614664802
dfs_43aee8eda8bee043,5.560066056973313,14.604297409494913,3.6375861597263857
dfs_dbce3f1b3684e8dd,5.809942670484592,14.299728927382603,2.833213344056216
dfs_cd3751ca8bd03063,5.3352759075335685,14.46304093391903,1.791759469228055
dfs_c68115bee089631b,6.054767930777221,13.514521674643987,1.0986122886681096
dfs_cdfa3f2f131812e3,5.397891171444129,15.076943830507142,4.219507705176107
dfs_49e1ec851ff10de9,5.726130878319963,14.230218816239208,2.70805020110221
dfs_a641b573bf8aada6,5.620147210360944,13.238662646156165,2.5649493574615367
dfs_e79423a881fa4cae,6.4371434648294485,11.698350534216814,1.0986122886681096
dfs_06f68809d618b392,5.752001046926676,13.378347330907532,3.091042453358316
dfs_d55b06264e11fc99,6.006402419472189,13.319008526671352,1.3862943611198906
dfs_1fc41c5ac4edb76a,,,4.927253685157205
dfs_d90c3792a5a6e777,,,1.6094379124341003
dfs_5194d4c37cfc5ba8,5.528595406762846,14.570205228484467,3.7376696182833684
dfs_7329c021e5243882,5.295764109760319,14.848119430838144,3.367295829986474
dfs_40ad5c0f4e31e094,5.5754186594556305,13.77506869951648,2.70805020110221
dfs_850d5e3b65874105,4.963962885897825,14.153652114780625,1.0986122886681096
dfs_58e74cab8b014625,5.00071962930888,13.929106171928368,2.5649493574615367
dfs_b2e5e03b5367935a,0.0,15.45676046045999,4.90527477843843
dfs_2061dd14dbe9515b,,,4.174387269895637
dfs_6e4e7b9b3ba92fe3,0.0,13.598320499390411,2.8903717578961645
dfs_6b9ca5dbaa55bc5a,4.697111059686448,15.391881535850143,4.454347296253507
dfs_bd45a8fe491f4d66,5.159055299214529,14.430474010210677,2.8903717578961645
dfs_cfec7977f19005c9,6.271744289793001,12.99286270763395,1.791759469228055
dfs_10c2316bb15059d7,4.963962885897825,14.237976332323877,3.5263605246161616
dfs_ad666e9769d7b5a4,0.0,13.419803683051784,2.4849066497880004
dfs_45174d7b80f8516d,4.239886867512759,13.766307708652041,3.258096538021482
dfs_cff905b2218bade8,0.0,14.671652055007694,4.5217885770490405
dfs_f83761fab7ed86b9,4.865609522045998,15.195686489610315,4.2626798770413155
dfs_f093e7cee95fe205,4.95455864787585,13.935530201658228,2.833213344056216
dfs_85faafdf68204bcc,5.3352759075335685,14.992767654622353,4.406719247264253
dfs_cda34cabfdf5e0cf,0.0,14.815906013267167,4.343805421853684
dfs_cebf976a5e28fdf2,5.726130878319963,15.294059754254938,5.5093883366279774
dfs_0f2a32971f9f0f2e,5.8798064655651,13.934633140471474,2.302585092994046
dfs_475460049922dfcc,5.14353315274717,15.575008509236188,4.3694478524670215
dfs_a932de97fd9545fa,0.0,14.745619773298051,4.304065093204169
dfs_ae140e975602a121,,,2.639057329615259
dfs_1b3d4c79841f294f,5.32227800399288,15.343187069951526,4.110873864173311
dfs_808e6c71a28b0c74,0.0,14.351425398589594,2.1972245773362196
dfs_7d4c9d861254fcad,6.468847134753621,12.73068282426678,0.6931471805599453
dfs_6f824bf7720f97dd,5.166783976586187,13.754811058344567,3.295836866004329
dfs_e08c57b7c388beb1,5.240476366858187,14.375043485323998,1.0986122886681096
dfs_f4e438ee5c963041,5.13568078307048,15.281489562660402,4.219507705176107
dfs_a02e927e80064f05,0.0,14.90810443896136,4.653960350157523
dfs_a0c57c95f93ae3a1,5.288973851544884,15.017589369818289,4.770684624465665
dfs_86dee87fec7413d9,,,3.912023005428146
dfs_41b02a8c4c67bcf9,5.348107031050552,13.467463996525247,3.1354942159291497
dfs_58f32983d675b2c7,4.416548827045609,15.728877444274353,4.962844630259907
dfs_3b213d7c025eb8e4,6.523488882014966,10.609353505503847,0.6931471805599453
dfs_845861d48f085b35,4.659753063758383,14.306096534954982,2.639057329615259
dfs_b22b491b4b142e87,5.549659572220925,14.51767198782537,4.454347296253507
dfs_8132d2617b05d952,,,3.5553480614894135
dfs_d5dfdb75a56ba2dd,5.726130878319963,15.148346123796369,4.770684624465665
dfs_4c503a4371dd6f22,5.920210191821679,13.72319349431535,2.5649493574615367
dfs_b4baeacb9c7674eb,5.4682289032653095,15.397192615869379,3.8712010109078907
dfs_502bcbbd24732143,0.0,15.24832178698683,4.955827057601261
dfs_edc7dbf2ffa58655,5.496102083395356,14.361021626081785,2.8903717578961645
dfs_1c7ed3ee4051e274,4.896121907307495,12.181052229218032,2.3978952727983707
dfs_c9bc110e217ca3b8,5.0362380614757605,13.191818542017344,3.332204510175204
dfs_f4b7a3b826367881,,,5.805134968916488
dfs_554ef63d0e9bf9d2,4.697111059686448,14.032581307085048,2.995732273553991
dfs_ea9801cff8b1a021,5.549659572220925,14.56897925558552,3.4339872044851463
dfs_3a3dd45227a15002,5.560066056973313,14.529696855953258,3.1780538303479458
dfs_85958aa8dc93e06f,0.0,14.607788791305818,3.295836866004329
dfs_c613a271940f4e1a,5.6995401553980685,15.67335485218564,4.976733742420574
dfs_3cf0f835314088d8,,,2.70805020110221
dfs_9ad3e38a8e2833e7,5.240476366858187,14.667806620786498,4.174387269895637
dfs_db3181e849951e85,0.0,13.812800890128003,2.639057329615259
dfs_0dd0125c28ec5039,5.391807709635375,15.498709953960429,4.948759890378168
dfs_d199ef406ea5651b,5.415967059981408,14.787760740765068,2.639057329615259
dfs_d6bb6b09a8299228,,,2.302585092994046
dfs_95f90c19f9d992a0,0.0,15.35300252860252,4.304065093204169
dfs_f877d9030748fb01,5.938063770380866,13.594081785575947,2.4849066497880004
dfs_2449b8f64ac7bb34,5.853207721476128,14.05531376338922,3.1354942159291497
dfs_041b09fc3aefae5f,4.963962885897825,15.415485638698183,4.574710978503383
dfs_b99b4f287aba9a39,5.490589254195159,13.55683438412193,1.9459101490553132
dfs_47796f232999477d,5.027492411162679,13.146441166883358,2.5649493574615367
dfs_4faefc10bf926fed,4.991656327498453,14.865915312700986,4.882801922586371
dfs_d898cc156be337c5,4.982510130370407,14.710739029537596,5.123963979403259
dfs_f11223fca41a5134,0.0,13.423408268376157,2.833213344056216
dfs_6ae39adb172a1dd4,0.0,15.629652982707178,3.970291913552122
dfs_5afd5058ce79cfb3,5.254574443600118,14.677470544959968,4.127134385045092
dfs_4c67406d30c1c4dd,4.779291546216706,14.270908669016286,2.4849066497880004
dfs_70c761ae7f9fcc0c,4.844738115716443,14.368241557181411,2.833213344056216
dfs_67154071dee3999e,5.295764109760319,15.078796536299478,4.418840607796598
dfs_124185a694d41bc4,,,3.4339872044851463
dfs_7b7ab786cd8f3518,5.84935359797542,13.9935429293398,2.833213344056216
dfs_27fac05193fecd12,5.3352759075335685,14.46304093391903,1.9459101490553132
dfs_b94b2f755443e063,5.517894565982638,12.717185228119543,1.6094379124341003
dfs_a82d9aaf3a1114c7,0.0,14.71432099583759,3.7612001156935624
dfs_58b111252789d935,0.0,15.23726399884966,4.465908118654584
dfs_393268733df29bc6,4.416548827045609,15.574513681586748,4.454347296253507
dfs_6ae8c231b59be4f1,6.413245819701083,14.15176205593879,2.302585092994046
dfs_9760530abe029c6b,5.68140052376307,12.715891762938538,2.772588722239781
dfs_9e637b875ba9c4c8,4.855228269843183,14.74741003706158,4.31748811353631
dfs_d80ad1ece31f6a06,5.00071962930888,13.929106171928368,2.639057329615259
dfs_59d5e7cc24141950,5.809942670484592,13.71228886450579,1.6094379124341003
dfs_a6fdf50e3bed6643,5.295764109760319,14.991280473382565,3.8918202981106265
dfs_d08083aafd66b636,4.896121907307495,15.477193991274346,4.430816798843313
dfs_b01349e23d4498c4,4.721262904974945,14.430058155711576,3.8501476017100584
dfs_9254ddced0981256,,,0.0
dfs_7235e7dc7cd2dba8,,,0.6931471805599453
dfs_021746bc50cd6e0d,5.938063770380866,14.165064709128615,1.0986122886681096
dfs_fe5366c0720ff214,5.634611015794902,13.698157304938103,1.6094379124341003
dfs_8989470f61b70380,4.855228269843183,14.956293691045468,3.2188758248682006
dfs_c332f608a853d5c4,5.40393784841172,15.146702008895451,4.955827057601261
dfs_d1a82630472ac27f,5.615279076064797,14.064189293634819,2.1972245773362196
dfs_b46a5470f8426637,5.247550249494384,15.508442752989511,4.762173934797756
dfs_f9e4c7a8fe61bffa,0.0,14.419358109117168,5.3471075307174685
dfs_23ee2a54d16dfba7,5.151324342807377,14.734779650116852,4.1588830833596715
dfs_3771a8f6eb8c16b6,4.767969076293182,13.681170838731807,3.367295829986474
dfs_a35d1209a1095925,5.295764109760319,13.76247574801842,2.3978952727983707
dfs_12f1558ce9c894e1,5.712907382433202,15.585095819922161,4.919980925828125
dfs_2b2f82c965106c6b,6.181671598175927,12.411842138186676,0.0
dfs_db7547dc0e08880c,5.605471129189413,13.982009257660527,2.772588722239781
dfs_855768e6b9907911,5.302458779048587,13.444694671956587,3.295836866004329
dfs_97856326cabffcbe,5.821921002673243,13.25524781079585,1.3862943611198906
dfs_1a3efd2b982d9d8e,5.247550249494384,14.774787596544455,4.0943445622221
dfs_3cdd341223947b82,,,4.553876891600541
dfs_68b34cac845297c5,5.902032059776429,15.001442398353525,3.367295829986474
dfs_cc50a847b69bbc2a,5.302458779048587,14.691881388309914,3.2188758248682006
dfs_1ba5b7fe98c65855,5.485045865160197,14.960943771534996,3.332204510175204
dfs_615f7908209bbef1,5.288973851544884,14.820281287876043,5.337538079701318
dfs_feaf8a5b5763c17e,5.445313945282377,15.72167833782745,4.795790545596741
dfs_429791480706d3ae,4.95455864787585,14.61220841741506,4.59511985013459
dfs_dcfde44ba5213b6f,5.554895693948484,14.167630443357726,1.0986122886681096
dfs_109f57a93206f65e,5.421905740792655,13.753872360153194,2.639057329615259
dfs_5bd6df91df241d3f,4.607567310587813,15.394622037603872,4.454347296253507
dfs_65f911e18a0f5326,4.9159582471543475,15.462814227551691,4.68213122712422
dfs_7099db5f966f0785,4.672361435528415,14.51300925691991,4.454347296253507
dfs_944dcca92e268316,4.672361435528415,14.314365821991847,3.9889840465642745
dfs_cc30cb13224a6789,5.159055299214529,14.845578445995917,4.997212273764115
dfs_261431367e9779e5,5.288973851544884,15.741562109585681,4.330733340286331
dfs_f4994643871491c0,6.4371434648294485,11.698350534216814,1.6094379124341003
dfs_8b9ac85060cddebd,6.051594929161006,13.336332169032286,2.772588722239781
dfs_4096e20a62dcc730,5.4395130632148145,13.996935045845534,3.1780538303479458
dfs_f4e21be342f000b0,4.659753063758383,13.304339874672092,3.332204510175204
dfs_b14b14b5a2ea9a33,5.151324342807377,14.427909073388008,2.9444389791664403
dfs_15498b0de2d90949,0.0,15.730544623257867,4.406719247264253
dfs_f156cf05bf939ede,4.607567310587813,15.394622037603872,4.465908118654584
dfs_dec0193c919095a3,6.198173791958767,14.57282994257588,4.04305126783455
dfs_7353cfd8ba925806,5.89098100852966,13.508315336313485,2.70805020110221
dfs_ca56fe706b1a0ca8,0.0,13.994592706870844,4.02535169073515
dfs_20f494b0fb274d5c,5.554895693948484,14.167630443357726,0.6931471805599453
dfs_e1fc8334da2c4a6f,5.68140052376307,12.715891762938538,2.833213344056216
dfs_6a28d3223d94e309,5.490589254195159,14.656151021264478,4.110873864173311
dfs_e54a038be84d31a9,4.646983688801502,13.509147069424046,3.1354942159291497
dfs_0fb6298a4fa6aed1,4.74493212836325,14.0012271783355,2.4849066497880004
dfs_49cd43a6b5047356,5.501584687857454,15.17873483947495,4.110873864173311
dfs_56bdfdca592cb396,0.0,15.02082246529144,4.3694478524670215
dfs_6e7ff0594aaa7159,5.570327269605522,14.430861048330653,5.484796933490655
dfs_f826f38955f408db,4.200354866721424,13.214442889672158,1.9459101490553132
dfs_d4ac4d9c72e841e7,4.509319860331257,15.236552179713863,4.276666119016055
dfs_c33af7ea39bba40f,4.672361435528415,15.132299952213037,4.77912349311153
dfs_3b468b2a7b1bbdfb,5.151324342807377,13.880133763016062,2.8903717578961645
dfs_1ca34b9fbebdf563,4.659753063758383,13.810452788987345,2.70805020110221
dfs_286f1b251b49c2cb,5.070475294452272,14.714289652220154,3.7376696182833684
dfs_5d78dee98a3a1713,5.095466518501589,13.578318790924005,3.4011973816621555
dfs_726f0ae426c65555,0.0,14.713309770664239,3.4339872044851463
dfs_68ce708ed7ef6ef2,5.174396784628558,15.636102675880549,3.6888794541139363
dfs_c08037849376c64f,,,4.605170185988092
dfs_749fa7d22e7740c1,5.078854533073399,15.047578569727373,4.07753744390572
dfs_b69461eb69077786,5.103639787544498,14.169665529437795,4.110873864173311
dfs_1812f347eaa3c731,5.523259299803626,15.095893696259424,4.04305126783455
dfs_79721f55efe653ec,0.0,15.476395292999866,5.655991810819852
dfs_99ea16db4ec9ed64,5.32227800399288,15.57230014643561,5.056245805348308
dfs_679cfab706e12cae,5.427809361780791,14.43199211374838,2.70805020110221
dfs_3be466ce92b742fc,5.605471129189413,14.268731009285021,2.5649493574615367
dfs_b593ef73bf317978,4.991656327498453,14.862849552044835,4.663439094112067
dfs_693931df6aa41535,3.8124236402053913,14.545820084692938,3.6375861597263857
dfs_d92ad0ed98d3d363,5.610387127056648,12.72220814691104,2.302585092994046
dfs_e6dbffc1a1e91e4c,5.456815724368715,12.680223911426785,1.6094379124341003
dfs_67d95026038f8356,5.211615032708743,13.622155151522616,2.4849066497880004
dfs_53ef094ad83da669,5.969397858758734,13.42984807715229,2.70805020110221
dfs_1471b190d8c3a984,5.433678334478489,15.181996521771339,4.948759890378168
dfs_8b17009387db97f9,6.142101919635312,13.499422152256711,2.70805020110221
dfs_38e48bb2f2aa3ad9,5.261549642355822,13.476157575977668,3.1354942159291497
dfs_695b8a85cec83b15,5.6489038131462115,14.860865167964425,3.5553480614894135
dfs_ef2282b367b159a8,4.973279507552487,13.828604457475432,3.367295829986474
dfs_dbcfa868a9731c1a,5.528595406762846,14.570205228484467,3.5263605246161616
dfs_222f3c37318fe37c,5.174396784628558,15.591078820858131,5.91350300563827
dfs_1d546262b6e0385f,0.0,14.485783608990827,3.5553480614894135
dfs_00a8e7a60d12f0dc,5.872286789278651,14.004159554224843,2.70805020110221
dfs_f6bd49e694e03d8c,6.230363330366698,11.98487719543398,0.0
dfs_a210d91cc3223dd4,6.061037250459942,13.546847799562993,1.3862943611198906
dfs_a33c3aeecfc143b8,5.295764109760319,14.403275000397255,4.060443010546419
dfs_0ffbb8288669c595,5.979619672740059,11.401792766717712,1.0986122886681096
dfs_beb86af1075ace47,5.634611015794902,13.526295310800567,1.9459101490553132
dfs_0e138186757ef13a,5.496102083395356,14.361021626081785,3.1780538303479458
dfs_277709abff50a451,5.517894565982638,14.408428479865234,4.330733340286331
dfs_23145da140d38664,5.517894565982638,13.215339927320374,2.5649493574615367
dfs_8b1a80deb25c2f74,4.552612935249416,15.079205836117021,4.584967478670572
dfs_2e7b403d8b28c41f,4.594109238628667,14.90942281878533,3.1354942159291497
dfs_6de2479e69da04ed,4.277776613300082,15.198496702966585,5.049856007249537
dfs_3ff9902607a8ea04,0.0,12.934890977766399,3.091042453358316
dfs_c2af28f08dd70b73,5.5652098247922615,12.494734238095456,3.2188758248682006
dfs_a61cae48ae9e58b3,0.0,15.118728969948135,4.0943445622221
dfs_9d9dcb84c0e7a438,0.0,13.278621549195211,3.1780538303479458
dfs_ff85c44e210ee411,4.812509505757334,15.182683005050134,5.003946305945459
dfs_0fd0d5add40994d8,5.4395130632148145,14.96190234151747,3.4657359027997265
dfs_8464d77fb30ea29e,0.0,14.078967302381248,2.639057329615259
dfs_8bff338abfa61ba7,5.3091089276262355,15.620852861420216,4.48863636973214
dfs_a7618cc0cabccc57,,,1.791759469228055
dfs_0a6fb5038078ca04,5.254574443600118,15.676174783686157,4.584967478670572
dfs_115b7997aa18c8af,4.672361435528415,14.733248242497341,4.418840607796598
dfs_b83bb7ab69289bb1,,,2.639057329615259
dfs_e89072881da47a71,6.189966984505741,12.138516241829183,0.0
dfs_f7b98c112a47b06d,0.0,15.107512371316675,4.442651256490317
dfs_d4b7d52b6eccaec9,5.7434518051144074,12.967919988075158,2.5649493574615367
dfs_fe86ac2d5a2738c4,4.963962885897825,14.237976332323877,3.5263605246161616
dfs_d9b0457bfebc3f97,5.462559809942086,14.860668974262246,4.6443908991413725
dfs_198f3d55d1eb3167,5.189450711560923,14.787711191277696,3.5553480614894135
dfs_2df5d4490ab7e9df,6.882078432192154,12.548789628784387,0.6931471805599453
dfs_21d45e40a57ae567,5.174396784628558,15.591078820858131,5.717027701406222
dfs_123beee94c759e19,5.427809361780791,14.762352997044907,4.2626798770413155
dfs_a26ff1d041e0f5d3,5.934497291466729,12.662661700354048,2.833213344056216
dfs_411a5c6d6cddbff8,5.805917794958333,15.192981103474368,4.787491742782046
dfs_d5469eb737cd73a8,6.127567630100322,12.584803558435702,0.0
dfs_110d7e1223154c5e,5.6995401553980685,15.67335485218564,4.820281565605037
dfs_8733828898e85b93,6.085751476297188,13.932640936241713,2.302585092994046
dfs_b42de37cc9e05243,0.0,14.607788791305818,3.295836866004329
dfs_75b69075a435aaec,5.433678334478489,15.181996521771339,5.14166355650266
dfs_8a9178ad87f54a3f,5.549659572220925,14.51767198782537,4.430816798843313
dfs_a4d5d50d1e180aae,5.421905740792655,15.357137828374125,4.356708826689592
dfs_c26efaf46c3a4697,5.580484258311707,14.757996382895614,2.8903717578961645
dfs_3ce56a2bd3a2d0a4,5.6536113574098374,15.656333487346345,5.093750200806762
dfs_af0a17cfbbb1e1d7,4.8860542039388735,15.665956301037303,5.043425116919247
dfs_394e16fad466c195,5.204281374621442,14.873499443502665,4.31748811353631
dfs_befc7db42cbba3e5,5.174396784628558,15.273087367488351,4.543294782270004
dfs_01ef0e708e5da6f2,5.261549642355822,15.442861273886221,4.990432586778736
dfs_49a8951b68def988,3.975936331171799,15.676875999583395,5.697093486505405
dfs_af7c22fdc71596e1,5.433678334478489,15.459932336160803,6.052089168924417
dfs_302900efcb2b2c18,4.448399410038142,14.731476036949443,3.332204510175204
dfs_c2dd892d8207730f,5.512500896490735,15.130823553996471,4.859812404361672
dfs_1a309fbe9a5fdd02,4.865609522045998,15.195686489610315,4.304065093204169
dfs_9327b0d52838d8e7,4.6340491455384685,15.48690058717394,4.969813299576001
dfs_cf25f2a449362395,0.0,15.248039200719168,4.465908118654584
dfs_bef226352d3cf75e,5.773090851921525,14.810073323100575,4.430816798843313
dfs_3c40f1aa9d241ed9,4.607567310587813,15.394622037603872,4.454347296253507
dfs_c3d82528191137c1,5.233352087695677,15.177536304094106,4.465908118654584
dfs_4b82487f7c705fee,5.189450711560923,15.482262016649113,3.6635616461296463
dfs_3886998cd2b38f27,5.768914569593983,11.722059337415338,1.3862943611198906
dfs_79bca88e6d2debe0,4.025173103360802,11.6545118290321,3.4339872044851463
dfs_86ad9cc384b94c48,5.211615032708743,11.397615618458733,2.0794415416798357
dfs_cfd2433b4f3ab2a9,5.0449078880383516,11.569967205337425,2.70805020110221
dfs_40d83861a4148d6a,5.726130878319963,11.372835468791305,2.995732273553991
dfs_ee7d9ce3f379f59f,4.025173103360802,11.6545118290321,2.3978952727983707
dfs_cbbe035777871e49,5.585524326151581,11.660767717014435,3.091042453358316
dfs_769eb5927951ec89,6.235645257487992,10.827548021674644,2.70805020110221
dfs_411f35aaadb4b3d0,4.025173103360802,11.6545118290321,3.58351893845611
dfs_9bf65cc8291ad866,6.1008793330938484,11.430000273595963,1.791759469228055
dfs_6fdcdafa4b3fb1a1,4.025173103360802,11.6545118290321,2.995732273553991
dfs_66387fc226948722,4.025173103360802,11.6545118290321,3.4011973816621555
dfs_c1feea62b3b1df5a,6.1008793330938484,11.430000273595963,3.044522437723423
dfs_ac9c90beea125df0,4.116595171156921,11.470904835707616,2.9444389791664403
dfs_39d701f175069cdc,4.259011183777335,11.600533330691745,2.5649493574615367
dfs_120f0391cb881c3d,5.496102083395356,11.242467534979284,2.8903717578961645
dfs_0652d1f3493fc900,5.533903190752134,10.525031314236381,0.6931471805599453
dfs_638de1f9a09a9fa5,4.025173103360802,11.6545118290321,3.367295829986474
dfs_bd21d373f903e955,5.955578268543573,10.983732183846053,1.6094379124341003
dfs_49be6c1f460b2bdc,5.4682289032653095,11.219935999860484,3.044522437723423
dfs_b5043c6b081b819f,4.025173103360802,11.6545118290321,2.995732273553991
dfs_99615c7be7056b65,5.533903190752134,11.24877761085195,3.2188758248682006
dfs_765428c440dcf313,5.070475294452272,11.39704312185282,3.295836866004329
dfs_f78eba4e9843e79c,6.235645257487992,10.827548021674644,2.70805020110221
dfs_8873e4cc2851aac5,5.726130878319963,11.372835468791305,1.6094379124341003
dfs_b0ee454f7dbd1134,6.235645257487992,10.827548021674644,2.9444389791664403
dfs_9e304fc147b054cb,4.025173103360802,11.6545118290321,3.4657359027997265
dfs_4a07ea8e8efc7b47,5.989738057582281,11.077145468859705,2.995732273553991
dfs_a0b50fb75dbf9e57,4.945065129886807,11.528877551184156,3.58351893845611
dfs_be34331872a1e3c5,5.512500896490735,10.916142454026694,2.302585092994046
dfs_90911e99223e1f8e,5.070475294452272,11.39704312185282,3.295836866004329
dfs_93886223e34fbefd,5.247550249494384,11.462011046168678,1.3862943611198906
dfs_d88eae6ccd7a8045,4.790487251761845,11.646013009108584,3.2188758248682006
dfs_8c9f6f2f2d553c21,5.32227800399288,11.591662705507613,2.0794415416798357
dfs_2925389dfa0a33eb,5.233352087695677,11.598974712595139,2.70805020110221
dfs_b0d8becc50e7051b,5.4682289032653095,11.599149031718847,2.70805020110221
dfs_e581ff6317a87a50,0.0,11.536241520784817,1.6094379124341003
dfs_809986e1cc5faddc,5.385687012684944,11.491252289288735,2.3978952727983707
dfs_d3709192987363a3,4.025173103360802,11.6545118290321,2.833213344056216
dfs_3f6f202f266fa9b5,5.473866039054562,11.681739538405681,3.044522437723423
dfs_55ea817d8fd62e16,4.025173103360802,11.6545118290321,2.9444389791664403
dfs_bd62bd47b0919eef,5.837701292221988,11.50699793180543,2.9444389791664403
dfs_089842ccfc25c26a,5.070475294452272,11.39704312185282,2.5649493574615367
dfs_14463fd146ecef79,4.025173103360802,11.6545118290321,2.9444389791664403
dfs_0bc7d524efb67136,4.025173103360802,11.6545118290321,3.2188758248682006
dfs_2e5a33979427395d,4.259011183777335,11.600533330691745,1.9459101490553132
dfs_224afd536ac32598,5.6298129544560265,11.16896929343927,1.791759469228055
dfs_32bd5fdec29348ec,5.288973851544884,11.795363813098955,3.2188758248682006
dfs_011e2e213148822f,5.288973851544884,11.795363813098955,2.9444389791664403
dfs_3210e3700973f429,5.288973851544884,11.795363813098955,2.4849066497880004
dfs_633e1e9f9f65ae97,4.790487251761845,11.385614684158762,2.302585092994046
dfs_238502b6353dea7e,0.0,11.62004742836771,1.3862943611198906
dfs_7fcecada14761565,,,3.1354942159291497
dfs_0a417253652e5916,5.6298129544560265,11.16896929343927,1.9459101490553132
dfs_8558c24f5babf9d2,5.938063770380866,11.381768394268391,2.0794415416798357
dfs_c1b5a9505997c121,5.549659572220925,11.864532589175711,3.044522437723423
dfs_8114a043f4b23dc0,5.6298129544560265,11.16896929343927,0.6931471805599453
dfs_cea3aee00c0bf47f,5.6298129544560265,11.16896929343927,0.6931471805599453
dfs_4d75618a8115915f,5.517894565982638,11.463934780697985,2.0794415416798357
dfs_21e1056cc4855ea7,5.938063770380866,11.381768394268391,0.6931471805599453
dfs_9deb8d86783b1ae4,5.876053695596654,11.367934374399486,2.302585092994046
dfs_505a97e8ac349c24,5.062025250478552,11.370324496371206,1.9459101490553132
dfs_9c80a2c2fcb567f7,5.549659572220925,11.864532589175711,3.258096538021482
dfs_3699c865fdc46142,0.0,11.62004742836771,0.6931471805599453
dfs_8a609a381506974c,5.549659572220925,11.864532589175711,3.4657359027997265
dfs_eaa673ff4c6479ee,5.768914569593983,11.467457276923081,2.995732273553991
dfs_86e5c36c97e00333,5.6298129544560265,11.16896929343927,1.9459101490553132
dfs_65f1246d8c224b05,5.247550249494384,11.37308851978243,0.0
dfs_cb462e3d552291fb,6.073459194660609,11.596163063540285,2.3978952727983707
dfs_ebb7713f72c5c825,6.067267510523482,11.987331887680755,1.791759469228055
dfs_a0f2abfe63aa90fe,5.288973851544884,11.795363813098955,3.091042453358316
dfs_1fd0868c718adcf2,4.672361435528415,11.986759249796316,3.1780538303479458
dfs_6edb1819b2224303,6.281836747917639,11.373031013816169,1.9459101490553132
dfs_247c3098348cdf3e,5.797788774475323,11.463493594951633,2.3978952727983707
dfs_a728a336c1f97c39,5.288973851544884,11.795363813098955,2.70805020110221
