raw_feature,predictor,transformation,raw_unit,source,source_field_or_formula,source_vintage,available_by,availability_qualification,prediction_cutoff,role,missing_policy
background_primary,log1p_background_primary,log1p,count,police_2024,background_primary_2024_200_500m,2024 incidents,,event-year lag only; exact as-of database unavailable,2025-01-01,primary,retain null; imputation only within future training folds
population_density,log1p_population_density,log1p,residents/km2 land,acs2023,B01003_001E / AREALAND * 1000000,2019-2023,2024-12-12,published snapshot/release date,2025-01-01,primary,retain null; imputation only within future training folds
median_household_income,log1p_median_household_income,log1p,2023 USD,acs2023,B19013_001E,2019-2023,2024-12-12,published snapshot/release date,2025-01-01,primary,retain null; imputation only within future training folds
unemployment_rate,unemployment_rate,identity,fraction,acs2023,B23025_005E / B23025_003E,2019-2023,2024-12-12,published snapshot/release date,2025-01-01,primary,retain null; imputation only within future training folds
employment_density,log1p_employment_density,log1p,jobs/unprotected acre,sld2021,D1C,2017 LEHD / 2019 geography,2021-12-31,conservative year-end bound for 2021 release,2025-01-01,primary,retain null; imputation only within future training folds
retail_employment_density,log1p_retail_employment_density,log1p,retail jobs/unprotected acre,sld2021,D1C5_RET,2017 LEHD / 2019 geography,2021-12-31,conservative year-end bound for 2021 release,2025-01-01,primary,retain null; imputation only within future training folds
employment_mix,employment_mix,identity,entropy 0-1,sld2021,D2B_E5MIXA,2017 LEHD / 2019 geography,2021-12-31,conservative year-end bound for 2021 release,2025-01-01,primary,retain null; imputation only within future training folds
road_network_density,log1p_road_network_density,log1p,facility miles/mi2 land,sld2021,D3A,2018 HERE / 2019 geography,2021-12-31,conservative year-end bound for 2021 release,2025-01-01,primary,retain null; imputation only within future training folds
auto_road_density,log1p_auto_road_density,log1p,auto-oriented facility miles/mi2 land,sld2021,D3AAO,2018 HERE / 2019 geography,2021-12-31,conservative year-end bound for 2021 release,2025-01-01,primary,retain null; imputation only within future training folds
intersection_density,log1p_intersection_density,log1p,weighted intersections/mi2,sld2021,D3B,2018 HERE / 2019 geography,2021-12-31,conservative year-end bound for 2021 release,2025-01-01,primary,retain null; imputation only within future training folds
transit_service_density,log1p_transit_service_density,log1p,departures/hour/mi2,sld2021,D4D,2020 GTFS / 2019 geography,2021-12-31,conservative year-end bound for 2021 release,2025-01-01,primary,retain null; imputation only within future training folds
auto_job_accessibility,log1p_auto_job_accessibility,log1p,time-weighted jobs,sld2021,D5AR,2020 travel times / 2017 LEHD,2021-12-31,conservative year-end bound for 2021 release,2025-01-01,primary,retain null; imputation only within future training folds
atm_density_500m,log1p_atm_density_500m,log1p,other sites/km2 circle,dfs2024,other_site_count_500m / (pi * 0.5**2),2024-12-15 snapshot,2024-12-15,published snapshot/release date,2025-01-01,primary,retain null; imputation only within future training folds
nearest_other_atm,log1p_nearest_other_atm,log1p,metres WGS84,dfs2024,min WGS84 distance to other Dec 2024 DFS identities,2024-12-15 snapshot,2024-12-15,published snapshot/release date,2025-01-01,primary,retain null; imputation only within future training folds
transit_centroid_distance,log1p_transit_centroid_distance,log1p,metres from CBG centroid,sld2021,D4A,2020 GTFS / 2019 geography,2021-12-31,conservative year-end bound for 2021 release,2025-01-01,sensitivity,retain null; imputation only within future training folds
transit_job_accessibility,log1p_transit_job_accessibility,log1p,time-weighted jobs,sld2021,D5BR,2020 transit / 2017 LEHD,2021-12-31,conservative year-end bound for 2021 release,2025-01-01,sensitivity,retain null; imputation only within future training folds
background_report_date_cutoff,log1p_background_report_date_cutoff,log1p,count,police_2024,background_primary_reported_before_2025,2024 incidents with report cutoff,,event-year lag only; exact as-of database unavailable,2025-01-01,sensitivity,retain null; imputation only within future training folds
