source_row,reason
87,unparsed_coordinates
108,unparsed_coordinates
479,unparsed_coordinates
515,unparsed_coordinates
568,unparsed_coordinates
699,unparsed_coordinates
715,unparsed_coordinates
728,unparsed_coordinates
749,unparsed_coordinates
781,unparsed_coordinates
836,unparsed_coordinates
859,unparsed_coordinates
1046,unparsed_coordinates
1065,unparsed_coordinates
1075,unparsed_coordinates
1124,unparsed_coordinates
1128,unparsed_coordinates
1151,unparsed_coordinates
1235,unparsed_coordinates
1236,unparsed_coordinates
1240,unparsed_coordinates
1263,unparsed_coordinates
1287,unparsed_coordinates
1310,unparsed_coordinates
1352,unparsed_coordinates
1403,unparsed_coordinates
1405,unparsed_coordinates
1410,unparsed_coordinates
1421,unparsed_coordinates
1425,unparsed_coordinates
1540,unparsed_coordinates
1577,unparsed_coordinates
1597,unparsed_coordinates
1612,unparsed_coordinates
1655,unparsed_coordinates
1708,unparsed_coordinates
1715,unparsed_coordinates
1734,unparsed_coordinates
1775,unparsed_coordinates
1802,unparsed_coordinates
1870,unparsed_coordinates
1945,unparsed_coordinates
1950,unparsed_coordinates
1978,unparsed_coordinates
2018,unparsed_coordinates
2040,unparsed_coordinates
2042,unparsed_coordinates
2112,unparsed_coordinates
2120,unparsed_coordinates
2158,unparsed_coordinates
2185,unparsed_coordinates
2216,unparsed_coordinates
2330,unparsed_coordinates
2369,unparsed_coordinates
2611,unparsed_coordinates
2706,unparsed_coordinates
2721,unparsed_coordinates
2788,unparsed_coordinates
2801,unparsed_coordinates
2901,unparsed_coordinates
2916,unparsed_coordinates
2977,unparsed_coordinates
3089,unparsed_coordinates
3233,unparsed_coordinates
3327,unparsed_coordinates
3367,unparsed_coordinates
3423,unparsed_coordinates
3469,unparsed_coordinates
3507,unparsed_coordinates
3528,unparsed_coordinates
3537,unparsed_coordinates
3628,unparsed_coordinates
3837,unparsed_coordinates
3859,unparsed_coordinates
3934,unparsed_coordinates
3998,unparsed_coordinates
4057,unparsed_coordinates
4106,unparsed_coordinates
4176,unparsed_coordinates
4210,unparsed_coordinates
4262,unparsed_coordinates
4274,unparsed_coordinates
4278,unparsed_coordinates
4377,unparsed_coordinates
4402,unparsed_coordinates
4422,unparsed_coordinates
4536,unparsed_coordinates
4696,unparsed_coordinates
4714,unparsed_coordinates
4730,unparsed_coordinates
4826,unparsed_coordinates
4867,unparsed_coordinates
4875,unparsed_coordinates
4944,unparsed_coordinates
5156,unparsed_coordinates
5210,unparsed_coordinates
5231,unparsed_coordinates
5260,unparsed_coordinates
5294,unparsed_coordinates
5388,unparsed_coordinates
5411,unparsed_coordinates
5448,unparsed_coordinates
5484,unparsed_coordinates
5543,unparsed_coordinates
