cohort,city,feature,rows,nonmissing,missing,missing_fraction,min,q25,median,q75,max,unique_nonmissing,high_missingness_gt20pct,zero_variance
all_historical,New York City,log1p_background_primary,2079,2079,0,0.0,0.0,2.833213344056216,3.9512437185814275,4.543294782270004,6.056784013228625,237,False,False
all_historical,New York City,log1p_population_density,2079,2079,0,0.0,0.0,8.998756969226282,9.739216907572693,10.255549576180687,11.816872483551535,1086,False,False
all_historical,New York City,log1p_median_household_income,2079,1764,315,0.15151515151515152,7.824046010856292,11.175590856613375,11.566883206563613,11.964128464752246,12.429224196812383,887,False,False
all_historical,New York City,unemployment_rate,2079,2026,53,0.025493025493025494,0.0,0.014970974491907211,0.04725274725274725,0.0943089430894309,1.0,880,False,False
all_historical,New York City,log1p_employment_density,2079,2000,79,0.037999037999038,0.0,2.6981315923513782,3.6465253278422782,5.021799547736664,7.789873534417853,1033,False,False
all_historical,New York City,log1p_retail_employment_density,2079,2000,79,0.037999037999038,0.0,1.0005550711443416,1.9216262258234664,2.807337174490028,5.400233161305603,987,False,False
all_historical,New York City,employment_mix,2079,2000,79,0.037999037999038,0.0,0.6181357570285356,0.7548327107578305,0.8387445912170021,0.9852181395875879,1029,False,False
all_historical,New York City,log1p_road_network_density,2079,2000,79,0.037999037999038,0.08832389679110077,3.286413247570822,3.445889611171717,3.6045573429957227,4.7263237387110975,1033,False,False
all_historical,New York City,log1p_auto_road_density,2079,2000,79,0.037999037999038,0.0,0.0,0.0,1.3307456579987997,4.375963154357996,295,False,False
all_historical,New York City,log1p_intersection_density,2079,2000,79,0.037999037999038,0.0,4.038726298667457,4.631849252094199,5.042730460113425,6.9215442140843475,855,False,False
all_historical,New York City,log1p_transit_service_density,2079,1999,80,0.03848003848003848,2.642390420014247,7.011407518021355,8.142239053808074,9.077662188891146,11.015312644218088,1032,False,False
all_historical,New York City,log1p_auto_job_accessibility,2079,2000,79,0.037999037999038,12.28758350570943,13.239905371397253,13.509073693191578,13.639049502199267,13.96702490858467,1032,False,False
all_historical,New York City,log1p_atm_density_500m,2079,2079,0,0.0,0.0,1.5727155517124787,2.293814424193674,3.0620738268031755,4.169173350808388,51,False,False
all_historical,New York City,log1p_nearest_other_atm,2079,2079,0,0.0,0.0,3.485874825580362,4.214141461781557,5.028607965184735,8.305165465405835,1464,False,False
all_historical,New York City,log1p_transit_centroid_distance,2079,1996,83,0.03992303992303992,0.0,4.74493212836325,5.193172123985498,5.528595406762846,6.882078432192154,283,False,False
all_historical,New York City,log1p_transit_job_accessibility,2079,1996,83,0.03992303992303992,10.044379291233609,14.003426460252507,14.607788791305818,15.096015283443826,15.75625998479935,1031,False,False
all_historical,New York City,log1p_background_report_date_cutoff,2079,2079,0,0.0,0.0,2.833213344056216,3.9318256327243257,4.532599493153256,6.052089168924417,238,False,False
all_historical,Buffalo,log1p_background_primary,96,96,0,0.0,0.6931471805599453,2.463153805540593,2.833213344056216,3.091042453358316,3.8712010109078907,32,False,False
all_historical,Buffalo,log1p_population_density,96,96,0,0.0,5.666964294848781,6.965781679289525,7.3602546357883805,7.968842903507557,9.007043409812333,49,False,False
all_historical,Buffalo,log1p_median_household_income,96,88,8,0.08333333333333333,9.076923258535832,10.452103651302908,10.841774582282179,11.109967212073245,11.984090919036053,42,False,False
all_historical,Buffalo,unemployment_rate,96,96,0,0.0,0.0,0.026785714285714284,0.031070584262073625,0.08459214501510574,0.6071428571428571,39,False,False
all_historical,Buffalo,log1p_employment_density,96,96,0,0.0,0.2233334701265653,1.3553898008827288,2.1449662246340466,4.027628685559087,4.477311414258113,49,False,False
all_historical,Buffalo,log1p_retail_employment_density,96,96,0,0.0,0.0,0.1402194883694377,0.37451445725214183,0.5539099908893627,2.046119489282705,47,False,False
all_historical,Buffalo,employment_mix,96,96,0,0.0,0.04274274622553446,0.47349228815465355,0.707866996627886,0.762500533889624,0.9437230319446005,49,False,False
all_historical,Buffalo,log1p_road_network_density,96,96,0,0.0,2.659220172770365,2.956853891009174,3.2470577465637196,3.519512581244035,4.109997601156167,49,False,False
all_historical,Buffalo,log1p_auto_road_density,96,96,0,0.0,0.0,0.0,0.0,1.8332275943811764,2.744956511758241,16,False,False
all_historical,Buffalo,log1p_intersection_density,96,96,0,0.0,3.162631997514009,4.258072044820256,4.671100974296609,5.115086025707712,7.0465244484787695,49,False,False
all_historical,Buffalo,log1p_transit_service_density,96,96,0,0.0,2.586839719991996,4.183398174979979,4.593088522690158,4.595337767132326,5.642620494461943,49,False,False
all_historical,Buffalo,log1p_auto_job_accessibility,96,96,0,0.0,11.062065422371672,11.292777422635817,11.29665821759545,11.385176763231408,11.533952832162305,49,False,False
all_historical,Buffalo,log1p_atm_density_500m,96,96,0,0.0,0.0,0.0,0.8212059263546096,2.293814424193674,3.0620738268031755,15,False,False
all_historical,Buffalo,log1p_nearest_other_atm,96,96,0,0.0,0.0,4.556918314781067,5.111760286459416,6.318317319069426,7.429674633181501,67,False,False
all_historical,Buffalo,log1p_transit_centroid_distance,96,96,0,0.0,0.0,4.025173103360802,5.193005908668651,5.726130878319963,6.235645257487992,44,False,False
all_historical,Buffalo,log1p_transit_job_accessibility,96,96,0,0.0,10.525031314236381,11.39704312185282,11.530381933969593,11.6545118290321,11.722059337415338,49,False,False
all_historical,Buffalo,log1p_background_report_date_cutoff,96,96,0,0.0,0.6931471805599453,2.463153805540593,2.833213344056216,3.044522437723423,3.8712010109078907,32,False,False
all_historical,Rochester,log1p_background_primary,58,58,0,0.0,0.0,1.791759469228055,2.4414009612931853,3.0794124494495927,3.6888794541139363,27,False,False
all_historical,Rochester,log1p_population_density,58,58,0,0.0,6.84643302926748,7.313220648807435,7.749663317524332,7.9939367340404495,8.795327747883706,30,False,False
all_historical,Rochester,log1p_median_household_income,58,55,3,0.05172413793103448,9.427304872213677,10.693852183811433,11.07964713021658,11.167035015895737,11.858293728629645,28,False,False
all_historical,Rochester,unemployment_rate,58,58,0,0.0,0.0,0.015027322404371584,0.06663030907416256,0.10875331564986737,0.288135593220339,27,False,False
all_historical,Rochester,log1p_employment_density,58,57,1,0.017241379310344827,0.22515063510432431,1.6358195520670358,2.9710449230294382,4.149610904781815,5.168959631606533,30,False,False
all_historical,Rochester,log1p_retail_employment_density,58,57,1,0.017241379310344827,0.0,0.023051232081043774,0.2425067296279847,0.31363101046579867,1.0042139784077866,26,False,False
all_historical,Rochester,employment_mix,58,57,1,0.017241379310344827,0.0,0.45481753093882116,0.6077717157320838,0.6492054545356089,0.9187452632253265,30,False,False
all_historical,Rochester,log1p_road_network_density,58,57,1,0.017241379310344827,2.448010455218559,3.136524149731113,3.3258050225657296,3.5039171493133208,3.7249973278899997,30,False,False
all_historical,Rochester,log1p_auto_road_density,58,57,1,0.017241379310344827,0.0,0.0,0.0,1.967613683186663,2.6503210902261154,11,False,False
all_historical,Rochester,log1p_intersection_density,58,57,1,0.017241379310344827,3.4791182962621368,4.526746163372951,4.946683144453646,5.105899368747237,5.591261600479405,30,False,False
all_historical,Rochester,log1p_transit_service_density,58,57,1,0.017241379310344827,2.211416832995226,3.759589759183852,4.376830928883375,5.918605839300816,6.525983309615255,30,False,False
all_historical,Rochester,log1p_auto_job_accessibility,58,57,1,0.017241379310344827,11.047232531311577,11.458775462495906,11.53723751735187,11.60957111627176,11.673171814112326,30,False,False
all_historical,Rochester,log1p_atm_density_500m,58,58,0,0.0,0.0,0.0,0.8212059263546096,1.5727155517124787,2.4146555189783867,8,False,False
all_historical,Rochester,log1p_nearest_other_atm,58,58,0,0.0,0.0,4.398814216996665,5.035701895011178,6.491732098684416,7.723396314480085,43,False,False
all_historical,Rochester,log1p_transit_centroid_distance,58,57,1,0.017241379310344827,0.0,5.282187984618153,5.549659572220925,5.6298129544560265,6.281836747917639,29,False,False
all_historical,Rochester,log1p_transit_job_accessibility,58,57,1,0.017241379310344827,11.16896929343927,11.37308851978243,11.485348697199994,11.795363813098955,11.987331887680755,30,False,False
all_historical,Rochester,log1p_background_report_date_cutoff,58,58,0,0.0,0.0,1.791759469228055,2.3978952727983707,3.0794124494495927,3.6635616461296463,26,False,False
all_historical,ALL,log1p_background_primary,2233,2233,0,0.0,0.0,2.772588722239781,3.7376696182833684,4.499809670330265,6.056784013228625,237,False,False
all_historical,ALL,log1p_population_density,2233,2233,0,0.0,0.0,8.804922709158225,9.634422388982221,10.223955080821543,11.816872483551535,1165,False,False
all_historical,ALL,log1p_median_household_income,2233,1907,326,0.14599193909538738,7.824046010856292,11.108499816436726,11.498948237039368,11.9312738922425,12.429224196812383,956,False,False
all_historical,ALL,unemployment_rate,2233,2180,53,0.02373488580385132,0.0,0.015520390638644698,0.04640087934751508,0.0955794504181601,1.0,941,False,False
all_historical,ALL,log1p_employment_density,2233,2153,80,0.035826242722794444,0.0,2.574392237389652,3.580938727737694,4.932861122794522,7.789873534417853,1112,False,False
all_historical,ALL,log1p_retail_employment_density,2233,2153,80,0.035826242722794444,0.0,0.8255704471293275,1.8035011884625325,2.7451678712783636,5.400233161305603,1058,False,False
all_historical,ALL,employment_mix,2233,2153,80,0.035826242722794444,0.0,0.607242539673259,0.7443671615236607,0.8363357485554772,0.9852181395875879,1107,False,False
all_historical,ALL,log1p_road_network_density,2233,2153,80,0.035826242722794444,0.08832389679110077,3.268930740371306,3.442570639606106,3.6001575147678264,4.7263237387110975,1112,False,False
all_historical,ALL,log1p_auto_road_density,2233,2153,80,0.035826242722794444,0.0,0.0,0.0,1.3978712228661296,4.375963154357996,320,False,False
all_historical,ALL,log1p_intersection_density,2233,2153,80,0.035826242722794444,0.0,4.067331720606191,4.635728178079868,5.049953629210562,7.0465244484787695,934,False,False
all_historical,ALL,log1p_transit_service_density,2233,2152,81,0.036274070756829375,2.211416832995226,6.663899394228766,7.946480585622136,9.026102068483533,11.015312644218088,1111,False,False
all_historical,ALL,log1p_auto_job_accessibility,2233,2153,80,0.035826242722794444,11.047232531311577,13.16522169720623,13.481063868536559,13.627031683738132,13.96702490858467,1111,False,False
all_historical,ALL,log1p_atm_density_500m,2233,2233,0,0.0,0.0,1.2659553055395139,2.1563374497238987,3.0006498211243393,4.169173350808388,51,False,False
all_historical,ALL,log1p_nearest_other_atm,2233,2233,0,0.0,0.0,3.5040127426884085,4.256478104748057,5.0901528768509205,8.305165465405835,1572,False,False
all_historical,ALL,log1p_transit_centroid_distance,2233,2149,84,0.03761755485893417,0.0,4.74493212836325,5.204281374621442,5.544434981422068,6.882078432192154,292,False,False
all_historical,ALL,log1p_transit_job_accessibility,2233,2149,84,0.03761755485893417,10.044379291233609,13.823886382606101,14.548993214713622,15.056350731577687,15.75625998479935,1110,False,False
all_historical,ALL,log1p_background_report_date_cutoff,2233,2233,0,0.0,0.0,2.772588722239781,3.7376696182833684,4.48863636973214,6.052089168924417,238,False,False
full_year,New York City,log1p_background_primary,1117,1117,0,0.0,0.0,2.833213344056216,3.8501476017100584,4.51085950651685,6.056784013228625,207,False,False
full_year,New York City,log1p_population_density,1117,1117,0,0.0,0.0,9.091683009862347,9.733726511836071,10.250138722672432,11.816872483551535,769,False,False
full_year,New York City,log1p_median_household_income,1117,958,159,0.1423455684870188,9.498971993463552,11.174111456056256,11.527951925188379,11.930979146498025,12.429224196812383,632,False,False
full_year,New York City,unemployment_rate,1117,1096,21,0.018800358102059087,0.0,0.016750291143786938,0.0467561860074355,0.09438035596572182,0.6412213740458015,626,False,False
full_year,New York City,log1p_employment_density,1117,1072,45,0.04028648164726947,0.0,2.691804796823032,3.520225578153944,4.805088956177246,7.789873534417853,720,False,False
full_year,New York City,log1p_retail_employment_density,1117,1072,45,0.04028648164726947,0.0,1.0036993802325473,1.8761944831391233,2.7520075071440897,5.3143429531040365,692,False,False
full_year,New York City,employment_mix,1117,1072,45,0.04028648164726947,0.0,0.6316686408781517,0.7646755641339724,0.8507280639577828,0.9852181395875879,719,False,False
full_year,New York City,log1p_road_network_density,1117,1072,45,0.04028648164726947,0.08832389679110077,3.2798962245622634,3.442570639606106,3.6029947037722128,4.486886817518362,720,False,False
full_year,New York City,log1p_auto_road_density,1117,1072,45,0.04028648164726947,0.0,0.0,0.0,0.790683041270396,4.041229962146551,196,False,False
full_year,New York City,log1p_intersection_density,1117,1072,45,0.04028648164726947,0.0,4.0454516962678015,4.650906118317643,5.035839200701048,6.9215442140843475,607,False,False
full_year,New York City,log1p_transit_service_density,1117,1071,46,0.04118173679498657,2.642390420014247,7.05973116774863,8.059447386876373,9.05784945796227,11.015312644218088,719,False,False
full_year,New York City,log1p_auto_job_accessibility,1117,1072,45,0.04028648164726947,12.378550074164588,13.20940033239732,13.493742037506454,13.63466171553346,13.96702490858467,719,False,False
full_year,New York City,log1p_atm_density_500m,1117,1117,0,0.0,0.0,1.5727155517124787,2.1563374497238987,2.9352045584387274,4.169173350808388,49,False,False
full_year,New York City,log1p_nearest_other_atm,1117,1117,0,0.0,0.0,3.6568531721598885,4.270873397886625,5.061761423544423,8.305165465405835,876,False,False
full_year,New York City,log1p_transit_centroid_distance,1117,1071,46,0.04118173679498657,0.0,4.7331235502985525,5.211615032708743,5.549659572220925,6.882078432192154,244,False,False
full_year,New York City,log1p_transit_job_accessibility,1117,1071,46,0.04118173679498657,10.609353505503847,13.96279974746317,14.55908037900263,15.056350731577687,15.751562127671408,719,False,False
full_year,New York City,log1p_background_report_date_cutoff,1117,1117,0,0.0,0.0,2.833213344056216,3.8066624897703196,4.499809670330265,6.052089168924417,206,False,False
full_year,Buffalo,log1p_background_primary,46,46,0,0.0,0.6931471805599453,2.3978952727983707,2.9444389791664403,3.112751271377718,3.58351893845611,23,False,False
full_year,Buffalo,log1p_population_density,46,46,0,0.0,5.666964294848781,6.987884146490348,7.250139254545433,8.08847295181703,8.947029153108236,29,False,False
full_year,Buffalo,log1p_median_household_income,46,42,4,0.08695652173913043,9.32259705432185,10.571496396185374,10.86363113587174,11.109967212073245,11.984090919036053,26,False,False
full_year,Buffalo,unemployment_rate,46,46,0,0.0,0.0,0.026102821265492498,0.030395136778115502,0.05783582089552239,0.2437357630979499,22,False,False
full_year,Buffalo,log1p_employment_density,46,46,0,0.0,0.2766783292145927,1.4991374815189622,2.3194668339042526,4.327417171358438,4.477311414258113,28,False,False
full_year,Buffalo,log1p_retail_employment_density,46,46,0,0.0,0.0,0.1950317643871236,0.37451445725214183,0.5234655675960036,1.3523105052475055,28,False,False
full_year,Buffalo,employment_mix,46,46,0,0.0,0.04274274622553446,0.6585913824025414,0.707866996627886,0.7780806172979731,0.9437230319446005,28,False,False
full_year,Buffalo,log1p_road_network_density,46,46,0,0.0,2.659220172770365,2.956853891009174,3.2181129089113796,3.519512581244035,3.7833239429392065,28,False,False
full_year,Buffalo,log1p_auto_road_density,46,46,0,0.0,0.0,0.0,0.0,1.8332275943811764,2.551225390424568,10,False,False
full_year,Buffalo,log1p_intersection_density,46,46,0,0.0,3.70311150681263,4.337201222004868,4.841374703651891,5.115086025707712,6.461816091046987,28,False,False
full_year,Buffalo,log1p_transit_service_density,46,46,0,0.0,2.586839719991996,4.176682818603049,4.585720852666821,4.595239152258213,5.56849933173646,28,False,False
full_year,Buffalo,log1p_auto_job_accessibility,46,46,0,0.0,11.062065422371672,11.283713538254412,11.29665821759545,11.363087519556487,11.533952832162305,28,False,False
full_year,Buffalo,log1p_atm_density_500m,46,46,0,0.0,0.0,0.0,0.8212059263546096,2.2083306512532954,3.0006498211243393,10,False,False
full_year,Buffalo,log1p_nearest_other_atm,46,46,0,0.0,3.172958801431404,4.867039967847484,5.43245289391585,6.312189871163893,7.224596088789532,38,False,False
full_year,Buffalo,log1p_transit_centroid_distance,46,46,0,0.0,0.0,4.025173103360802,5.22248356020221,5.572619042301719,6.235645257487992,26,False,False
full_year,Buffalo,log1p_transit_job_accessibility,46,46,0,0.0,10.525031314236381,11.378887382056684,11.532559535984486,11.6545118290321,11.722059337415338,28,False,False
full_year,Buffalo,log1p_background_report_date_cutoff,46,46,0,0.0,0.6931471805599453,2.3978952727983707,2.9444389791664403,3.0794124494495927,3.58351893845611,23,False,False
full_year,Rochester,log1p_background_primary,29,29,0,0.0,0.0,1.791759469228055,2.302585092994046,2.995732273553991,3.4657359027997265,19,False,False
full_year,Rochester,log1p_population_density,29,29,0,0.0,6.84643302926748,7.226518926637079,7.623368431591831,7.943124279737974,8.654970437385948,18,False,False
full_year,Rochester,log1p_median_household_income,29,29,0,0.0,10.197313214435868,10.66478391544408,11.084294078830224,11.167035015895737,11.858293728629645,18,False,False
full_year,Rochester,unemployment_rate,29,29,0,0.0,0.0,0.02771855010660981,0.07293666026871401,0.10875331564986737,0.19963031423290203,16,False,False
full_year,Rochester,log1p_employment_density,29,28,1,0.034482758620689655,0.9001479736025066,1.7862974853726936,3.810753578978958,4.7081433583677335,5.168959631606533,16,False,False
full_year,Rochester,log1p_retail_employment_density,29,28,1,0.034482758620689655,0.0,0.1742958727400469,0.2528623739696666,0.37246641014464776,0.5442939347777815,16,False,False
full_year,Rochester,employment_mix,29,28,1,0.034482758620689655,0.011922441798066181,0.06384188377327543,0.6103812669215928,0.6495656568356316,0.9187452632253265,16,False,False
full_year,Rochester,log1p_road_network_density,29,28,1,0.034482758620689655,2.448010455218559,3.1946695817691677,3.3258050225657296,3.5039171493133208,3.716253117079313,16,False,False
full_year,Rochester,log1p_auto_road_density,29,28,1,0.034482758620689655,0.0,0.0,0.2745157357889643,1.967613683186663,2.6503210902261154,8,False,False
full_year,Rochester,log1p_intersection_density,29,28,1,0.034482758620689655,3.4791182962621368,4.654974297998205,4.934949748605108,5.105899368747237,5.549115053700267,16,False,False
full_year,Rochester,log1p_transit_service_density,29,28,1,0.034482758620689655,2.211416832995226,3.8823688140666643,4.3558417353848125,5.918605839300816,5.989221982694032,16,False,False
full_year,Rochester,log1p_auto_job_accessibility,29,28,1,0.034482758620689655,11.305741381151263,11.432398473383499,11.527094436287953,11.578064958682424,11.642856634562259,16,False,False
full_year,Rochester,log1p_atm_density_500m,29,29,0,0.0,0.0,0.0,0.8212059263546096,1.2659553055395139,2.1563374497238987,7,False,False
full_year,Rochester,log1p_nearest_other_atm,29,29,0,0.0,0.0,4.689283251184182,5.5815603550617245,6.51089300117476,7.723396314480085,25,False,False
full_year,Rochester,log1p_transit_centroid_distance,29,28,1,0.034482758620689655,0.0,5.288973851544884,5.549659572220925,5.776133120814318,6.281836747917639,16,False,False
full_year,Rochester,log1p_transit_job_accessibility,29,28,1,0.034482758620689655,11.16896929343927,11.372354384454928,11.465696028810534,11.795363813098955,11.987331887680755,16,False,False
full_year,Rochester,log1p_background_report_date_cutoff,29,29,0,0.0,0.0,1.791759469228055,2.302585092994046,2.995732273553991,3.4657359027997265,19,False,False
full_year,ALL,log1p_background_primary,1192,1192,0,0.0,0.0,2.772588722239781,3.6375861597263857,4.465908118654584,6.056784013228625,207,False,False
full_year,ALL,log1p_population_density,1192,1192,0,0.0,0.0,8.89121895838871,9.63273874834362,10.226074610993575,11.816872483551535,816,False,False
full_year,ALL,log1p_median_household_income,1192,1029,163,0.13674496644295303,9.32259705432185,11.110595437357537,11.478416832506566,11.903669413230332,12.429224196812383,676,False,False
full_year,ALL,unemployment_rate,1192,1171,21,0.01761744966442953,0.0,0.0168336700388625,0.046153846153846156,0.09304947360114155,0.6412213740458015,660,False,False
full_year,ALL,log1p_employment_density,1192,1146,46,0.03859060402684564,0.0,2.5765481053462627,3.508799326305046,4.761418226647593,7.789873534417853,764,False,False
full_year,ALL,log1p_retail_employment_density,1192,1146,46,0.03859060402684564,0.0,0.8321808647756403,1.7623719277865906,2.6729585591176592,5.3143429531040365,734,False,False
full_year,ALL,employment_mix,1192,1146,46,0.03859060402684564,0.0,0.6218131557330777,0.7597677350845125,0.8475327457600533,0.9852181395875879,763,False,False
full_year,ALL,log1p_road_network_density,1192,1146,46,0.03859060402684564,0.08832389679110077,3.2690845378839706,3.4297364074784715,3.5907656105361,4.486886817518362,764,False,False
full_year,ALL,log1p_auto_road_density,1192,1146,46,0.03859060402684564,0.0,0.0,0.0,1.0608486804709338,4.041229962146551,212,False,False
full_year,ALL,log1p_intersection_density,1192,1146,46,0.03859060402684564,0.0,4.065308759663277,4.678053145768196,5.0454426270641335,6.9215442140843475,651,False,False
full_year,ALL,log1p_transit_service_density,1192,1145,47,0.03942953020134228,2.211416832995226,6.807797173403404,7.917833765989151,9.016019928621104,11.015312644218088,763,False,False
full_year,ALL,log1p_auto_job_accessibility,1192,1146,46,0.03859060402684564,11.062065422371672,13.147263926893459,13.470484642716952,13.622282742321616,13.96702490858467,763,False,False
full_year,ALL,log1p_atm_density_500m,1192,1192,0,0.0,0.0,1.2659553055395139,2.1563374497238987,2.9352045584387274,4.169173350808388,49,False,False
full_year,ALL,log1p_nearest_other_atm,1192,1192,0,0.0,0.0,3.6916279669054233,4.352599062410093,5.132625684992418,8.305165465405835,938,False,False
full_year,ALL,log1p_transit_centroid_distance,1192,1145,47,0.03942953020134228,0.0,4.7331235502985525,5.218895299570546,5.554895693948484,6.882078432192154,255,False,False
full_year,ALL,log1p_transit_job_accessibility,1192,1145,47,0.03942953020134228,10.525031314236381,13.768345572476273,14.514313216120257,15.001771631545525,15.751562127671408,763,False,False
full_year,ALL,log1p_background_report_date_cutoff,1192,1192,0,0.0,0.0,2.772588722239781,3.6375861597263857,4.465908118654584,6.052089168924417,206,False,False
