city,feature_a,feature_b,pairwise_n,spearman_rho,abs_rho_ge_0_90
New York City,log1p_background_primary,log1p_population_density,1117,0.34675000572664266,False
New York City,log1p_background_primary,log1p_median_household_income,958,0.19469169118718932,False
New York City,log1p_background_primary,unemployment_rate,1096,0.07170868794637092,False
New York City,log1p_background_primary,log1p_employment_density,1072,0.6830178476979551,False
New York City,log1p_background_primary,log1p_retail_employment_density,1072,0.5976071325073704,False
New York City,log1p_background_primary,employment_mix,1072,0.015534651377500838,False
New York City,log1p_background_primary,log1p_road_network_density,1072,0.23088707773797354,False
New York City,log1p_background_primary,log1p_auto_road_density,1072,0.23828136797423807,False
New York City,log1p_background_primary,log1p_intersection_density,1072,-0.17486046466665187,False
New York City,log1p_background_primary,log1p_transit_service_density,1071,0.7759643927209424,False
New York City,log1p_background_primary,log1p_auto_job_accessibility,1072,0.5706305949184075,False
New York City,log1p_background_primary,log1p_atm_density_500m,1117,0.5487309594293467,False
New York City,log1p_background_primary,log1p_nearest_other_atm,1117,-0.2113180718048173,False
New York City,log1p_population_density,log1p_median_household_income,958,0.010690310732378049,False
New York City,log1p_population_density,unemployment_rate,1096,0.07522118867492474,False
New York City,log1p_population_density,log1p_employment_density,1072,0.20983571653738986,False
New York City,log1p_population_density,log1p_retail_employment_density,1072,0.16492889436095737,False
New York City,log1p_population_density,employment_mix,1072,-0.012372208465300474,False
New York City,log1p_population_density,log1p_road_network_density,1072,0.09530266542785545,False
New York City,log1p_population_density,log1p_auto_road_density,1072,-0.05831087942811202,False
New York City,log1p_population_density,log1p_intersection_density,1072,-0.2423457082303652,False
New York City,log1p_population_density,log1p_transit_service_density,1071,0.5201118708807831,False
New York City,log1p_population_density,log1p_auto_job_accessibility,1072,0.1275207283400405,False
New York City,log1p_population_density,log1p_atm_density_500m,1117,0.19203770956688188,False
New York City,log1p_population_density,log1p_nearest_other_atm,1117,-0.16949901025072198,False
New York City,log1p_median_household_income,unemployment_rate,958,-0.26095599974380407,False
New York City,log1p_median_household_income,log1p_employment_density,918,0.34016935560876455,False
New York City,log1p_median_household_income,log1p_retail_employment_density,918,0.21446010001716911,False
New York City,log1p_median_household_income,employment_mix,918,0.010945421526006641,False
New York City,log1p_median_household_income,log1p_road_network_density,918,0.21456082845674418,False
New York City,log1p_median_household_income,log1p_auto_road_density,918,0.28457752746968534,False
New York City,log1p_median_household_income,log1p_intersection_density,918,-0.1373696798315859,False
New York City,log1p_median_household_income,log1p_transit_service_density,917,0.31208484018455934,False
New York City,log1p_median_household_income,log1p_auto_job_accessibility,918,0.29574434361762625,False
New York City,log1p_median_household_income,log1p_atm_density_500m,958,0.3657794079086981,False
New York City,log1p_median_household_income,log1p_nearest_other_atm,958,-0.06089397795800625,False
New York City,unemployment_rate,log1p_employment_density,1052,-0.039328063266571844,False
New York City,unemployment_rate,log1p_retail_employment_density,1052,-0.005407200128597091,False
New York City,unemployment_rate,employment_mix,1052,-0.03674197450831572,False
New York City,unemployment_rate,log1p_road_network_density,1052,-0.030410750851575612,False
New York City,unemployment_rate,log1p_auto_road_density,1052,-0.08411484204353896,False
New York City,unemployment_rate,log1p_intersection_density,1052,0.01733295600363053,False
New York City,unemployment_rate,log1p_transit_service_density,1051,0.0016091704389156732,False
New York City,unemployment_rate,log1p_auto_job_accessibility,1052,-0.054046931410407686,False
New York City,unemployment_rate,log1p_atm_density_500m,1096,-0.062151418294964046,False
New York City,unemployment_rate,log1p_nearest_other_atm,1096,0.07887303979281092,False
New York City,log1p_employment_density,log1p_retail_employment_density,1072,0.7611305928702724,False
New York City,log1p_employment_density,employment_mix,1072,-0.1077129996778412,False
New York City,log1p_employment_density,log1p_road_network_density,1072,0.25775318993728186,False
New York City,log1p_employment_density,log1p_auto_road_density,1072,0.34722639100133096,False
New York City,log1p_employment_density,log1p_intersection_density,1072,-0.23211900856461756,False
New York City,log1p_employment_density,log1p_transit_service_density,1071,0.7180217852702189,False
New York City,log1p_employment_density,log1p_auto_job_accessibility,1072,0.5576651227229559,False
New York City,log1p_employment_density,log1p_atm_density_500m,1072,0.7395843917935161,False
New York City,log1p_employment_density,log1p_nearest_other_atm,1072,-0.3163570542742914,False
New York City,log1p_retail_employment_density,employment_mix,1072,0.15818565121049635,False
New York City,log1p_retail_employment_density,log1p_road_network_density,1072,0.1473689997783597,False
New York City,log1p_retail_employment_density,log1p_auto_road_density,1072,0.19435597478761543,False
New York City,log1p_retail_employment_density,log1p_intersection_density,1072,-0.16954775088459095,False
New York City,log1p_retail_employment_density,log1p_transit_service_density,1071,0.5862155201417644,False
New York City,log1p_retail_employment_density,log1p_auto_job_accessibility,1072,0.40305785885394585,False
New York City,log1p_retail_employment_density,log1p_atm_density_500m,1072,0.6340386617211421,False
New York City,log1p_retail_employment_density,log1p_nearest_other_atm,1072,-0.2922217623736089,False
New York City,employment_mix,log1p_road_network_density,1072,-0.03804415052948184,False
New York City,employment_mix,log1p_auto_road_density,1072,0.028208849700707035,False
New York City,employment_mix,log1p_intersection_density,1072,-0.07542906108144533,False
New York City,employment_mix,log1p_transit_service_density,1071,-0.005820924096267368,False
New York City,employment_mix,log1p_auto_job_accessibility,1072,0.043107565113391796,False
New York City,employment_mix,log1p_atm_density_500m,1072,0.11449090457561889,False
New York City,employment_mix,log1p_nearest_other_atm,1072,-0.05699988086412073,False
New York City,log1p_road_network_density,log1p_auto_road_density,1072,0.20688073223332606,False
New York City,log1p_road_network_density,log1p_intersection_density,1072,0.339052831040059,False
New York City,log1p_road_network_density,log1p_transit_service_density,1071,0.2704416582580976,False
New York City,log1p_road_network_density,log1p_auto_job_accessibility,1072,0.23065994540067025,False
New York City,log1p_road_network_density,log1p_atm_density_500m,1072,0.17383208224971652,False
New York City,log1p_road_network_density,log1p_nearest_other_atm,1072,-0.06528497335904818,False
New York City,log1p_auto_road_density,log1p_intersection_density,1072,-0.31747100598908046,False
New York City,log1p_auto_road_density,log1p_transit_service_density,1071,0.2404782959116245,False
New York City,log1p_auto_road_density,log1p_auto_job_accessibility,1072,0.3442088872158504,False
New York City,log1p_auto_road_density,log1p_atm_density_500m,1072,0.26771819958183,False
New York City,log1p_auto_road_density,log1p_nearest_other_atm,1072,-0.004105472578624227,False
New York City,log1p_intersection_density,log1p_transit_service_density,1071,-0.3046910162539014,False
New York City,log1p_intersection_density,log1p_auto_job_accessibility,1072,-0.11218607910352989,False
New York City,log1p_intersection_density,log1p_atm_density_500m,1072,-0.27133144150082084,False
New York City,log1p_intersection_density,log1p_nearest_other_atm,1072,0.10082368514970887,False
New York City,log1p_transit_service_density,log1p_auto_job_accessibility,1071,0.5055313756044868,False
New York City,log1p_transit_service_density,log1p_atm_density_500m,1071,0.667309189478718,False
New York City,log1p_transit_service_density,log1p_nearest_other_atm,1071,-0.2631604168620998,False
New York City,log1p_auto_job_accessibility,log1p_atm_density_500m,1072,0.47683962269472935,False
New York City,log1p_auto_job_accessibility,log1p_nearest_other_atm,1072,-0.15187087278676603,False
New York City,log1p_atm_density_500m,log1p_nearest_other_atm,1117,-0.4724488968727568,False
Buffalo,log1p_background_primary,log1p_population_density,46,0.17046125186706523,False
Buffalo,log1p_background_primary,log1p_median_household_income,42,0.10958574958656712,False
Buffalo,log1p_background_primary,unemployment_rate,46,0.10641508361458399,False
Buffalo,log1p_background_primary,log1p_employment_density,46,0.2883724681387356,False
Buffalo,log1p_background_primary,log1p_retail_employment_density,46,0.3995176478128411,False
Buffalo,log1p_background_primary,employment_mix,46,0.11654027397366225,False
Buffalo,log1p_background_primary,log1p_road_network_density,46,0.22743596951830847,False
Buffalo,log1p_background_primary,log1p_auto_road_density,46,0.09080184028910829,False
Buffalo,log1p_background_primary,log1p_intersection_density,46,0.18539789370442122,False
Buffalo,log1p_background_primary,log1p_transit_service_density,46,0.47822989065724125,False
Buffalo,log1p_background_primary,log1p_auto_job_accessibility,46,-0.015187346380833161,False
Buffalo,log1p_background_primary,log1p_atm_density_500m,46,0.4458357323883016,False
Buffalo,log1p_background_primary,log1p_nearest_other_atm,46,-0.3730380576119309,False
Buffalo,log1p_population_density,log1p_median_household_income,42,0.35437566267025533,False
Buffalo,log1p_population_density,unemployment_rate,46,0.2438280919652745,False
Buffalo,log1p_population_density,log1p_employment_density,46,-0.4353025341417352,False
Buffalo,log1p_population_density,log1p_retail_employment_density,46,0.0436800134603232,False
Buffalo,log1p_population_density,employment_mix,46,-0.024211207460864855,False
Buffalo,log1p_population_density,log1p_road_network_density,46,0.020841606422497067,False
Buffalo,log1p_population_density,log1p_auto_road_density,46,-0.4200272332776817,False
Buffalo,log1p_population_density,log1p_intersection_density,46,-0.17147525284138307,False
Buffalo,log1p_population_density,log1p_transit_service_density,46,0.43580173429556746,False
Buffalo,log1p_population_density,log1p_auto_job_accessibility,46,0.06951362142114292,False
Buffalo,log1p_population_density,log1p_atm_density_500m,46,-0.2911739791652471,False
Buffalo,log1p_population_density,log1p_nearest_other_atm,46,0.14696552698322307,False
Buffalo,log1p_median_household_income,unemployment_rate,42,-0.30490124855506023,False
Buffalo,log1p_median_household_income,log1p_employment_density,42,0.1758482998448057,False
Buffalo,log1p_median_household_income,log1p_retail_employment_density,42,-0.032174396462011715,False
Buffalo,log1p_median_household_income,employment_mix,42,0.0779262236560744,False
Buffalo,log1p_median_household_income,log1p_road_network_density,42,0.13026104756870727,False
Buffalo,log1p_median_household_income,log1p_auto_road_density,42,-0.08576368301886853,False
Buffalo,log1p_median_household_income,log1p_intersection_density,42,-0.10359991085849807,False
Buffalo,log1p_median_household_income,log1p_transit_service_density,42,0.22258757654665395,False
Buffalo,log1p_median_household_income,log1p_auto_job_accessibility,42,-0.17634202459869847,False
Buffalo,log1p_median_household_income,log1p_atm_density_500m,42,0.18378292055199055,False
Buffalo,log1p_median_household_income,log1p_nearest_other_atm,42,-0.1323852141487048,False
Buffalo,unemployment_rate,log1p_employment_density,46,-0.3271352004815647,False
Buffalo,unemployment_rate,log1p_retail_employment_density,46,0.5936851625303856,False
Buffalo,unemployment_rate,employment_mix,46,0.38201313384455726,False
Buffalo,unemployment_rate,log1p_road_network_density,46,0.035247312628573495,False
Buffalo,unemployment_rate,log1p_auto_road_density,46,-0.21033696000646415,False
Buffalo,unemployment_rate,log1p_intersection_density,46,0.010661998481952838,False
Buffalo,unemployment_rate,log1p_transit_service_density,46,0.09301025734550622,False
Buffalo,unemployment_rate,log1p_auto_job_accessibility,46,-0.17974875087809902,False
Buffalo,unemployment_rate,log1p_atm_density_500m,46,-0.10188648473782778,False
Buffalo,unemployment_rate,log1p_nearest_other_atm,46,-0.07048483438791477,False
Buffalo,log1p_employment_density,log1p_retail_employment_density,46,0.03706495790928509,False
Buffalo,log1p_employment_density,employment_mix,46,-0.16610126900364366,False
Buffalo,log1p_employment_density,log1p_road_network_density,46,0.3850986304812162,False
Buffalo,log1p_employment_density,log1p_auto_road_density,46,0.5681007869081496,False
Buffalo,log1p_employment_density,log1p_intersection_density,46,0.30669682120869457,False
Buffalo,log1p_employment_density,log1p_transit_service_density,46,0.2903631109435858,False
Buffalo,log1p_employment_density,log1p_auto_job_accessibility,46,0.18180675964317125,False
Buffalo,log1p_employment_density,log1p_atm_density_500m,46,0.593198282281287,False
Buffalo,log1p_employment_density,log1p_nearest_other_atm,46,-0.36138427351166,False
Buffalo,log1p_retail_employment_density,employment_mix,46,0.6666666666666666,False
Buffalo,log1p_retail_employment_density,log1p_road_network_density,46,-0.10717426812413618,False
Buffalo,log1p_retail_employment_density,log1p_auto_road_density,46,-0.2749860388404453,False
Buffalo,log1p_retail_employment_density,log1p_intersection_density,46,-0.1182309335343636,False
Buffalo,log1p_retail_employment_density,log1p_transit_service_density,46,0.15102399798969718,False
Buffalo,log1p_retail_employment_density,log1p_auto_job_accessibility,46,-0.4199019977384093,False
Buffalo,log1p_retail_employment_density,log1p_atm_density_500m,46,0.2121765543550352,False
Buffalo,log1p_retail_employment_density,log1p_nearest_other_atm,46,-0.34700236857907435,False
Buffalo,employment_mix,log1p_road_network_density,46,-0.07036059806508355,False
Buffalo,employment_mix,log1p_auto_road_density,46,-0.16302258747059484,False
Buffalo,employment_mix,log1p_intersection_density,46,-0.11873350923482848,False
Buffalo,employment_mix,log1p_transit_service_density,46,-0.25618796331197385,False
Buffalo,employment_mix,log1p_auto_job_accessibility,46,-0.7347656740796581,False
Buffalo,employment_mix,log1p_atm_density_500m,46,0.2366264619760378,False
Buffalo,employment_mix,log1p_nearest_other_atm,46,-0.35484704399684847,False
Buffalo,log1p_road_network_density,log1p_auto_road_density,46,0.6319926048214481,False
Buffalo,log1p_road_network_density,log1p_intersection_density,46,0.8595300917200653,False
Buffalo,log1p_road_network_density,log1p_transit_service_density,46,0.5058424425179042,False
Buffalo,log1p_road_network_density,log1p_auto_job_accessibility,46,0.11471290363110943,False
Buffalo,log1p_road_network_density,log1p_atm_density_500m,46,0.3521554757349634,False
Buffalo,log1p_road_network_density,log1p_nearest_other_atm,46,-0.06727120467384766,False
Buffalo,log1p_auto_road_density,log1p_intersection_density,46,0.46666149258034095,False
Buffalo,log1p_auto_road_density,log1p_transit_service_density,46,0.11610521639929912,False
Buffalo,log1p_auto_road_density,log1p_auto_job_accessibility,46,0.05913897279753774,False
Buffalo,log1p_auto_road_density,log1p_atm_density_500m,46,0.39987420292145753,False
Buffalo,log1p_auto_road_density,log1p_nearest_other_atm,46,-0.13158499741328256,False
Buffalo,log1p_intersection_density,log1p_transit_service_density,46,0.3891192360849352,False
Buffalo,log1p_intersection_density,log1p_auto_job_accessibility,46,0.1525317250910918,False
Buffalo,log1p_intersection_density,log1p_atm_density_500m,46,0.28847050693156673,False
Buffalo,log1p_intersection_density,log1p_nearest_other_atm,46,-0.01783729767612897,False
Buffalo,log1p_transit_service_density,log1p_auto_job_accessibility,46,0.49026259580349285,False
Buffalo,log1p_transit_service_density,log1p_atm_density_500m,46,0.03961909114502769,False
Buffalo,log1p_transit_service_density,log1p_nearest_other_atm,46,0.14005235993875087,False
Buffalo,log1p_auto_job_accessibility,log1p_atm_density_500m,46,-0.2658127391361874,False
Buffalo,log1p_auto_job_accessibility,log1p_nearest_other_atm,46,0.4189118932420028,False
Buffalo,log1p_atm_density_500m,log1p_nearest_other_atm,46,-0.8321613210010992,False
Rochester,log1p_background_primary,log1p_population_density,29,0.06422817050384524,False
Rochester,log1p_background_primary,log1p_median_household_income,29,0.16838196051008078,False
Rochester,log1p_background_primary,unemployment_rate,29,-0.05433574095084,False
Rochester,log1p_background_primary,log1p_employment_density,28,0.3045054132433778,False
Rochester,log1p_background_primary,log1p_retail_employment_density,28,-0.6186820510453022,False
Rochester,log1p_background_primary,employment_mix,28,0.2058589227462037,False
Rochester,log1p_background_primary,log1p_road_network_density,28,0.4700215135453591,False
Rochester,log1p_background_primary,log1p_auto_road_density,28,0.63090112962,False
Rochester,log1p_background_primary,log1p_intersection_density,28,0.1785031732806008,False
Rochester,log1p_background_primary,log1p_transit_service_density,28,0.6079055436800647,False
Rochester,log1p_background_primary,log1p_auto_job_accessibility,28,0.5758523422860249,False
Rochester,log1p_background_primary,log1p_atm_density_500m,29,0.23325853696619164,False
Rochester,log1p_background_primary,log1p_nearest_other_atm,29,0.062407506481938754,False
Rochester,log1p_population_density,log1p_median_household_income,29,-0.028046661702655743,False
Rochester,log1p_population_density,unemployment_rate,29,-0.19195433209179777,False
Rochester,log1p_population_density,log1p_employment_density,28,-0.24560971113310204,False
Rochester,log1p_population_density,log1p_retail_employment_density,28,0.12723025576714744,False
Rochester,log1p_population_density,employment_mix,28,0.17701600802385734,False
Rochester,log1p_population_density,log1p_road_network_density,28,-0.3374367652954781,False
Rochester,log1p_population_density,log1p_auto_road_density,28,-0.4921740463366105,False
Rochester,log1p_population_density,log1p_intersection_density,28,-0.20965333450325604,False
Rochester,log1p_population_density,log1p_transit_service_density,28,-0.1725906078232609,False
Rochester,log1p_population_density,log1p_auto_job_accessibility,28,0.19693030892654131,False
Rochester,log1p_population_density,log1p_atm_density_500m,29,-0.1073664422724759,False
Rochester,log1p_population_density,log1p_nearest_other_atm,29,0.07940675076602001,False
Rochester,log1p_median_household_income,unemployment_rate,29,-0.631984185218144,False
Rochester,log1p_median_household_income,log1p_employment_density,28,0.29318276328951376,False
Rochester,log1p_median_household_income,log1p_retail_employment_density,28,-0.38556299247696424,False
Rochester,log1p_median_household_income,employment_mix,28,-0.21297238465370336,False
Rochester,log1p_median_household_income,log1p_road_network_density,28,0.35347884102264016,False
Rochester,log1p_median_household_income,log1p_auto_road_density,28,0.12355957184843608,False
Rochester,log1p_median_household_income,log1p_intersection_density,28,0.21795095987937435,False
Rochester,log1p_median_household_income,log1p_transit_service_density,28,0.1753564829486337,False
Rochester,log1p_median_household_income,log1p_auto_job_accessibility,28,-0.01825477582746029,False
Rochester,log1p_median_household_income,log1p_atm_density_500m,29,0.4008603728811077,False
Rochester,log1p_median_household_income,log1p_nearest_other_atm,29,-0.3097110652930126,False
Rochester,unemployment_rate,log1p_employment_density,28,0.23412231353662355,False
Rochester,unemployment_rate,log1p_retail_employment_density,28,0.31714441053542625,False
Rochester,unemployment_rate,employment_mix,28,0.030441435566227647,False
Rochester,unemployment_rate,log1p_road_network_density,28,-0.007748729053221583,False
Rochester,unemployment_rate,log1p_auto_road_density,28,0.10356413059778921,False
Rochester,unemployment_rate,log1p_intersection_density,28,0.17323944240416828,False
Rochester,unemployment_rate,log1p_transit_service_density,28,0.1682581165842401,False
Rochester,unemployment_rate,log1p_auto_job_accessibility,28,0.2114296070236175,False
Rochester,unemployment_rate,log1p_atm_density_500m,29,-0.09176241558989803,False
Rochester,unemployment_rate,log1p_nearest_other_atm,29,0.024997090254179406,False
Rochester,log1p_employment_density,log1p_retail_employment_density,28,-0.3375831485587583,False
Rochester,log1p_employment_density,employment_mix,28,-0.6707317073170731,False
Rochester,log1p_employment_density,log1p_road_network_density,28,0.70509977827051,False
Rochester,log1p_employment_density,log1p_auto_road_density,28,0.4187290816146257,False
Rochester,log1p_employment_density,log1p_intersection_density,28,0.8386917960088692,False
Rochester,log1p_employment_density,log1p_transit_service_density,28,0.5676274944567627,False
Rochester,log1p_employment_density,log1p_auto_job_accessibility,28,0.0803769401330377,False
Rochester,log1p_employment_density,log1p_atm_density_500m,28,0.6729773518987284,False
Rochester,log1p_employment_density,log1p_nearest_other_atm,28,-0.5602188039355367,False
Rochester,log1p_retail_employment_density,employment_mix,28,0.055986696230598675,False
Rochester,log1p_retail_employment_density,log1p_road_network_density,28,-0.3885809312638581,False
Rochester,log1p_retail_employment_density,log1p_auto_road_density,28,-0.4346862943225931,False
Rochester,log1p_retail_employment_density,log1p_intersection_density,28,-0.19678492239467849,False
Rochester,log1p_retail_employment_density,log1p_transit_service_density,28,-0.32538802660753885,False
Rochester,log1p_retail_employment_density,log1p_auto_job_accessibility,28,-0.3292682926829269,False
Rochester,log1p_retail_employment_density,log1p_atm_density_500m,28,-0.3343381305129601,False
Rochester,log1p_retail_employment_density,log1p_nearest_other_atm,28,0.05042795923276105,False
Rochester,employment_mix,log1p_road_network_density,28,-0.389689578713969,False
Rochester,employment_mix,log1p_auto_road_density,28,-0.013593181195675923,False
Rochester,employment_mix,log1p_intersection_density,28,-0.5787139689578714,False
Rochester,employment_mix,log1p_transit_service_density,28,0.05155210643015521,False
Rochester,employment_mix,log1p_auto_job_accessibility,28,0.3630820399113083,False
Rochester,employment_mix,log1p_atm_density_500m,28,-0.2993559247474531,False
Rochester,employment_mix,log1p_nearest_other_atm,28,0.41224167766235265,False
Rochester,log1p_road_network_density,log1p_auto_road_density,28,0.7576720996894144,False
Rochester,log1p_road_network_density,log1p_intersection_density,28,0.7899113082039911,False
Rochester,log1p_road_network_density,log1p_transit_service_density,28,0.5299334811529934,False
Rochester,log1p_road_network_density,log1p_auto_job_accessibility,28,0.22450110864745013,False
Rochester,log1p_road_network_density,log1p_atm_density_500m,28,0.6425829763975504,False
Rochester,log1p_road_network_density,log1p_nearest_other_atm,28,-0.4783767061643343,False
Rochester,log1p_auto_road_density,log1p_intersection_density,28,0.322099293549712,False
Rochester,log1p_auto_road_density,log1p_transit_service_density,28,0.49703762545928043,False
Rochester,log1p_auto_road_density,log1p_auto_job_accessibility,28,0.4172515619194435,False
Rochester,log1p_auto_road_density,log1p_atm_density_500m,28,0.31503960817290694,False
Rochester,log1p_auto_road_density,log1p_nearest_other_atm,28,0.015277540729031857,False
Rochester,log1p_intersection_density,log1p_transit_service_density,28,0.549889135254989,False
Rochester,log1p_intersection_density,log1p_auto_job_accessibility,28,0.02716186252771619,False
Rochester,log1p_intersection_density,log1p_atm_density_500m,28,0.7234434848063451,False
Rochester,log1p_intersection_density,log1p_nearest_other_atm,28,-0.7175650592465015,False
Rochester,log1p_transit_service_density,log1p_auto_job_accessibility,28,0.5243902439024392,False
Rochester,log1p_transit_service_density,log1p_atm_density_500m,28,0.5889627101832076,False
Rochester,log1p_transit_service_density,log1p_nearest_other_atm,28,-0.31276357229062185,False
Rochester,log1p_auto_job_accessibility,log1p_atm_density_500m,28,0.15311883507197313,False
Rochester,log1p_auto_job_accessibility,log1p_nearest_other_atm,28,0.13888355985416156,False
Rochester,log1p_atm_density_500m,log1p_nearest_other_atm,29,-0.7655517553667602,False
ALL,log1p_background_primary,log1p_population_density,1192,0.397535359039984,False
ALL,log1p_background_primary,log1p_median_household_income,1029,0.22945187271049042,False
ALL,log1p_background_primary,unemployment_rate,1171,0.06825142050621885,False
ALL,log1p_background_primary,log1p_employment_density,1146,0.6677560455892904,False
ALL,log1p_background_primary,log1p_retail_employment_density,1146,0.6189260301270405,False
ALL,log1p_background_primary,employment_mix,1146,0.0514442416194316,False
ALL,log1p_background_primary,log1p_road_network_density,1146,0.2594083769588275,False
ALL,log1p_background_primary,log1p_auto_road_density,1146,0.20082372125383366,False
ALL,log1p_background_primary,log1p_intersection_density,1146,-0.18051030616933078,False
ALL,log1p_background_primary,log1p_transit_service_density,1145,0.7861004081851235,False
ALL,log1p_background_primary,log1p_auto_job_accessibility,1146,0.6015523231074227,False
ALL,log1p_background_primary,log1p_atm_density_500m,1192,0.5680493641273437,False
ALL,log1p_background_primary,log1p_nearest_other_atm,1192,-0.25583871813587106,False
ALL,log1p_population_density,log1p_median_household_income,1029,0.11567657219865617,False
ALL,log1p_population_density,unemployment_rate,1171,0.07350954397687057,False
ALL,log1p_population_density,log1p_employment_density,1146,0.22270784305983585,False
ALL,log1p_population_density,log1p_retail_employment_density,1146,0.26337799380954585,False
ALL,log1p_population_density,employment_mix,1146,0.040410710277935386,False
ALL,log1p_population_density,log1p_road_network_density,1146,0.13714124990111992,False
ALL,log1p_population_density,log1p_auto_road_density,1146,-0.09481641801817793,False
ALL,log1p_population_density,log1p_intersection_density,1146,-0.2410865690082129,False
ALL,log1p_population_density,log1p_transit_service_density,1145,0.5851992323702111,False
ALL,log1p_population_density,log1p_auto_job_accessibility,1146,0.25917038247350893,False
ALL,log1p_population_density,log1p_atm_density_500m,1192,0.24560831811227526,False
ALL,log1p_population_density,log1p_nearest_other_atm,1192,-0.2260117645224865,False
ALL,log1p_median_household_income,unemployment_rate,1029,-0.25652239440423763,False
ALL,log1p_median_household_income,log1p_employment_density,988,0.33719736016287544,False
ALL,log1p_median_household_income,log1p_retail_employment_density,988,0.27150740097221576,False
ALL,log1p_median_household_income,employment_mix,988,0.05367922057120432,False
ALL,log1p_median_household_income,log1p_road_network_density,988,0.2273235036569802,False
ALL,log1p_median_household_income,log1p_auto_road_density,988,0.21360800495773305,False
ALL,log1p_median_household_income,log1p_intersection_density,988,-0.15351260909376235,False
ALL,log1p_median_household_income,log1p_transit_service_density,987,0.3767356710056267,False
ALL,log1p_median_household_income,log1p_auto_job_accessibility,988,0.3741185974949485,False
ALL,log1p_median_household_income,log1p_atm_density_500m,1029,0.3840448339713029,False
ALL,log1p_median_household_income,log1p_nearest_other_atm,1029,-0.11783491375505648,False
ALL,unemployment_rate,log1p_employment_density,1126,-0.03555747993591216,False
ALL,unemployment_rate,log1p_retail_employment_density,1126,0.005111084519212907,False
ALL,unemployment_rate,employment_mix,1126,-0.03436127893859976,False
ALL,unemployment_rate,log1p_road_network_density,1126,-0.018011820632202864,False
ALL,unemployment_rate,log1p_auto_road_density,1126,-0.08542786683942792,False
ALL,unemployment_rate,log1p_intersection_density,1126,0.025240871460824474,False
ALL,unemployment_rate,log1p_transit_service_density,1125,0.009276843020073342,False
ALL,unemployment_rate,log1p_auto_job_accessibility,1126,-0.04075792884876384,False
ALL,unemployment_rate,log1p_atm_density_500m,1171,-0.06257329523894797,False
ALL,unemployment_rate,log1p_nearest_other_atm,1171,0.06793810092327537,False
ALL,log1p_employment_density,log1p_retail_employment_density,1146,0.7196798854744795,False
ALL,log1p_employment_density,employment_mix,1146,-0.10834170403487511,False
ALL,log1p_employment_density,log1p_road_network_density,1146,0.2941395624523006,False
ALL,log1p_employment_density,log1p_auto_road_density,1146,0.3400705623367953,False
ALL,log1p_employment_density,log1p_intersection_density,1146,-0.1950429559710442,False
ALL,log1p_employment_density,log1p_transit_service_density,1145,0.6834764047866144,False
ALL,log1p_employment_density,log1p_auto_job_accessibility,1146,0.5381510571491769,False
ALL,log1p_employment_density,log1p_atm_density_500m,1146,0.7366515456609094,False
ALL,log1p_employment_density,log1p_nearest_other_atm,1146,-0.33917862328915177,False
ALL,log1p_retail_employment_density,employment_mix,1146,0.21058219894839403,False
ALL,log1p_retail_employment_density,log1p_road_network_density,1146,0.17256124311781607,False
ALL,log1p_retail_employment_density,log1p_auto_road_density,1146,0.13214376605910905,False
ALL,log1p_retail_employment_density,log1p_intersection_density,1146,-0.1889761986376375,False
ALL,log1p_retail_employment_density,log1p_transit_service_density,1145,0.6354839130206493,False
ALL,log1p_retail_employment_density,log1p_auto_job_accessibility,1146,0.4809479408613986,False
ALL,log1p_retail_employment_density,log1p_atm_density_500m,1146,0.6400091138225454,False
ALL,log1p_retail_employment_density,log1p_nearest_other_atm,1146,-0.344768396915123,False
ALL,employment_mix,log1p_road_network_density,1146,-0.027243841667867637,False
ALL,employment_mix,log1p_auto_road_density,1146,0.0029724537820069253,False
ALL,employment_mix,log1p_intersection_density,1146,-0.10381119231023683,False
ALL,employment_mix,log1p_transit_service_density,1145,0.050670339454736264,False
ALL,employment_mix,log1p_auto_job_accessibility,1146,0.09530414600677264,False
ALL,employment_mix,log1p_atm_density_500m,1146,0.13853286503855844,False
ALL,employment_mix,log1p_nearest_other_atm,1146,-0.09087808500414757,False
ALL,log1p_road_network_density,log1p_auto_road_density,1146,0.22359255817154033,False
ALL,log1p_road_network_density,log1p_intersection_density,1146,0.34679519203763126,False
ALL,log1p_road_network_density,log1p_transit_service_density,1145,0.3004041659552781,False
ALL,log1p_road_network_density,log1p_auto_job_accessibility,1146,0.2604786578141214,False
ALL,log1p_road_network_density,log1p_atm_density_500m,1146,0.22148814287650911,False
ALL,log1p_road_network_density,log1p_nearest_other_atm,1146,-0.1014005188689965,False
ALL,log1p_auto_road_density,log1p_intersection_density,1146,-0.2703939749848734,False
ALL,log1p_auto_road_density,log1p_transit_service_density,1145,0.17182976338797065,False
ALL,log1p_auto_road_density,log1p_auto_job_accessibility,1146,0.2598414016282642,False
ALL,log1p_auto_road_density,log1p_atm_density_500m,1146,0.2454391823191895,False
ALL,log1p_auto_road_density,log1p_nearest_other_atm,1146,0.018023085175666254,False
ALL,log1p_intersection_density,log1p_transit_service_density,1145,-0.2979957683840332,False
ALL,log1p_intersection_density,log1p_auto_job_accessibility,1146,-0.1348801165228292,False
ALL,log1p_intersection_density,log1p_atm_density_500m,1146,-0.24889433972854916,False
ALL,log1p_intersection_density,log1p_nearest_other_atm,1146,0.10500614152884219,False
ALL,log1p_transit_service_density,log1p_auto_job_accessibility,1145,0.5923688863708737,False
ALL,log1p_transit_service_density,log1p_atm_density_500m,1145,0.6753174560724701,False
ALL,log1p_transit_service_density,log1p_nearest_other_atm,1145,-0.3244386474109166,False
ALL,log1p_auto_job_accessibility,log1p_atm_density_500m,1146,0.5081216663576437,False
ALL,log1p_auto_job_accessibility,log1p_nearest_other_atm,1146,-0.2274923235474453,False
ALL,log1p_atm_density_500m,log1p_nearest_other_atm,1192,-0.510532403518005,False
