file,bytes,sha256
data/processed/atm_panel_2025_full_year.csv,478436,d86d6ef3fb13420cec5825192fc53290839e5ae6ad170a50055440330a46eba5
data/processed/atm_panel_2025_historical.csv,912144,990058bb8a63a2751b37852db3c41913835bedb0f13e3b8fb9530f32dc4d9325
data/processed/census/block_group_context.csv,1977112,82541c9f438b55a874523629c3cc6eeddaff088c9ba03a5c93a5f5d9ef569c1a
data/raw/atm_history/dfs_2024-12-15_v270.csv,557493,66a1073a80cc8cb55294490e05660eb6c7422b5bb3590bc2534b5e6c1409b191
data/raw/atm_history/dfs_2024-12-15_v270.csv.request.json,301,60250e7f2f03ed3ec8dcc8efeab5823b7fa4759f4826e12ba085b9dc6cf50b07
data/raw/boundaries/cities.geojson,141444,78abf4118320a28975d55de403c1ff9d709e7b2f4a62c7364973ea910a5cc52d
data/raw/census/acs2023_5year/B01003.json,199414,663e1dbe57ab2f71f0ac430fd5524b0d66f17dfbec13463a31eae75085152259
data/raw/census/acs2023_5year/B01003.request.json,305,45be3245520896c74cd51ca692bd1d7ac74d606af173ea70e11dd2f4b496bb7a
data/raw/census/acs2023_5year/B19013.json,199950,44dd3590b59a19c32cb09ae70a24a1cfbb2c65af5d164ed81065e1ff7689e648
data/raw/census/acs2023_5year/B19013.request.json,305,c18f1a1a7e27744dada3a466e0c7d947a70e15a1bc761bbe6eb0e97aa44900f5
data/raw/census/acs2023_5year/B23025.json,207718,97530a7e1e25694e2bbd3a2584ee6ad2d6686cdffad6a174ca06e4cee7b9855d
data/raw/census/acs2023_5year/B23025.request.json,305,456da5ea9d714f1fe77ac5645bba1079f11ca63529334891b50ec70459a92a4d
data/raw/census/acs2023_5year/county_005.json,211537,e6123ebcd18e67f510b602a7824a134edef7b4d995e29edfcff13a1cc437241e
data/raw/census/acs2023_5year/county_005.request.json,575,817f239609539e8132dcac892406ba35af687b506e71111a7786cba00a49cb96
data/raw/census/acs2023_5year/county_029.json,143840,a745c9d1f56f620baeb1d2f9fd0adb66b4beab3796c38eaea30efbe23f6c6915
data/raw/census/acs2023_5year/county_029.request.json,575,8e8f60fb1f94478637c906c44a567f2d609d2106cce4ab50a1cd3b219578ada3
data/raw/census/acs2023_5year/county_047.json,383636,866618c6975bf79bf22bcd64e28e7c18ecbd38d0a2ef7846930e413e77db67be
data/raw/census/acs2023_5year/county_047.request.json,575,1639a7da84032963ad61ca194f2fb93f39443e104809504052ffbf8f6c712b9e
data/raw/census/acs2023_5year/county_055.json,106947,b70528982469c1016e5d9f9afe19a8f7c9ee78649a4da129e757902dc623d37d
data/raw/census/acs2023_5year/county_055.request.json,575,3854daf3ff0671a1c7f0e30472381d2f91bb0bafcd144bcb985621a601db0387
data/raw/census/acs2023_5year/county_061.json,236005,9887461cfa25c87c30f92e50746d1d9ea66cbb88a212e7d39897b3190def13ab
data/raw/census/acs2023_5year/county_061.request.json,575,45ec7cd5d3a29250caab34ac0272bebb2c5e200bb3ec283d2a0f1e993d5ea4a2
data/raw/census/acs2023_5year/county_081.json,323083,e3f59762a2bb03a3082be00eccd3c2be575129cc32d5c8aa965a5bd4848079e2
data/raw/census/acs2023_5year/county_081.request.json,575,46a92f7a914d9a80b9d40c2e8de444123227590bee8f8a7e125736a8bfc8c69d
data/raw/census/acs2023_5year/county_085.json,68275,93182e66b800cebcb46f47c4614a928ca34f35c15b00ef37a185da3d4a103662
data/raw/census/acs2023_5year/county_085.request.json,575,a19de15432fe2583c4064461339a8e46890236b5665f65a82eb71ae8b25812e0
data/raw/phase3/acs2023/county_005.geojson,1161069,09a7271f88076fd2d1887ff7739a16042814576b6f1dd3c8a16e57c3770c503c
data/raw/phase3/acs2023/county_005.geojson.request.json,849,5f414ea1a750c0103a629baedea70d2473a5168e88df79e285aa8fbe4d2e827c
data/raw/phase3/acs2023/county_005_count.json,14,b89e50830dcb48b4ac94c42ed1940ecafe0d87f8d59acdf14b089ee7b541b2c1
data/raw/phase3/acs2023/county_005_count.json.request.json,566,484462a86c469efa89f5c26cb69dd3f02439dce0ebdc561df47c579a5c5df0d7
data/raw/phase3/acs2023/county_029.geojson,2521030,744cba7ee7144f9771c9b2de8f1e244ee3cda614e6321f925dbd5c87fe58d596
data/raw/phase3/acs2023/county_029.geojson.request.json,849,3bd7159d4a5b55b138880b36f87c51811aca3e5ecccd57e70ecdda20071a895d
data/raw/phase3/acs2023/county_029_count.json,13,306443950226bfe239c6c1ad9a63e8d8af1ea9a7efbcca6e0cc54a7a61a0f78d
data/raw/phase3/acs2023/county_029_count.json.request.json,566,9ab0b539a31f41528eccb8b1395d697426d6567d81ae99724864ec2ba564c671
data/raw/phase3/acs2023/county_047.geojson,1823772,7a083a43ed776451a0e427820cbc3d62ada3928e8c745bf7ec8d7df4a0320147
data/raw/phase3/acs2023/county_047.geojson.request.json,849,9405b53c125d4d816fc1a63cd2bd3c3b8ace62c602c2c19a169a8a3932160474
data/raw/phase3/acs2023/county_047_count.json,14,d7ca9a31f7eca9ca711e542fc045fa403d706652c773a6376e43b97978736875
data/raw/phase3/acs2023/county_047_count.json.request.json,566,a10b278888f5294e9ae1bd5220c9bb72d30f333e423a08e0706e5f1ae807a0a8
data/raw/phase3/acs2023/county_055.geojson,2055531,d7dddf53753d008200aaeb2781c3d49bfc0f63097f4077cd3460d4d229d623a6
data/raw/phase3/acs2023/county_055.geojson.request.json,849,7e2153d91bc54962b9f2d0a8217d9114ada21a6d2f93815f24cf0f4406997ee0
data/raw/phase3/acs2023/county_055_count.json,13,c12fa34e3188f1e0d188b9692084ce2f6aff1ed942323a1e192e9bb3ebdcb053
data/raw/phase3/acs2023/county_055_count.json.request.json,566,e9f8e340e006b3e6f9480a89de12b12c2a2ea0422f098d2aa1fbcb7aad46a7de
data/raw/phase3/acs2023/county_061.geojson,1045382,310a6ebe3f78b2a17368a4f9a684bd8f4df72c5c295cb19b61279e79d9802f40
data/raw/phase3/acs2023/county_061.geojson.request.json,849,ce6b757ac406c229599eadbd4580b9d157f9b12d0aeee7ea28849642457ffe69
data/raw/phase3/acs2023/county_061_count.json,14,847af004bc1303d61feb37933c3792ab703673baa85be9315547d129438b914c
data/raw/phase3/acs2023/county_061_count.json.request.json,566,4c47bee06e7f061649d28df11fa5ee1189fb2ddac46ec96c95e39a5f2a8a0783
data/raw/phase3/acs2023/county_081.geojson,2680371,d235edbac4d88499d931164452ed63c1138a11a1dc813ca210cbea1744bf3749
data/raw/phase3/acs2023/county_081.geojson.request.json,849,01f755db999487b1a6c9f686a01bb8251dff9da429695c9df4219bcc10a71377
data/raw/phase3/acs2023/county_081_count.json,14,9d0062f1ec3c89937262d7ae87e4abd5bb156534d36e554daeb2bb0a926b1381
data/raw/phase3/acs2023/county_081_count.json.request.json,566,d048439251525523013aaf909f98f4753e2f0655e0b41e596c882a0d7605f7cf
data/raw/phase3/acs2023/county_085.geojson,766591,8c66ea5e7149c86b9baaa1ce9a6b69750b29637c071244186f741818b1464169
data/raw/phase3/acs2023/county_085.geojson.request.json,848,29977aa93bba2aa61419e981c392d5c653599642e55ad6c344a32754ede6ab7c
data/raw/phase3/acs2023/county_085_count.json,13,4ffd4699714ff3a9450296a3397362529b51138a75f6824946c8bf66c0573fec
data/raw/phase3/acs2023/county_085_count.json.request.json,566,f6b16e49d5923f8bdcf6bd987104fd2807e4b1efa06d56e78fd8fba46cfb4d27
data/raw/phase3/acs2023_layer.json,6092,276fd2b78165074f9c33f020463cc78e9206b2347cdca46270a29878c8ae675a
data/raw/phase3/acs2023_layer.json.request.json,414,639cb50e0cbbd3fb0b6b90bd931ef64f53b7f6a03424bec91f530855e462b4c8
data/raw/phase3/sld2021/county_005.geojson,921537,21c29563fb2009f1aac47296871af2477ff7e84f964db18cb075a6c5aa97bbf3
data/raw/phase3/sld2021/county_005.geojson.request.json,966,9974fb2ef7f984800de100c93e44fbc4f2ad117330eed302b5fd0e7ce14ecb5b
data/raw/phase3/sld2021/county_005_count.json,14,f25634b0b92a15a519ac5e0c378a9ff334516d5d8f6290ef3207107f8a7684c1
data/raw/phase3/sld2021/county_005_count.json.request.json,554,478528a37f658840eae25241b42b7c15e6fe6b59a95e4e61532b8c37d7933509
data/raw/phase3/sld2021/county_029.geojson,1071276,8e0382c3fe62929ee83c1512b04d03c515a8103da8831523f057c6dacadc8d85
data/raw/phase3/sld2021/county_029.geojson.request.json,967,48c7bd0e93dbd98192fa719701ebd31328ba645c66ff98a6e2fb20fe3a6941b3
data/raw/phase3/sld2021/county_029_count.json,13,1de0cbae5dd51ea3236fae0f055f5aa802af047cff82cf8ae1b2ef07b89a4112
data/raw/phase3/sld2021/county_029_count.json.request.json,554,97dbf00d472f7ad9c816eda3f0db3057a1ffc4669d7e4b3fcf93b4436dab804f
data/raw/phase3/sld2021/county_047.geojson,1494153,7a2e551c5bd6557d5725cd6bdb9d4005c8990b6d9cbb42c1956525d366e385c3
data/raw/phase3/sld2021/county_047.geojson.request.json,967,fb17dccbb2072006297d26384258ab753772cf03ca07c8da0402b5bc0db7be6b
data/raw/phase3/sld2021/county_047_count.json,14,8bdc5ce4db5a1a505f5d045c8429de7f4950b1f78944592951a08f55e76f65c2
data/raw/phase3/sld2021/county_047_count.json.request.json,554,17ea09d185431f23e7903893e9a1c7e40662ac8a532ae2dbaca4b93d2db1dae4
data/raw/phase3/sld2021/county_055.geojson,816294,30074bc26ab934d568513fad0cf75f86b79b87c95c01d16506d410ae5eff0bdf
data/raw/phase3/sld2021/county_055.geojson.request.json,966,f1b97c7ea52419c2baa8fec8a5c037d1ea4bbacf63ce98365b5f44330b5e8ca2
data/raw/phase3/sld2021/county_055_count.json,13,2cee8e7b886f168b6b1e9fa84ff3551d39a8d656593932045e7398e87442b42f
data/raw/phase3/sld2021/county_055_count.json.request.json,554,52ebdc20b5b919de2355235703baf5e75ccd6ed3e615f29e47687fed03ece469
data/raw/phase3/sld2021/county_061.geojson,794778,2b2fa1bb032d8a6b9d55ab8000751c4578cc01d1a00c949d7838471a245bf462
data/raw/phase3/sld2021/county_061.geojson.request.json,966,0d71cfd0afd8877c0e5042a3ffd1f3ffc24550e8ea1991498620b5c8e435ced3
data/raw/phase3/sld2021/county_061_count.json,14,61da9b468194690f3ad8831d6fc04b6e377a5b797b8bba798fdc57005b34a02f
data/raw/phase3/sld2021/county_061_count.json.request.json,554,f2b28551634e223dbeac6c1e94be3bd22c0c14b5e3fb2be60a115dbb3d2511a0
data/raw/phase3/sld2021/county_081.geojson,1500969,b6aca23cea94ce76bef763d1ba6a3c006c1921405a0a0cf50ae43e06e4823e85
data/raw/phase3/sld2021/county_081.geojson.request.json,967,b7c06738845bcf3214e05763f45f10e98e81bd0f995d07d05a305ba9673dfba2
data/raw/phase3/sld2021/county_081_count.json,14,0d8c050b813a561ed3cb07a50bb5b6e5ab13ee5630b1307319bb5d6a0857554b
data/raw/phase3/sld2021/county_081_count.json.request.json,554,67382ba15842b13a4f8a50cf04e2cce007154cf1e54fd1a07f9096cd0286c4ad
data/raw/phase3/sld2021/county_085.geojson,347465,3139a5c332f66d42f4721988567912538cd6af2a3c164d76209224109d219d90
data/raw/phase3/sld2021/county_085.geojson.request.json,966,d580cad1e4a0f65d59250f13403977232c8537dba6e0146e55005890841f3c47
data/raw/phase3/sld2021/county_085_count.json,13,e73abebbaa38adb1e247abb5823b7cf05ea163992e7afa30293709a9fa0ac88e
data/raw/phase3/sld2021/county_085_count.json.request.json,554,8dbcc4fddf27a4653dd9e1184e2648f26e76c0d23f6f4c40cda96d7112f4e900
data/raw/phase3/sld2021_layer.json,33765,ee7673d86296ff24442384dbbd0a8d67d5297370be5112e31c8a45059f5f23dc
data/raw/phase3/sld2021_layer.json.request.json,395,ba466f989761b8217a920051b1fdae88444e6f303186622143f20cb95454f0e1
data/raw/phase3/sld2021_user_guide.pdf,2327386,a849793a5838333e6c3c22e348b98abb2cefada2f81873a8a65cbc60612db461
data/raw/phase3/sld2021_user_guide.pdf.request.json,425,3259f80a705c5b55b47eb7323f7bdd4f285155d1e3f6655ec1cf264f86b24268
protocol/phase3_feature_spec_v1.0.md,5904,91148667d180ca0ef46f2b8def3e63cb70b9c5ac1daea2e177cf7dce6c2582cc
scripts/build_phase3.py,20063,c9b632d132ca16b2a23048ab46b0c86c1e1b5b5a6875706f625d88bc5ab31eec
scripts/download_phase3.py,4306,846ee795d514898e5ce96de5517e9daf029c2f0f04ff2425311fe3fe0229ae14
scripts/report_phase3.py,22201,ac45b71f053256e01d345758536087bedf0d6f449d8bf57b4f3e5a7ea165f830
scripts/validate_phase3.py,9946,e7675b74fa49b3a88086fbb8fdacc3eb49ac3ce6a5b1f790993aded003c90ded
